camera_id,image_path
2701,C:\Users\Setekh\Desktop\ISY5002-Project\datasets\raw-2026-week1\2701\20260913T124023Z_2701_1240_97acd1b15491.jpg
2701,C:\Users\Setekh\Desktop\ISY5002-Project\datasets\raw-2026-week1\2701\20260913T164052Z_2701_1640_8f97eda858a9.jpg
2701,C:\Users\Setekh\Desktop\ISY5002-Project\datasets\raw-2026-week1\2701\20260913T165033Z_2701_1650_a9151b05f30a.jpg
2701,C:\Users\Setekh\Desktop\ISY5002-Project\datasets\raw-2026-week1\2701\20260913T165553Z_2701_1655_c464f96f914c.jpg
2701,C:\Users\Setekh\Desktop\ISY5002-Project\datasets\raw-2026-week1\2701\20260913T170053Z_2701_1700_75dcf7d37652.jpg
2701,C:\Users\Setekh\Desktop\ISY5002-Project\datasets\raw-2026-week1\2701\20260913T171053Z_2701_1710_3d9cc0d43aa4.jpg
2701,C:\Users\Setekh\Desktop\ISY5002-Project\datasets\raw-2026-week1\2701\20260913T172054Z_2701_1720_d36b37fe2237.jpg
2701,C:\Users\Setekh\Desktop\ISY5002-Project\datasets\raw-2026-week1\2701\20260913T172554Z_2701_1725_5b7c4d3aa904.jpg
2701,C:\Users\Setekh\Desktop\ISY5002-Project\datasets\raw-2026-week1\2701\20260913T173034Z_2701_1730_0b891a772a1e.jpg
2701,C:\Users\Setekh\Desktop\ISY5002-Project\datasets\raw-2026-week1\2701\20260913T174034Z_2701_1740_6294791919d1.jpg
2701,C:\Users\Setekh\Desktop\ISY5002-Project\datasets\raw-2026-week1\2701\20260913T175055Z_2701_1750_4d0210bbcf74.jpg
2701,C:\Users\Setekh\Desktop\ISY5002-Project\datasets\raw-2026-week1\2701\20260913T180055Z_2701_1800_0d0564fd046a.jpg
2701,C:\Users\Setekh\Desktop\ISY5002-Project\datasets\raw-2026-week1\2701\20260913T180535Z_2701_1805_b632bbde4ddf.jpg
2701,C:\Users\Setekh\Desktop\ISY5002-Project\datasets\raw-2026-week1\2701\20260913T181556Z_2701_1815_b2683f8c24e7.jpg
2701,C:\Users\Setekh\Desktop\ISY5002-Project\datasets\raw-2026-week1\2701\20260913T191038Z_2701_1910_29f0229c2f34.jpg
2701,C:\Users\Setekh\Desktop\ISY5002-Project\datasets\raw-2026-week1\2701\20260913T192018Z_2701_1920_fe08eb249d4f.jpg
2701,C:\Users\Setekh\Desktop\ISY5002-Project\datasets\raw-2026-week1\2701\20260913T212103Z_2701_2121_f3562644cdff.jpg
2701,C:\Users\Setekh\Desktop\ISY5002-Project\datasets\raw-2026-week1\2701\20260913T212603Z_2701_2126_5c23b89d75d4.jpg
2701,C:\Users\Setekh\Desktop\ISY5002-Project\datasets\raw-2026-week1\2701\20260913T231547Z_2701_2315_8eee7e3beb7a.jpg
2701,C:\Users\Setekh\Desktop\ISY5002-Project\datasets\raw-2026-week1\2701\20260913T232027Z_2701_2320_50f115ebfc82.jpg
2701,C:\Users\Setekh\Desktop\ISY5002-Project\datasets\raw-2026-week1\2701\20260914T005550Z_2701_0055_27cfab266769.jpg
2701,C:\Users\Setekh\Desktop\ISY5002-Project\datasets\raw-2026-week1\2701\20260914T010031Z_2701_0100_be26bee03c8c.jpg
2701,C:\Users\Setekh\Desktop\ISY5002-Project\datasets\raw-2026-week1\2701\20260914T011031Z_2701_0110_9c757c7b5f86.jpg
2701,C:\Users\Setekh\Desktop\ISY5002-Project\datasets\raw-2026-week1\2701\20260914T012051Z_2701_0120_0838800d7c59.jpg
2701,C:\Users\Setekh\Desktop\ISY5002-Project\datasets\raw-2026-week1\2701\20260914T013032Z_2701_0130_81ae069689b9.jpg
2701,C:\Users\Setekh\Desktop\ISY5002-Project\datasets\raw-2026-week1\2701\20260914T014052Z_2701_0140_5df32f273204.jpg
2701,C:\Users\Setekh\Desktop\ISY5002-Project\datasets\raw-2026-week1\2701\20260914T015052Z_2701_0150_918acaefe03e.jpg
2701,C:\Users\Setekh\Desktop\ISY5002-Project\datasets\raw-2026-week1\2701\20260914T020033Z_2701_0200_572b327fd98f.jpg
2701,C:\Users\Setekh\Desktop\ISY5002-Project\datasets\raw-2026-week1\2701\20260914T021033Z_2701_0210_6f1b3dcecb79.jpg
2701,C:\Users\Setekh\Desktop\ISY5002-Project\datasets\raw-2026-week1\2701\20260914T022053Z_2701_0220_d4471979c391.jpg
2701,C:\Users\Setekh\Desktop\ISY5002-Project\datasets\raw-2026-week1\2701\20260914T023034Z_2701_0230_e4a165193cde.jpg
2701,C:\Users\Setekh\Desktop\ISY5002-Project\datasets\raw-2026-week1\2701\20260914T024034Z_2701_0240_8b6bf8e22ef9.jpg
2701,C:\Users\Setekh\Desktop\ISY5002-Project\datasets\raw-2026-week1\2701\20260914T025055Z_2701_0250_40eb36ce42da.jpg
2701,C:\Users\Setekh\Desktop\ISY5002-Project\datasets\raw-2026-week1\2701\20260914T030035Z_2701_0300_ed3362c81a6b.jpg
2701,C:\Users\Setekh\Desktop\ISY5002-Project\datasets\raw-2026-week1\2701\20260914T031055Z_2701_0310_72964a8705ea.jpg
2701,C:\Users\Setekh\Desktop\ISY5002-Project\datasets\raw-2026-week1\2701\20260914T031556Z_2701_0315_c296b250a490.jpg
2701,C:\Users\Setekh\Desktop\ISY5002-Project\datasets\raw-2026-week1\2701\20260914T033056Z_2701_0330_f1d1532ed746.jpg
2701,C:\Users\Setekh\Desktop\ISY5002-Project\datasets\raw-2026-week1\2701\20260914T034056Z_2701_0340_32a34895cf2b.jpg
2701,C:\Users\Setekh\Desktop\ISY5002-Project\datasets\raw-2026-week1\2701\20260914T034617Z_2701_0346_227fbb62218d.jpg
2701,C:\Users\Setekh\Desktop\ISY5002-Project\datasets\raw-2026-week1\2701\20260914T035557Z_2701_0355_df58eddcf714.jpg
2701,C:\Users\Setekh\Desktop\ISY5002-Project\datasets\raw-2026-week1\2701\20260914T040557Z_2701_0405_ce6b3c05cb21.jpg
2701,C:\Users\Setekh\Desktop\ISY5002-Project\datasets\raw-2026-week1\2701\20260914T041558Z_2701_0415_0cbde4352699.jpg
2701,C:\Users\Setekh\Desktop\ISY5002-Project\datasets\raw-2026-week1\2701\20260914T043018Z_2701_0430_3d30c69cb402.jpg
2701,C:\Users\Setekh\Desktop\ISY5002-Project\datasets\raw-2026-week1\2701\20260914T043559Z_2701_0435_e3733fb2e0cb.jpg
2701,C:\Users\Setekh\Desktop\ISY5002-Project\datasets\raw-2026-week1\2701\20260914T045039Z_2701_0450_7f62e8135f0c.jpg
2701,C:\Users\Setekh\Desktop\ISY5002-Project\datasets\raw-2026-week1\2701\20260914T045559Z_2701_0455_047e907515a3.jpg
2701,C:\Users\Setekh\Desktop\ISY5002-Project\datasets\raw-2026-week1\2701\20260914T051040Z_2701_0510_f07742fd3bee.jpg
2701,C:\Users\Setekh\Desktop\ISY5002-Project\datasets\raw-2026-week1\2701\20260914T051540Z_2701_0515_92f27e548b85.jpg
2701,C:\Users\Setekh\Desktop\ISY5002-Project\datasets\raw-2026-week1\2701\20260914T052600Z_2701_0526_bbff4c7e5adc.jpg
2701,C:\Users\Setekh\Desktop\ISY5002-Project\datasets\raw-2026-week1\2701\20260914T054041Z_2701_0540_ae17c7980d96.jpg
2701,C:\Users\Setekh\Desktop\ISY5002-Project\datasets\raw-2026-week1\2701\20260914T054601Z_2701_0546_a4a9d10dae33.jpg
2701,C:\Users\Setekh\Desktop\ISY5002-Project\datasets\raw-2026-week1\2701\20260914T060042Z_2701_0600_b3d8c4765fd7.jpg
2701,C:\Users\Setekh\Desktop\ISY5002-Project\datasets\raw-2026-week1\2701\20260914T060542Z_2701_0605_fc52ae8d5e0e.jpg
2701,C:\Users\Setekh\Desktop\ISY5002-Project\datasets\raw-2026-week1\2701\20260914T061602Z_2701_0616_57c29ba9994f.jpg
2701,C:\Users\Setekh\Desktop\ISY5002-Project\datasets\raw-2026-week1\2701\20260914T063043Z_2701_0630_e14b8969ef0e.jpg
2701,C:\Users\Setekh\Desktop\ISY5002-Project\datasets\raw-2026-week1\2701\20260914T063543Z_2701_0635_3d5eb07ca17d.jpg
2701,C:\Users\Setekh\Desktop\ISY5002-Project\datasets\raw-2026-week1\2701\20260914T064043Z_2701_0640_82876eba73a9.jpg
2701,C:\Users\Setekh\Desktop\ISY5002-Project\datasets\raw-2026-week1\2701\20260914T064603Z_2701_0646_7cb0737b6dfa.jpg
2701,C:\Users\Setekh\Desktop\ISY5002-Project\datasets\raw-2026-week1\2701\20260914T070024Z_2701_0700_42b7d3fd2206.jpg
2701,C:\Users\Setekh\Desktop\ISY5002-Project\datasets\raw-2026-week1\2701\20260914T071024Z_2701_0710_5157c90a6132.jpg
2701,C:\Users\Setekh\Desktop\ISY5002-Project\datasets\raw-2026-week1\2701\20260914T071524Z_2701_0715_b2c319de8296.jpg
2701,C:\Users\Setekh\Desktop\ISY5002-Project\datasets\raw-2026-week1\2701\20260914T073025Z_2701_0730_6433d6ad2b7a.jpg
2701,C:\Users\Setekh\Desktop\ISY5002-Project\datasets\raw-2026-week1\2701\20260914T074045Z_2701_0740_9e075d5ebfbd.jpg
2701,C:\Users\Setekh\Desktop\ISY5002-Project\datasets\raw-2026-week1\2701\20260914T075046Z_2701_0750_113990a73890.jpg
2701,C:\Users\Setekh\Desktop\ISY5002-Project\datasets\raw-2026-week1\2701\20260914T080046Z_2701_0800_d73049fa5ee0.jpg
2701,C:\Users\Setekh\Desktop\ISY5002-Project\datasets\raw-2026-week1\2701\20260914T081046Z_2701_0810_367341703dbb.jpg
2701,C:\Users\Setekh\Desktop\ISY5002-Project\datasets\raw-2026-week1\2701\20260914T081547Z_2701_0815_4dad49e2ad63.jpg
2701,C:\Users\Setekh\Desktop\ISY5002-Project\datasets\raw-2026-week1\2701\20260914T083047Z_2701_0830_cd5440d41569.jpg
2701,C:\Users\Setekh\Desktop\ISY5002-Project\datasets\raw-2026-week1\2701\20260914T084047Z_2701_0840_3f0ce915cd77.jpg
2701,C:\Users\Setekh\Desktop\ISY5002-Project\datasets\raw-2026-week1\2701\20260914T085028Z_2701_0850_a1ac7f988a65.jpg
2701,C:\Users\Setekh\Desktop\ISY5002-Project\datasets\raw-2026-week1\2701\20260914T090048Z_2701_0900_3226aae2ab98.jpg
2701,C:\Users\Setekh\Desktop\ISY5002-Project\datasets\raw-2026-week1\2701\20260914T091049Z_2701_0910_938f577e0028.jpg
2701,C:\Users\Setekh\Desktop\ISY5002-Project\datasets\raw-2026-week1\2701\20260914T092029Z_2701_0920_fba6513e2d91.jpg
2701,C:\Users\Setekh\Desktop\ISY5002-Project\datasets\raw-2026-week1\2701\20260914T092549Z_2701_0925_dfb1b2fa959d.jpg
2701,C:\Users\Setekh\Desktop\ISY5002-Project\datasets\raw-2026-week1\2701\20260914T094030Z_2701_0940_bf3ff4feb431.jpg
2701,C:\Users\Setekh\Desktop\ISY5002-Project\datasets\raw-2026-week1\2701\20260914T095050Z_2701_0950_76e515001207.jpg
2701,C:\Users\Setekh\Desktop\ISY5002-Project\datasets\raw-2026-week1\2701\20260914T100030Z_2701_1000_d1a36aa81cfe.jpg
2701,C:\Users\Setekh\Desktop\ISY5002-Project\datasets\raw-2026-week1\2701\20260914T101051Z_2701_1010_c52329c958b2.jpg
2701,C:\Users\Setekh\Desktop\ISY5002-Project\datasets\raw-2026-week1\2701\20260914T102051Z_2701_1020_aebddf216edf.jpg
2701,C:\Users\Setekh\Desktop\ISY5002-Project\datasets\raw-2026-week1\2701\20260914T103052Z_2701_1030_db7332e4577d.jpg
2701,C:\Users\Setekh\Desktop\ISY5002-Project\datasets\raw-2026-week1\2701\20260914T104052Z_2701_1040_d20d7f5a64c2.jpg
2701,C:\Users\Setekh\Desktop\ISY5002-Project\datasets\raw-2026-week1\2701\20260914T105032Z_2701_1050_279cd4aff0a2.jpg
2701,C:\Users\Setekh\Desktop\ISY5002-Project\datasets\raw-2026-week1\2701\20260914T110053Z_2701_1100_42f6dfb2b38e.jpg
2701,C:\Users\Setekh\Desktop\ISY5002-Project\datasets\raw-2026-week1\2701\20260914T111053Z_2701_1110_57315900dd87.jpg
2701,C:\Users\Setekh\Desktop\ISY5002-Project\datasets\raw-2026-week1\2701\20260914T111553Z_2701_1115_bf79ef09932d.jpg
2701,C:\Users\Setekh\Desktop\ISY5002-Project\datasets\raw-2026-week1\2701\20260914T113054Z_2701_1130_d2839739a5c6.jpg
2701,C:\Users\Setekh\Desktop\ISY5002-Project\datasets\raw-2026-week1\2701\20260914T114054Z_2701_1140_4d9dc22a910b.jpg
2701,C:\Users\Setekh\Desktop\ISY5002-Project\datasets\raw-2026-week1\2701\20260914T115034Z_2701_1150_11618d0f578a.jpg
2701,C:\Users\Setekh\Desktop\ISY5002-Project\datasets\raw-2026-week1\2701\20260914T120035Z_2701_1200_161aa137bdd8.jpg
2701,C:\Users\Setekh\Desktop\ISY5002-Project\datasets\raw-2026-week1\2701\20260914T121055Z_2701_1210_2eecc6700cdf.jpg
2701,C:\Users\Setekh\Desktop\ISY5002-Project\datasets\raw-2026-week1\2701\20260914T121555Z_2701_1215_88ae42d5227c.jpg
2701,C:\Users\Setekh\Desktop\ISY5002-Project\datasets\raw-2026-week1\2701\20260914T123036Z_2701_1230_1e868cb6e677.jpg
2701,C:\Users\Setekh\Desktop\ISY5002-Project\datasets\raw-2026-week1\2701\20260914T123556Z_2701_1235_bd21cdbe5bf1.jpg
2701,C:\Users\Setekh\Desktop\ISY5002-Project\datasets\raw-2026-week1\2701\20260914T124557Z_2701_1245_bae1493adde7.jpg
2701,C:\Users\Setekh\Desktop\ISY5002-Project\datasets\raw-2026-week1\2701\20260914T125557Z_2701_1255_876f6476fd70.jpg
2701,C:\Users\Setekh\Desktop\ISY5002-Project\datasets\raw-2026-week1\2701\20260914T130557Z_2701_1305_3e69fdaf80a0.jpg
2701,C:\Users\Setekh\Desktop\ISY5002-Project\datasets\raw-2026-week1\2701\20260914T131558Z_2701_1315_c364147c1819.jpg
2701,C:\Users\Setekh\Desktop\ISY5002-Project\datasets\raw-2026-week1\2701\20260914T133038Z_2701_1330_ded2853011b5.jpg
2701,C:\Users\Setekh\Desktop\ISY5002-Project\datasets\raw-2026-week1\2701\20260914T133538Z_2701_1335_463a0b02c96b.jpg
2701,C:\Users\Setekh\Desktop\ISY5002-Project\datasets\raw-2026-week1\2701\20260914T134559Z_2701_1345_168a86a296e9.jpg
2701,C:\Users\Setekh\Desktop\ISY5002-Project\datasets\raw-2026-week1\2701\20260914T140039Z_2701_1400_4d75274fbe9c.jpg
2701,C:\Users\Setekh\Desktop\ISY5002-Project\datasets\raw-2026-week1\2701\20260914T141040Z_2701_1410_249361fb1afd.jpg
2701,C:\Users\Setekh\Desktop\ISY5002-Project\datasets\raw-2026-week1\2701\20260914T141600Z_2701_1416_df31c7211a7d.jpg
2701,C:\Users\Setekh\Desktop\ISY5002-Project\datasets\raw-2026-week1\2701\20260914T143040Z_2701_1430_ef28d75ee482.jpg
2701,C:\Users\Setekh\Desktop\ISY5002-Project\datasets\raw-2026-week1\2701\20260914T143541Z_2701_1435_7da478ffb7f4.jpg
2701,C:\Users\Setekh\Desktop\ISY5002-Project\datasets\raw-2026-week1\2701\20260914T144601Z_2701_1446_0d20e998fc98.jpg
2701,C:\Users\Setekh\Desktop\ISY5002-Project\datasets\raw-2026-week1\2701\20260914T150022Z_2701_1500_c042ab40a50a.jpg
2701,C:\Users\Setekh\Desktop\ISY5002-Project\datasets\raw-2026-week1\2701\20260914T151042Z_2701_1510_780a6a4a549a.jpg
2701,C:\Users\Setekh\Desktop\ISY5002-Project\datasets\raw-2026-week1\2701\20260914T151602Z_2701_1516_101990b7aa98.jpg
2701,C:\Users\Setekh\Desktop\ISY5002-Project\datasets\raw-2026-week1\2701\20260914T153043Z_2701_1530_47dae56fd805.jpg
2701,C:\Users\Setekh\Desktop\ISY5002-Project\datasets\raw-2026-week1\2701\20260914T154043Z_2701_1540_4fb9d4951955.jpg
2701,C:\Users\Setekh\Desktop\ISY5002-Project\datasets\raw-2026-week1\2701\20260914T155043Z_2701_1550_b195356574cb.jpg
2701,C:\Users\Setekh\Desktop\ISY5002-Project\datasets\raw-2026-week1\2701\20260914T155604Z_2701_1556_84f4f6452320.jpg
2701,C:\Users\Setekh\Desktop\ISY5002-Project\datasets\raw-2026-week1\2701\20260914T161044Z_2701_1610_08d40603e6ba.jpg
2701,C:\Users\Setekh\Desktop\ISY5002-Project\datasets\raw-2026-week1\2701\20260914T161604Z_2701_1616_719052eb2e56.jpg
2701,C:\Users\Setekh\Desktop\ISY5002-Project\datasets\raw-2026-week1\2701\20260914T162545Z_2701_1625_cc03859cc62d.jpg
2701,C:\Users\Setekh\Desktop\ISY5002-Project\datasets\raw-2026-week1\2701\20260914T163545Z_2701_1635_314a016e9849.jpg
2701,C:\Users\Setekh\Desktop\ISY5002-Project\datasets\raw-2026-week1\2701\20260914T165046Z_2701_1650_5941b8fb28ce.jpg
2701,C:\Users\Setekh\Desktop\ISY5002-Project\datasets\raw-2026-week1\2701\20260914T165546Z_2701_1655_13ee333fd070.jpg
2701,C:\Users\Setekh\Desktop\ISY5002-Project\datasets\raw-2026-week1\2701\20260914T171046Z_2701_1710_beb564fc1c3e.jpg
2701,C:\Users\Setekh\Desktop\ISY5002-Project\datasets\raw-2026-week1\2701\20260914T172027Z_2701_1720_9bbf55cecf4b.jpg
2701,C:\Users\Setekh\Desktop\ISY5002-Project\datasets\raw-2026-week1\2701\20260914T172547Z_2701_1725_2963c90836e9.jpg
2701,C:\Users\Setekh\Desktop\ISY5002-Project\datasets\raw-2026-week1\2701\20260914T210555Z_2701_2105_9133eac0550b.jpg
2701,C:\Users\Setekh\Desktop\ISY5002-Project\datasets\raw-2026-week1\2701\20260914T211536Z_2701_2115_da6dd46dbeec.jpg
2701,C:\Users\Setekh\Desktop\ISY5002-Project\datasets\raw-2026-week1\2701\20260914T213556Z_2701_2135_873f708f3df4.jpg
2701,C:\Users\Setekh\Desktop\ISY5002-Project\datasets\raw-2026-week1\2701\20260914T214557Z_2701_2145_4db7501cce3c.jpg
2701,C:\Users\Setekh\Desktop\ISY5002-Project\datasets\raw-2026-week1\2701\20260914T224039Z_2701_2240_fc1c109046cb.jpg
2701,C:\Users\Setekh\Desktop\ISY5002-Project\datasets\raw-2026-week1\2701\20260914T233041Z_2701_2330_2a7afddc02b9.jpg
2701,C:\Users\Setekh\Desktop\ISY5002-Project\datasets\raw-2026-week1\2701\20260914T233521Z_2701_2335_7a606e4dd22d.jpg
2701,C:\Users\Setekh\Desktop\ISY5002-Project\datasets\raw-2026-week1\2701\20260914T234521Z_2701_2345_025328c41d6e.jpg
2701,C:\Users\Setekh\Desktop\ISY5002-Project\datasets\raw-2026-week1\2701\20260915T000042Z_2701_0000_c51797c9c433.jpg
2701,C:\Users\Setekh\Desktop\ISY5002-Project\datasets\raw-2026-week1\2701\20260915T001042Z_2701_0010_cef9827a0505.jpg
2701,C:\Users\Setekh\Desktop\ISY5002-Project\datasets\raw-2026-week1\2701\20260915T002042Z_2701_0020_9b0567ebd94f.jpg
2701,C:\Users\Setekh\Desktop\ISY5002-Project\datasets\raw-2026-week1\2701\20260915T002543Z_2701_0025_ce8c5ef98e74.jpg
2701,C:\Users\Setekh\Desktop\ISY5002-Project\datasets\raw-2026-week1\2701\20260915T004043Z_2701_0040_e90fa54eba9a.jpg
2701,C:\Users\Setekh\Desktop\ISY5002-Project\datasets\raw-2026-week1\2701\20260915T004603Z_2701_0046_9aae801d8db3.jpg
2701,C:\Users\Setekh\Desktop\ISY5002-Project\datasets\raw-2026-week1\2701\20260915T010024Z_2701_0100_dee828257522.jpg
2701,C:\Users\Setekh\Desktop\ISY5002-Project\datasets\raw-2026-week1\2701\20260915T010544Z_2701_0105_7d68b2ca99a0.jpg
2701,C:\Users\Setekh\Desktop\ISY5002-Project\datasets\raw-2026-week1\2701\20260915T011544Z_2701_0115_756f9d9a092f.jpg
2701,C:\Users\Setekh\Desktop\ISY5002-Project\datasets\raw-2026-week1\2701\20260915T012545Z_2701_0125_91e179b4a194.jpg
2701,C:\Users\Setekh\Desktop\ISY5002-Project\datasets\raw-2026-week1\2701\20260915T013545Z_2701_0135_85bb3bb02096.jpg
2701,C:\Users\Setekh\Desktop\ISY5002-Project\datasets\raw-2026-week1\2701\20260915T015546Z_2701_0155_86b57661ff59.jpg
2701,C:\Users\Setekh\Desktop\ISY5002-Project\datasets\raw-2026-week1\2701\20260915T021046Z_2701_0210_8c6a08db0af3.jpg
2701,C:\Users\Setekh\Desktop\ISY5002-Project\datasets\raw-2026-week1\2701\20260915T023547Z_2701_0235_86b57661ff59.jpg
2701,C:\Users\Setekh\Desktop\ISY5002-Project\datasets\raw-2026-week1\2701\20260915T033550Z_2701_0335_5f7b0922acda.jpg
2701,C:\Users\Setekh\Desktop\ISY5002-Project\datasets\raw-2026-week1\2701\20260915T040051Z_2701_0400_8a24eff3e7c6.jpg
2701,C:\Users\Setekh\Desktop\ISY5002-Project\datasets\raw-2026-week1\2701\20260915T041031Z_2701_0410_8fa238fe3e99.jpg
2701,C:\Users\Setekh\Desktop\ISY5002-Project\datasets\raw-2026-week1\2701\20260915T042552Z_2701_0425_1324e6024b6f.jpg
2701,C:\Users\Setekh\Desktop\ISY5002-Project\datasets\raw-2026-week1\2701\20260915T044532Z_2701_0445_de8f118f3649.jpg
2701,C:\Users\Setekh\Desktop\ISY5002-Project\datasets\raw-2026-week1\2701\20260915T050533Z_2701_0505_5cdaa8ad8af8.jpg
2701,C:\Users\Setekh\Desktop\ISY5002-Project\datasets\raw-2026-week1\2701\20260915T052534Z_2701_0525_1612fdadaee6.jpg
2701,C:\Users\Setekh\Desktop\ISY5002-Project\datasets\raw-2026-week1\2701\20260915T054034Z_2701_0540_45104d1d63f1.jpg
2701,C:\Users\Setekh\Desktop\ISY5002-Project\datasets\raw-2026-week1\2701\20260915T060055Z_2701_0600_6f426a00ab18.jpg
2701,C:\Users\Setekh\Desktop\ISY5002-Project\datasets\raw-2026-week1\2701\20260915T060535Z_2701_0605_ccb0e2466d5e.jpg
2701,C:\Users\Setekh\Desktop\ISY5002-Project\datasets\raw-2026-week1\2701\20260915T062036Z_2701_0620_1388b77e674d.jpg
2701,C:\Users\Setekh\Desktop\ISY5002-Project\datasets\raw-2026-week1\2701\20260915T063016Z_2701_0630_188fc11f3840.jpg
2701,C:\Users\Setekh\Desktop\ISY5002-Project\datasets\raw-2026-week1\2701\20260915T064036Z_2701_0640_9e7ce253017d.jpg
2701,C:\Users\Setekh\Desktop\ISY5002-Project\datasets\raw-2026-week1\2701\20260915T065057Z_2701_0650_c276d4f57184.jpg
2701,C:\Users\Setekh\Desktop\ISY5002-Project\datasets\raw-2026-week1\2701\20260915T070057Z_2701_0700_43a2e629fa70.jpg
2701,C:\Users\Setekh\Desktop\ISY5002-Project\datasets\raw-2026-week1\2701\20260915T071038Z_2701_0710_38962e64a0db.jpg
2701,C:\Users\Setekh\Desktop\ISY5002-Project\datasets\raw-2026-week1\2701\20260915T072038Z_2701_0720_6e1bca2a6965.jpg
2701,C:\Users\Setekh\Desktop\ISY5002-Project\datasets\raw-2026-week1\2701\20260915T072538Z_2701_0725_d7a5969e12cb.jpg
2701,C:\Users\Setekh\Desktop\ISY5002-Project\datasets\raw-2026-week1\2701\20260915T073559Z_2701_0735_19de3724a9ce.jpg
2701,C:\Users\Setekh\Desktop\ISY5002-Project\datasets\raw-2026-week1\2701\20260915T075039Z_2701_0750_b991cde89a80.jpg
2701,C:\Users\Setekh\Desktop\ISY5002-Project\datasets\raw-2026-week1\2701\20260915T075559Z_2701_0755_c0aca83bc9a7.jpg
2701,C:\Users\Setekh\Desktop\ISY5002-Project\datasets\raw-2026-week1\2701\20260915T080600Z_2701_0806_fb4bc8be4229.jpg
2701,C:\Users\Setekh\Desktop\ISY5002-Project\datasets\raw-2026-week1\2701\20260915T081600Z_2701_0816_e19aaa040db3.jpg
2701,C:\Users\Setekh\Desktop\ISY5002-Project\datasets\raw-2026-week1\2701\20260915T082600Z_2701_0826_8dec675fee7e.jpg
2701,C:\Users\Setekh\Desktop\ISY5002-Project\datasets\raw-2026-week1\2701\20260915T084041Z_2701_0840_e8d64607546d.jpg
2701,C:\Users\Setekh\Desktop\ISY5002-Project\datasets\raw-2026-week1\2701\20260915T084541Z_2701_0845_9d2d0df29924.jpg
2701,C:\Users\Setekh\Desktop\ISY5002-Project\datasets\raw-2026-week1\2701\20260915T085541Z_2701_0855_54e911e588e6.jpg
2701,C:\Users\Setekh\Desktop\ISY5002-Project\datasets\raw-2026-week1\2701\20260915T091042Z_2701_0910_3c632163bfba.jpg
2701,C:\Users\Setekh\Desktop\ISY5002-Project\datasets\raw-2026-week1\2701\20260915T092042Z_2701_0920_f3c442d5dff7.jpg
2701,C:\Users\Setekh\Desktop\ISY5002-Project\datasets\raw-2026-week1\2701\20260915T092543Z_2701_0925_e5fa07d1dad6.jpg
2701,C:\Users\Setekh\Desktop\ISY5002-Project\datasets\raw-2026-week1\2701\20260915T094043Z_2701_0940_3d9bc0915cfd.jpg
2701,C:\Users\Setekh\Desktop\ISY5002-Project\datasets\raw-2026-week1\2701\20260915T094603Z_2701_0946_5ef835f9c154.jpg
2701,C:\Users\Setekh\Desktop\ISY5002-Project\datasets\raw-2026-week1\2701\20260915T100544Z_2701_1005_18fcac2798b5.jpg
2701,C:\Users\Setekh\Desktop\ISY5002-Project\datasets\raw-2026-week1\2701\20260915T101544Z_2701_1015_0e34038de86c.jpg
2701,C:\Users\Setekh\Desktop\ISY5002-Project\datasets\raw-2026-week1\2701\20260915T103045Z_2701_1030_abe408aca7d0.jpg
2701,C:\Users\Setekh\Desktop\ISY5002-Project\datasets\raw-2026-week1\2701\20260915T103545Z_2701_1035_f21bb6acffb6.jpg
2701,C:\Users\Setekh\Desktop\ISY5002-Project\datasets\raw-2026-week1\2701\20260915T105046Z_2701_1050_26301bb7d2db.jpg
2701,C:\Users\Setekh\Desktop\ISY5002-Project\datasets\raw-2026-week1\2701\20260915T105546Z_2701_1055_2ab75e6057f3.jpg
2701,C:\Users\Setekh\Desktop\ISY5002-Project\datasets\raw-2026-week1\2701\20260915T110046Z_2701_1100_e1ec302a8d0c.jpg
2701,C:\Users\Setekh\Desktop\ISY5002-Project\datasets\raw-2026-week1\2701\20260915T111026Z_2701_1110_5c9f64983764.jpg
2701,C:\Users\Setekh\Desktop\ISY5002-Project\datasets\raw-2026-week1\2701\20260915T111547Z_2701_1115_53964d20f0c5.jpg
2701,C:\Users\Setekh\Desktop\ISY5002-Project\datasets\raw-2026-week1\2701\20260915T113027Z_2701_1130_adcaec7b2fb1.jpg
2701,C:\Users\Setekh\Desktop\ISY5002-Project\datasets\raw-2026-week1\2701\20260915T114047Z_2701_1140_13b238856d24.jpg
2701,C:\Users\Setekh\Desktop\ISY5002-Project\datasets\raw-2026-week1\2701\20260915T115028Z_2701_1150_59ec9a77851f.jpg
2701,C:\Users\Setekh\Desktop\ISY5002-Project\datasets\raw-2026-week1\2701\20260915T120028Z_2701_1200_378e4a40a315.jpg
2701,C:\Users\Setekh\Desktop\ISY5002-Project\datasets\raw-2026-week1\2701\20260915T121049Z_2701_1210_d1355f1ce317.jpg
2701,C:\Users\Setekh\Desktop\ISY5002-Project\datasets\raw-2026-week1\2701\20260915T122049Z_2701_1220_4830f1852ee9.jpg
2701,C:\Users\Setekh\Desktop\ISY5002-Project\datasets\raw-2026-week1\2701\20260915T123049Z_2701_1230_6bba1fe299b5.jpg
2701,C:\Users\Setekh\Desktop\ISY5002-Project\datasets\raw-2026-week1\2701\20260915T124030Z_2701_1240_8a9d0681d471.jpg
2701,C:\Users\Setekh\Desktop\ISY5002-Project\datasets\raw-2026-week1\2701\20260915T125030Z_2701_1250_bd9484272b7d.jpg
2701,C:\Users\Setekh\Desktop\ISY5002-Project\datasets\raw-2026-week1\2701\20260915T130030Z_2701_1300_14d13b9c297d.jpg
2701,C:\Users\Setekh\Desktop\ISY5002-Project\datasets\raw-2026-week1\2701\20260915T131031Z_2701_1310_423d8b655e65.jpg
2701,C:\Users\Setekh\Desktop\ISY5002-Project\datasets\raw-2026-week1\2701\20260915T132031Z_2701_1320_ba88e7295406.jpg
2701,C:\Users\Setekh\Desktop\ISY5002-Project\datasets\raw-2026-week1\2701\20260915T133031Z_2701_1330_0d4afb08b25d.jpg
2701,C:\Users\Setekh\Desktop\ISY5002-Project\datasets\raw-2026-week1\2701\20260915T134052Z_2701_1340_385a01af2096.jpg
2701,C:\Users\Setekh\Desktop\ISY5002-Project\datasets\raw-2026-week1\2701\20260915T135052Z_2701_1350_87b47f985c3d.jpg
2701,C:\Users\Setekh\Desktop\ISY5002-Project\datasets\raw-2026-week1\2701\20260915T140053Z_2701_1400_5f9451465f87.jpg
2701,C:\Users\Setekh\Desktop\ISY5002-Project\datasets\raw-2026-week1\2701\20260915T141053Z_2701_1410_0fe211ee6e64.jpg
2701,C:\Users\Setekh\Desktop\ISY5002-Project\datasets\raw-2026-week1\2701\20260915T142054Z_2701_1420_5ab6c23f829a.jpg
2701,C:\Users\Setekh\Desktop\ISY5002-Project\datasets\raw-2026-week1\2701\20260915T143034Z_2701_1430_331eb8ff829a.jpg
2701,C:\Users\Setekh\Desktop\ISY5002-Project\datasets\raw-2026-week1\2701\20260915T144034Z_2701_1440_02aa78a60e99.jpg
2701,C:\Users\Setekh\Desktop\ISY5002-Project\datasets\raw-2026-week1\2701\20260915T145055Z_2701_1450_48a8bd0f7ac7.jpg
2701,C:\Users\Setekh\Desktop\ISY5002-Project\datasets\raw-2026-week1\2701\20260915T150055Z_2701_1500_93a9d371d7b7.jpg
2701,C:\Users\Setekh\Desktop\ISY5002-Project\datasets\raw-2026-week1\2701\20260915T150555Z_2701_1505_3c9bacd0d953.jpg
2701,C:\Users\Setekh\Desktop\ISY5002-Project\datasets\raw-2026-week1\2701\20260915T152036Z_2701_1520_5c7ef492282d.jpg
2701,C:\Users\Setekh\Desktop\ISY5002-Project\datasets\raw-2026-week1\2701\20260915T153036Z_2701_1530_c616a137b2ff.jpg
2701,C:\Users\Setekh\Desktop\ISY5002-Project\datasets\raw-2026-week1\2701\20260915T154056Z_2701_1540_178e5430431f.jpg
2701,C:\Users\Setekh\Desktop\ISY5002-Project\datasets\raw-2026-week1\2701\20260915T155057Z_2701_1550_d116bb1c1810.jpg
2701,C:\Users\Setekh\Desktop\ISY5002-Project\datasets\raw-2026-week1\2701\20260915T160037Z_2701_1600_f540308dfefb.jpg
2701,C:\Users\Setekh\Desktop\ISY5002-Project\datasets\raw-2026-week1\2701\20260915T160537Z_2701_1605_088de6c3dc1e.jpg
2701,C:\Users\Setekh\Desktop\ISY5002-Project\datasets\raw-2026-week1\2701\20260915T162038Z_2701_1620_a9e54f55e70c.jpg
2701,C:\Users\Setekh\Desktop\ISY5002-Project\datasets\raw-2026-week1\2701\20260915T162558Z_2701_1625_3aa911f727be.jpg
2701,C:\Users\Setekh\Desktop\ISY5002-Project\datasets\raw-2026-week1\2701\20260915T163558Z_2701_1635_dbe5b6a5487d.jpg
2701,C:\Users\Setekh\Desktop\ISY5002-Project\datasets\raw-2026-week1\2701\20260915T164039Z_2701_1640_49dd18cf000d.jpg
2701,C:\Users\Setekh\Desktop\ISY5002-Project\datasets\raw-2026-week1\2701\20260915T165039Z_2701_1650_4e6102b8ce3c.jpg
2701,C:\Users\Setekh\Desktop\ISY5002-Project\datasets\raw-2026-week1\2701\20260915T165559Z_2701_1655_16da57f65388.jpg
2701,C:\Users\Setekh\Desktop\ISY5002-Project\datasets\raw-2026-week1\2701\20260915T170520Z_2701_1705_4543d7eaf5bd.jpg
2701,C:\Users\Setekh\Desktop\ISY5002-Project\datasets\raw-2026-week1\2701\20260915T172040Z_2701_1720_fb0620e0ca84.jpg
2701,C:\Users\Setekh\Desktop\ISY5002-Project\datasets\raw-2026-week1\2701\20260915T172540Z_2701_1725_248e1e3a80f9.jpg
2701,C:\Users\Setekh\Desktop\ISY5002-Project\datasets\raw-2026-week1\2701\20260915T173601Z_2701_1736_88cfa6309259.jpg
2701,C:\Users\Setekh\Desktop\ISY5002-Project\datasets\raw-2026-week1\2701\20260915T174601Z_2701_1746_876111aa02f5.jpg
2701,C:\Users\Setekh\Desktop\ISY5002-Project\datasets\raw-2026-week1\2701\20260915T175541Z_2701_1755_59ee4255e6e6.jpg
2701,C:\Users\Setekh\Desktop\ISY5002-Project\datasets\raw-2026-week1\2701\20260915T181042Z_2701_1810_13e7110fd667.jpg
2701,C:\Users\Setekh\Desktop\ISY5002-Project\datasets\raw-2026-week1\2701\20260915T182042Z_2701_1820_1c8a753431d8.jpg
2701,C:\Users\Setekh\Desktop\ISY5002-Project\datasets\raw-2026-week1\2701\20260915T183023Z_2701_1830_1c29dd82bbf4.jpg
2701,C:\Users\Setekh\Desktop\ISY5002-Project\datasets\raw-2026-week1\2701\20260915T183543Z_2701_1835_d794365af9e3.jpg
2701,C:\Users\Setekh\Desktop\ISY5002-Project\datasets\raw-2026-week1\2701\20260915T184103Z_2701_1841_2b0070072160.jpg
2701,C:\Users\Setekh\Desktop\ISY5002-Project\datasets\raw-2026-week1\2701\20260915T192525Z_2701_1925_d0747659c04a.jpg
2701,C:\Users\Setekh\Desktop\ISY5002-Project\datasets\raw-2026-week1\2701\20260915T194046Z_2701_1940_4f9cd6ff9adb.jpg
2701,C:\Users\Setekh\Desktop\ISY5002-Project\datasets\raw-2026-week1\2701\20260915T195046Z_2701_1950_3a2cd785fa61.jpg
2701,C:\Users\Setekh\Desktop\ISY5002-Project\datasets\raw-2026-week1\2701\20260915T200046Z_2701_2000_aec62aa22772.jpg
2701,C:\Users\Setekh\Desktop\ISY5002-Project\datasets\raw-2026-week1\2701\20260915T201047Z_2701_2010_f30d13bb2630.jpg
2701,C:\Users\Setekh\Desktop\ISY5002-Project\datasets\raw-2026-week1\2701\20260915T202027Z_2701_2020_37c0909eb3aa.jpg
2701,C:\Users\Setekh\Desktop\ISY5002-Project\datasets\raw-2026-week1\2701\20260915T203027Z_2701_2030_2399f4de95fe.jpg
2701,C:\Users\Setekh\Desktop\ISY5002-Project\datasets\raw-2026-week1\2701\20260915T204028Z_2701_2040_6574f10e1489.jpg
2701,C:\Users\Setekh\Desktop\ISY5002-Project\datasets\raw-2026-week1\2701\20260915T205028Z_2701_2050_7b9e8c83b38b.jpg
2701,C:\Users\Setekh\Desktop\ISY5002-Project\datasets\raw-2026-week1\2701\20260915T210028Z_2701_2100_0433fb5d4088.jpg
2701,C:\Users\Setekh\Desktop\ISY5002-Project\datasets\raw-2026-week1\2701\20260915T210529Z_2701_2105_aa240e1109e1.jpg
2701,C:\Users\Setekh\Desktop\ISY5002-Project\datasets\raw-2026-week1\2701\20260915T212049Z_2701_2120_5e0ac13c76a1.jpg
2701,C:\Users\Setekh\Desktop\ISY5002-Project\datasets\raw-2026-week1\2701\20260915T212549Z_2701_2125_46cb9e496163.jpg
2701,C:\Users\Setekh\Desktop\ISY5002-Project\datasets\raw-2026-week1\2701\20260915T213550Z_2701_2135_52401a0fd454.jpg
2701,C:\Users\Setekh\Desktop\ISY5002-Project\datasets\raw-2026-week1\2701\20260915T215050Z_2701_2150_a5a263bc4d6d.jpg
2701,C:\Users\Setekh\Desktop\ISY5002-Project\datasets\raw-2026-week1\2701\20260915T220031Z_2701_2200_05e71465a966.jpg
2701,C:\Users\Setekh\Desktop\ISY5002-Project\datasets\raw-2026-week1\2701\20260915T221031Z_2701_2210_3368dcfed144.jpg
2701,C:\Users\Setekh\Desktop\ISY5002-Project\datasets\raw-2026-week1\2701\20260915T221551Z_2701_2215_21d95b108507.jpg
2701,C:\Users\Setekh\Desktop\ISY5002-Project\datasets\raw-2026-week1\2701\20260915T222031Z_2701_2220_f6d1cf9b9634.jpg
2701,C:\Users\Setekh\Desktop\ISY5002-Project\datasets\raw-2026-week1\2701\20260915T223032Z_2701_2230_8fde20eb4485.jpg
2701,C:\Users\Setekh\Desktop\ISY5002-Project\datasets\raw-2026-week1\2701\20260915T224032Z_2701_2240_5946c2a0c974.jpg
2701,C:\Users\Setekh\Desktop\ISY5002-Project\datasets\raw-2026-week1\2701\20260915T225032Z_2701_2250_5dbc08707272.jpg
2701,C:\Users\Setekh\Desktop\ISY5002-Project\datasets\raw-2026-week1\2701\20260915T230053Z_2701_2300_ce7d85f07fb7.jpg
2701,C:\Users\Setekh\Desktop\ISY5002-Project\datasets\raw-2026-week1\2701\20260915T231033Z_2701_2310_06fc4e307c17.jpg
2701,C:\Users\Setekh\Desktop\ISY5002-Project\datasets\raw-2026-week1\2701\20260915T232034Z_2701_2320_9019edea67cf.jpg
2701,C:\Users\Setekh\Desktop\ISY5002-Project\datasets\raw-2026-week1\2701\20260915T233054Z_2701_2330_5f60fa826acd.jpg
2701,C:\Users\Setekh\Desktop\ISY5002-Project\datasets\raw-2026-week1\2701\20260915T234054Z_2701_2340_7e292e98ace2.jpg
2701,C:\Users\Setekh\Desktop\ISY5002-Project\datasets\raw-2026-week1\2701\20260915T235035Z_2701_2350_7f50212969f8.jpg
2701,C:\Users\Setekh\Desktop\ISY5002-Project\datasets\raw-2026-week1\2701\20260916T000055Z_2701_0000_c33cf057200e.jpg
2701,C:\Users\Setekh\Desktop\ISY5002-Project\datasets\raw-2026-week1\2701\20260916T001035Z_2701_0010_c3cbaeaa633c.jpg
2701,C:\Users\Setekh\Desktop\ISY5002-Project\datasets\raw-2026-week1\2701\20260916T002056Z_2701_0020_c4e3b195b5bc.jpg
2701,C:\Users\Setekh\Desktop\ISY5002-Project\datasets\raw-2026-week1\2701\20260916T003036Z_2701_0030_d4451df105f4.jpg
2701,C:\Users\Setekh\Desktop\ISY5002-Project\datasets\raw-2026-week1\2701\20260916T003536Z_2701_0035_3d7b1260a43d.jpg
2701,C:\Users\Setekh\Desktop\ISY5002-Project\datasets\raw-2026-week1\2701\20260916T005037Z_2701_0050_6f16dac37cae.jpg
2701,C:\Users\Setekh\Desktop\ISY5002-Project\datasets\raw-2026-week1\2701\20260916T005557Z_2701_0055_772a2f7d943a.jpg
2701,C:\Users\Setekh\Desktop\ISY5002-Project\datasets\raw-2026-week1\2701\20260916T011058Z_2701_0110_e62ece6d30d7.jpg
2701,C:\Users\Setekh\Desktop\ISY5002-Project\datasets\raw-2026-week1\2701\20260916T012038Z_2701_0120_0c08b0cb5939.jpg
2701,C:\Users\Setekh\Desktop\ISY5002-Project\datasets\raw-2026-week1\2701\20260916T013018Z_2701_0130_eeefbbbbc949.jpg
2701,C:\Users\Setekh\Desktop\ISY5002-Project\datasets\raw-2026-week1\2701\20260916T014039Z_2701_0140_c28e0b8e647d.jpg
2701,C:\Users\Setekh\Desktop\ISY5002-Project\datasets\raw-2026-week1\2701\20260916T015039Z_2701_0150_a1202f69c571.jpg
2701,C:\Users\Setekh\Desktop\ISY5002-Project\datasets\raw-2026-week1\2701\20260916T020039Z_2701_0200_5737c9c12d4e.jpg
2701,C:\Users\Setekh\Desktop\ISY5002-Project\datasets\raw-2026-week1\2701\20260916T021040Z_2701_0210_88f2a7441644.jpg
2701,C:\Users\Setekh\Desktop\ISY5002-Project\datasets\raw-2026-week1\2701\20260916T022040Z_2701_0220_67f865b11645.jpg
2701,C:\Users\Setekh\Desktop\ISY5002-Project\datasets\raw-2026-week1\2701\20260916T023040Z_2701_0230_fba896243bf6.jpg
2701,C:\Users\Setekh\Desktop\ISY5002-Project\datasets\raw-2026-week1\2701\20260916T024041Z_2701_0240_a0aae3abb36c.jpg
2701,C:\Users\Setekh\Desktop\ISY5002-Project\datasets\raw-2026-week1\2701\20260916T024521Z_2701_0245_a6db4cc4924a.jpg
2701,C:\Users\Setekh\Desktop\ISY5002-Project\datasets\raw-2026-week1\2701\20260916T030042Z_2701_0300_deafadee8e4e.jpg
2701,C:\Users\Setekh\Desktop\ISY5002-Project\datasets\raw-2026-week1\2701\20260916T030522Z_2701_0305_647a167b6a29.jpg
2701,C:\Users\Setekh\Desktop\ISY5002-Project\datasets\raw-2026-week1\2701\20260916T032042Z_2701_0320_a051f0848c46.jpg
2701,C:\Users\Setekh\Desktop\ISY5002-Project\datasets\raw-2026-week1\2701\20260916T032542Z_2701_0325_6d93350468f2.jpg
2701,C:\Users\Setekh\Desktop\ISY5002-Project\datasets\raw-2026-week1\2701\20260916T033543Z_2701_0335_bebef70b5773.jpg
2701,C:\Users\Setekh\Desktop\ISY5002-Project\datasets\raw-2026-week1\2701\20260916T034603Z_2701_0346_4644af7fc056.jpg
2701,C:\Users\Setekh\Desktop\ISY5002-Project\datasets\raw-2026-week1\2701\20260916T035544Z_2701_0355_97a80557951d.jpg
2701,C:\Users\Setekh\Desktop\ISY5002-Project\datasets\raw-2026-week1\2701\20260916T040044Z_2701_0400_a14e12036255.jpg
2701,C:\Users\Setekh\Desktop\ISY5002-Project\datasets\raw-2026-week1\2701\20260916T041024Z_2701_0410_16821216315d.jpg
2701,C:\Users\Setekh\Desktop\ISY5002-Project\datasets\raw-2026-week1\2701\20260916T042044Z_2701_0420_ca64346754ff.jpg
2701,C:\Users\Setekh\Desktop\ISY5002-Project\datasets\raw-2026-week1\2701\20260916T043025Z_2701_0430_6180b0b4d3fa.jpg
2701,C:\Users\Setekh\Desktop\ISY5002-Project\datasets\raw-2026-week1\2701\20260916T044045Z_2701_0440_566d01d8484a.jpg
2701,C:\Users\Setekh\Desktop\ISY5002-Project\datasets\raw-2026-week1\2701\20260916T045025Z_2701_0450_c92912b41ff8.jpg
2701,C:\Users\Setekh\Desktop\ISY5002-Project\datasets\raw-2026-week1\2701\20260916T050046Z_2701_0500_f85d5b422d54.jpg
2701,C:\Users\Setekh\Desktop\ISY5002-Project\datasets\raw-2026-week1\2701\20260916T050526Z_2701_0505_1cfd952c2dce.jpg
2701,C:\Users\Setekh\Desktop\ISY5002-Project\datasets\raw-2026-week1\2701\20260916T052047Z_2701_0520_ec446990c455.jpg
2701,C:\Users\Setekh\Desktop\ISY5002-Project\datasets\raw-2026-week1\2701\20260916T053027Z_2701_0530_801a4fccc930.jpg
2701,C:\Users\Setekh\Desktop\ISY5002-Project\datasets\raw-2026-week1\2701\20260916T054047Z_2701_0540_86f35a7ea398.jpg
2701,C:\Users\Setekh\Desktop\ISY5002-Project\datasets\raw-2026-week1\2701\20260916T055028Z_2701_0550_aac74ab6b8f4.jpg
2701,C:\Users\Setekh\Desktop\ISY5002-Project\datasets\raw-2026-week1\2701\20260916T060028Z_2701_0600_1333a90e6efb.jpg
2701,C:\Users\Setekh\Desktop\ISY5002-Project\datasets\raw-2026-week1\2701\20260916T061028Z_2701_0610_5def1e872593.jpg
2701,C:\Users\Setekh\Desktop\ISY5002-Project\datasets\raw-2026-week1\2701\20260916T062049Z_2701_0620_59ea59760c40.jpg
2701,C:\Users\Setekh\Desktop\ISY5002-Project\datasets\raw-2026-week1\2701\20260916T063049Z_2701_0630_d3753614dcbf.jpg
2701,C:\Users\Setekh\Desktop\ISY5002-Project\datasets\raw-2026-week1\2701\20260916T064050Z_2701_0640_668053b887fe.jpg
2701,C:\Users\Setekh\Desktop\ISY5002-Project\datasets\raw-2026-week1\2701\20260916T065030Z_2701_0650_9554b4e497d1.jpg
2701,C:\Users\Setekh\Desktop\ISY5002-Project\datasets\raw-2026-week1\2701\20260916T070030Z_2701_0700_2020a6a8c829.jpg
2701,C:\Users\Setekh\Desktop\ISY5002-Project\datasets\raw-2026-week1\2701\20260916T071051Z_2701_0710_6965a0a22634.jpg
2701,C:\Users\Setekh\Desktop\ISY5002-Project\datasets\raw-2026-week1\2701\20260916T072051Z_2701_0720_79c50c916cb7.jpg
2701,C:\Users\Setekh\Desktop\ISY5002-Project\datasets\raw-2026-week1\2701\20260916T073051Z_2701_0730_9d447f712475.jpg
2701,C:\Users\Setekh\Desktop\ISY5002-Project\datasets\raw-2026-week1\2701\20260916T074052Z_2701_0740_65a2a6bfe665.jpg
2701,C:\Users\Setekh\Desktop\ISY5002-Project\datasets\raw-2026-week1\2701\20260916T075052Z_2701_0750_ee318b1123ba.jpg
2701,C:\Users\Setekh\Desktop\ISY5002-Project\datasets\raw-2026-week1\2701\20260916T080052Z_2701_0800_5f278777bde2.jpg
2701,C:\Users\Setekh\Desktop\ISY5002-Project\datasets\raw-2026-week1\2701\20260916T080533Z_2701_0805_c20ea0f00e78.jpg
2701,C:\Users\Setekh\Desktop\ISY5002-Project\datasets\raw-2026-week1\2701\20260916T082033Z_2701_0820_3a8bbc19a9a6.jpg
2701,C:\Users\Setekh\Desktop\ISY5002-Project\datasets\raw-2026-week1\2701\20260916T083034Z_2701_0830_ca345e0bca05.jpg
2701,C:\Users\Setekh\Desktop\ISY5002-Project\datasets\raw-2026-week1\2701\20260916T084054Z_2701_0840_0ff86ce40b34.jpg
2701,C:\Users\Setekh\Desktop\ISY5002-Project\datasets\raw-2026-week1\2701\20260916T085034Z_2701_0850_6ce3a19095a2.jpg
2701,C:\Users\Setekh\Desktop\ISY5002-Project\datasets\raw-2026-week1\2701\20260916T090035Z_2701_0900_77a4569f7f3c.jpg
2701,C:\Users\Setekh\Desktop\ISY5002-Project\datasets\raw-2026-week1\2701\20260916T091035Z_2701_0910_3a362c5651c5.jpg
2701,C:\Users\Setekh\Desktop\ISY5002-Project\datasets\raw-2026-week1\2701\20260916T092035Z_2701_0920_018b27792073.jpg
2701,C:\Users\Setekh\Desktop\ISY5002-Project\datasets\raw-2026-week1\2701\20260916T093036Z_2701_0930_12a0159d2870.jpg
2701,C:\Users\Setekh\Desktop\ISY5002-Project\datasets\raw-2026-week1\2701\20260916T093556Z_2701_0935_41ad5a364a1e.jpg
2701,C:\Users\Setekh\Desktop\ISY5002-Project\datasets\raw-2026-week1\2701\20260916T094036Z_2701_0940_ae47c19c4c05.jpg
2701,C:\Users\Setekh\Desktop\ISY5002-Project\datasets\raw-2026-week1\2701\20260916T094536Z_2701_0945_3c8b940d3c7c.jpg
2701,C:\Users\Setekh\Desktop\ISY5002-Project\datasets\raw-2026-week1\2701\20260916T100037Z_2701_1000_300a1cbdc8fb.jpg
2701,C:\Users\Setekh\Desktop\ISY5002-Project\datasets\raw-2026-week1\2701\20260916T101037Z_2701_1010_5034d4308a20.jpg
2701,C:\Users\Setekh\Desktop\ISY5002-Project\datasets\raw-2026-week1\2701\20260916T102037Z_2701_1020_4c46033c4951.jpg
2701,C:\Users\Setekh\Desktop\ISY5002-Project\datasets\raw-2026-week1\2701\20260916T103038Z_2701_1030_81d6343ae5f1.jpg
2701,C:\Users\Setekh\Desktop\ISY5002-Project\datasets\raw-2026-week1\2701\20260916T104038Z_2701_1040_fa0f6704b158.jpg
2701,C:\Users\Setekh\Desktop\ISY5002-Project\datasets\raw-2026-week1\2701\20260916T105038Z_2701_1050_a33412d211ae.jpg
2701,C:\Users\Setekh\Desktop\ISY5002-Project\datasets\raw-2026-week1\2701\20260916T105559Z_2701_1055_764d2da78a49.jpg
2701,C:\Users\Setekh\Desktop\ISY5002-Project\datasets\raw-2026-week1\2701\20260916T111039Z_2701_1110_317b8f782f8c.jpg
2701,C:\Users\Setekh\Desktop\ISY5002-Project\datasets\raw-2026-week1\2701\20260916T111539Z_2701_1115_97c7f30a4234.jpg
2701,C:\Users\Setekh\Desktop\ISY5002-Project\datasets\raw-2026-week1\2701\20260916T113020Z_2701_1130_00cbaac91b6e.jpg
2701,C:\Users\Setekh\Desktop\ISY5002-Project\datasets\raw-2026-week1\2701\20260916T114040Z_2701_1140_84eee53ae373.jpg
2701,C:\Users\Setekh\Desktop\ISY5002-Project\datasets\raw-2026-week1\2701\20260916T115041Z_2701_1150_db062697ea6d.jpg
2701,C:\Users\Setekh\Desktop\ISY5002-Project\datasets\raw-2026-week1\2701\20260916T120041Z_2701_1200_beafd079172b.jpg
2701,C:\Users\Setekh\Desktop\ISY5002-Project\datasets\raw-2026-week1\2701\20260916T121041Z_2701_1210_4706ed8faf58.jpg
2701,C:\Users\Setekh\Desktop\ISY5002-Project\datasets\raw-2026-week1\2701\20260916T121542Z_2701_1215_9ed421023b34.jpg
2701,C:\Users\Setekh\Desktop\ISY5002-Project\datasets\raw-2026-week1\2701\20260916T123042Z_2701_1230_1c701586cb2e.jpg
2701,C:\Users\Setekh\Desktop\ISY5002-Project\datasets\raw-2026-week1\2701\20260916T124042Z_2701_1240_fc0f60ec9815.jpg
2701,C:\Users\Setekh\Desktop\ISY5002-Project\datasets\raw-2026-week1\2701\20260916T124603Z_2701_1246_fe5554b4273f.jpg
2701,C:\Users\Setekh\Desktop\ISY5002-Project\datasets\raw-2026-week1\2701\20260916T130043Z_2701_1300_daef35472a22.jpg
2701,C:\Users\Setekh\Desktop\ISY5002-Project\datasets\raw-2026-week1\2701\20260916T130543Z_2701_1305_46697526e8b5.jpg
2701,C:\Users\Setekh\Desktop\ISY5002-Project\datasets\raw-2026-week1\2701\20260916T132044Z_2701_1320_9adf99eefc20.jpg
2701,C:\Users\Setekh\Desktop\ISY5002-Project\datasets\raw-2026-week1\2701\20260916T133044Z_2701_1330_e422b13bdc7f.jpg
2701,C:\Users\Setekh\Desktop\ISY5002-Project\datasets\raw-2026-week1\2701\20260916T134045Z_2701_1340_c155ee4a9289.jpg
2701,C:\Users\Setekh\Desktop\ISY5002-Project\datasets\raw-2026-week1\2701\20260916T135045Z_2701_1350_14c3f07212ad.jpg
2701,C:\Users\Setekh\Desktop\ISY5002-Project\datasets\raw-2026-week1\2701\20260916T140045Z_2701_1400_c59e89183100.jpg
2701,C:\Users\Setekh\Desktop\ISY5002-Project\datasets\raw-2026-week1\2701\20260916T141046Z_2701_1410_a898eebfd927.jpg
2701,C:\Users\Setekh\Desktop\ISY5002-Project\datasets\raw-2026-week1\2701\20260916T141606Z_2701_1416_8f130b8ed887.jpg
2701,C:\Users\Setekh\Desktop\ISY5002-Project\datasets\raw-2026-week1\2701\20260916T143046Z_2701_1430_7ac2a2f8cbd8.jpg
2701,C:\Users\Setekh\Desktop\ISY5002-Project\datasets\raw-2026-week1\2701\20260916T144047Z_2701_1440_cd4565d8315a.jpg
2701,C:\Users\Setekh\Desktop\ISY5002-Project\datasets\raw-2026-week1\2701\20260916T145047Z_2701_1450_0c562a7673c1.jpg
2701,C:\Users\Setekh\Desktop\ISY5002-Project\datasets\raw-2026-week1\2701\20260916T150048Z_2701_1500_ce290c3a07f7.jpg
2701,C:\Users\Setekh\Desktop\ISY5002-Project\datasets\raw-2026-week1\2701\20260916T151048Z_2701_1510_2b146e1494ee.jpg
2701,C:\Users\Setekh\Desktop\ISY5002-Project\datasets\raw-2026-week1\2701\20260916T151548Z_2701_1515_49176f2d995d.jpg
2701,C:\Users\Setekh\Desktop\ISY5002-Project\datasets\raw-2026-week1\2701\20260916T152048Z_2701_1520_53e9a5389c84.jpg
2701,C:\Users\Setekh\Desktop\ISY5002-Project\datasets\raw-2026-week1\2701\20260916T153049Z_2701_1530_aa6d88089000.jpg
2701,C:\Users\Setekh\Desktop\ISY5002-Project\datasets\raw-2026-week1\2701\20260916T154049Z_2701_1540_e239894c9a1f.jpg
2701,C:\Users\Setekh\Desktop\ISY5002-Project\datasets\raw-2026-week1\2701\20260916T155049Z_2701_1550_042aa5b60c79.jpg
2701,C:\Users\Setekh\Desktop\ISY5002-Project\datasets\raw-2026-week1\2701\20260916T160030Z_2701_1600_2f8cb1d665df.jpg
2701,C:\Users\Setekh\Desktop\ISY5002-Project\datasets\raw-2026-week1\2701\20260916T160550Z_2701_1605_627bd3879f11.jpg
2701,C:\Users\Setekh\Desktop\ISY5002-Project\datasets\raw-2026-week1\2701\20260916T162031Z_2701_1620_b4169eb73e0f.jpg
2701,C:\Users\Setekh\Desktop\ISY5002-Project\datasets\raw-2026-week1\2701\20260916T163031Z_2701_1630_98773498f1cc.jpg
2701,C:\Users\Setekh\Desktop\ISY5002-Project\datasets\raw-2026-week1\2701\20260916T164031Z_2701_1640_424759ae1823.jpg
2701,C:\Users\Setekh\Desktop\ISY5002-Project\datasets\raw-2026-week1\2701\20260916T165032Z_2701_1650_f1b262249fd2.jpg
2701,C:\Users\Setekh\Desktop\ISY5002-Project\datasets\raw-2026-week1\2701\20260916T170032Z_2701_1700_19fd58e0bebf.jpg
2701,C:\Users\Setekh\Desktop\ISY5002-Project\datasets\raw-2026-week1\2701\20260916T171052Z_2701_1710_34c08d0c44f3.jpg
2701,C:\Users\Setekh\Desktop\ISY5002-Project\datasets\raw-2026-week1\2701\20260916T172033Z_2701_1720_55e6a7bba265.jpg
2701,C:\Users\Setekh\Desktop\ISY5002-Project\datasets\raw-2026-week1\2701\20260916T173033Z_2701_1730_69ff61b570ba.jpg
2701,C:\Users\Setekh\Desktop\ISY5002-Project\datasets\raw-2026-week1\2701\20260916T174033Z_2701_1740_d27ee6e94069.jpg
2701,C:\Users\Setekh\Desktop\ISY5002-Project\datasets\raw-2026-week1\2701\20260916T175034Z_2701_1750_f66753e87fc6.jpg
2701,C:\Users\Setekh\Desktop\ISY5002-Project\datasets\raw-2026-week1\2701\20260916T180034Z_2701_1800_6e6c701b7c2e.jpg
2701,C:\Users\Setekh\Desktop\ISY5002-Project\datasets\raw-2026-week1\2701\20260916T181035Z_2701_1810_8f1db6b152a8.jpg
2701,C:\Users\Setekh\Desktop\ISY5002-Project\datasets\raw-2026-week1\2701\20260916T182035Z_2701_1820_ff9f2e5c9fb0.jpg
2701,C:\Users\Setekh\Desktop\ISY5002-Project\datasets\raw-2026-week1\2701\20260916T183035Z_2701_1830_d206d3866f7c.jpg
2701,C:\Users\Setekh\Desktop\ISY5002-Project\datasets\raw-2026-week1\2701\20260916T184036Z_2701_1840_7497b5584701.jpg
2701,C:\Users\Setekh\Desktop\ISY5002-Project\datasets\raw-2026-week1\2701\20260916T184556Z_2701_1845_4a987703102d.jpg
2701,C:\Users\Setekh\Desktop\ISY5002-Project\datasets\raw-2026-week1\2701\20260916T190036Z_2701_1900_29dae1753a04.jpg
2701,C:\Users\Setekh\Desktop\ISY5002-Project\datasets\raw-2026-week1\2701\20260916T191037Z_2701_1910_3cfc089be2bf.jpg
2701,C:\Users\Setekh\Desktop\ISY5002-Project\datasets\raw-2026-week1\2701\20260916T192037Z_2701_1920_e583cc8945d3.jpg
2701,C:\Users\Setekh\Desktop\ISY5002-Project\datasets\raw-2026-week1\2701\20260916T193038Z_2701_1930_8a4c54ec24f5.jpg
2701,C:\Users\Setekh\Desktop\ISY5002-Project\datasets\raw-2026-week1\2701\20260916T194038Z_2701_1940_90d6b6a09b5f.jpg
2701,C:\Users\Setekh\Desktop\ISY5002-Project\datasets\raw-2026-week1\2701\20260916T195038Z_2701_1950_289cc5ce2e6e.jpg
2701,C:\Users\Setekh\Desktop\ISY5002-Project\datasets\raw-2026-week1\2701\20260916T200039Z_2701_2000_e687e65a244a.jpg
2701,C:\Users\Setekh\Desktop\ISY5002-Project\datasets\raw-2026-week1\2701\20260916T201039Z_2701_2010_eb36cf0e62dc.jpg
2701,C:\Users\Setekh\Desktop\ISY5002-Project\datasets\raw-2026-week1\2701\20260916T202039Z_2701_2020_431efacc0083.jpg
2701,C:\Users\Setekh\Desktop\ISY5002-Project\datasets\raw-2026-week1\2701\20260916T203040Z_2701_2030_7a6b2fe04d65.jpg
2701,C:\Users\Setekh\Desktop\ISY5002-Project\datasets\raw-2026-week1\2701\20260916T204040Z_2701_2040_784e4451267a.jpg
2701,C:\Users\Setekh\Desktop\ISY5002-Project\datasets\raw-2026-week1\2701\20260916T205041Z_2701_2050_ae0d9948858d.jpg
2701,C:\Users\Setekh\Desktop\ISY5002-Project\datasets\raw-2026-week1\2701\20260916T205601Z_2701_2056_827d84eb09d6.jpg
2701,C:\Users\Setekh\Desktop\ISY5002-Project\datasets\raw-2026-week1\2701\20260916T210541Z_2701_2105_031043d6f1fa.jpg
2701,C:\Users\Setekh\Desktop\ISY5002-Project\datasets\raw-2026-week1\2701\20260916T212042Z_2701_2120_8cfe5d52d856.jpg
2701,C:\Users\Setekh\Desktop\ISY5002-Project\datasets\raw-2026-week1\2701\20260916T212542Z_2701_2125_89e826d1a792.jpg
2701,C:\Users\Setekh\Desktop\ISY5002-Project\datasets\raw-2026-week1\2701\20260916T214043Z_2701_2140_ac4ddf16bb29.jpg
2701,C:\Users\Setekh\Desktop\ISY5002-Project\datasets\raw-2026-week1\2701\20260916T214603Z_2701_2146_5e4d4758a179.jpg
2701,C:\Users\Setekh\Desktop\ISY5002-Project\datasets\raw-2026-week1\2701\20260916T220023Z_2701_2200_74172d4c189e.jpg
2701,C:\Users\Setekh\Desktop\ISY5002-Project\datasets\raw-2026-week1\2701\20260916T220523Z_2701_2205_e29e2fee1d0e.jpg
2701,C:\Users\Setekh\Desktop\ISY5002-Project\datasets\raw-2026-week1\2701\20260916T222044Z_2701_2220_76e5aa528bb6.jpg
2701,C:\Users\Setekh\Desktop\ISY5002-Project\datasets\raw-2026-week1\2701\20260916T223024Z_2701_2230_44101b8465bb.jpg
2701,C:\Users\Setekh\Desktop\ISY5002-Project\datasets\raw-2026-week1\2701\20260916T224045Z_2701_2240_87507d9089a0.jpg
2701,C:\Users\Setekh\Desktop\ISY5002-Project\datasets\raw-2026-week1\2701\20260916T225045Z_2701_2250_9889021fc48d.jpg
2701,C:\Users\Setekh\Desktop\ISY5002-Project\datasets\raw-2026-week1\2701\20260916T230025Z_2701_2300_965d4faaa7f0.jpg
2701,C:\Users\Setekh\Desktop\ISY5002-Project\datasets\raw-2026-week1\2701\20260916T231046Z_2701_2310_a7c5193b3584.jpg
2701,C:\Users\Setekh\Desktop\ISY5002-Project\datasets\raw-2026-week1\2701\20260916T232026Z_2701_2320_3b526d8233c6.jpg
2701,C:\Users\Setekh\Desktop\ISY5002-Project\datasets\raw-2026-week1\2701\20260916T233027Z_2701_2330_edcd85e313c9.jpg
2701,C:\Users\Setekh\Desktop\ISY5002-Project\datasets\raw-2026-week1\2701\20260916T234047Z_2701_2340_dde9ac9d0522.jpg
2701,C:\Users\Setekh\Desktop\ISY5002-Project\datasets\raw-2026-week1\2701\20260916T235027Z_2701_2350_ba211e6d9ae0.jpg
2701,C:\Users\Setekh\Desktop\ISY5002-Project\datasets\raw-2026-week1\2701\20260917T000028Z_2701_0000_18e69975de85.jpg
2701,C:\Users\Setekh\Desktop\ISY5002-Project\datasets\raw-2026-week1\2701\20260917T001028Z_2701_0010_d3cde7bddbdd.jpg
2701,C:\Users\Setekh\Desktop\ISY5002-Project\datasets\raw-2026-week1\2701\20260917T002028Z_2701_0020_7b8388ce380e.jpg
2701,C:\Users\Setekh\Desktop\ISY5002-Project\datasets\raw-2026-week1\2701\20260917T003029Z_2701_0030_f326fdf3467d.jpg
2701,C:\Users\Setekh\Desktop\ISY5002-Project\datasets\raw-2026-week1\2701\20260917T004029Z_2701_0040_595a7d420733.jpg
2701,C:\Users\Setekh\Desktop\ISY5002-Project\datasets\raw-2026-week1\2701\20260917T005029Z_2701_0050_cce11be1d61d.jpg
2701,C:\Users\Setekh\Desktop\ISY5002-Project\datasets\raw-2026-week1\2701\20260917T010050Z_2701_0100_a78e809f4c76.jpg
2701,C:\Users\Setekh\Desktop\ISY5002-Project\datasets\raw-2026-week1\2701\20260917T011050Z_2701_0110_fee18170c735.jpg
2701,C:\Users\Setekh\Desktop\ISY5002-Project\datasets\raw-2026-week1\2701\20260917T011530Z_2701_0115_5e512b5cfbf2.jpg
2701,C:\Users\Setekh\Desktop\ISY5002-Project\datasets\raw-2026-week1\2701\20260917T012531Z_2701_0125_ecc4744ba006.jpg
2701,C:\Users\Setekh\Desktop\ISY5002-Project\datasets\raw-2026-week1\2701\20260917T014031Z_2701_0140_ecc6037dfa40.jpg
2701,C:\Users\Setekh\Desktop\ISY5002-Project\datasets\raw-2026-week1\2701\20260917T015052Z_2701_0150_5f402d227097.jpg
2701,C:\Users\Setekh\Desktop\ISY5002-Project\datasets\raw-2026-week1\2701\20260917T020032Z_2701_0200_3432815791cf.jpg
2701,C:\Users\Setekh\Desktop\ISY5002-Project\datasets\raw-2026-week1\2701\20260917T021052Z_2701_0210_584f9e1fb68f.jpg
2701,C:\Users\Setekh\Desktop\ISY5002-Project\datasets\raw-2026-week1\2701\20260917T021553Z_2701_0215_fb2d31e608a4.jpg
2701,C:\Users\Setekh\Desktop\ISY5002-Project\datasets\raw-2026-week1\2701\20260917T023033Z_2701_0230_e12b6e0fee0f.jpg
2701,C:\Users\Setekh\Desktop\ISY5002-Project\datasets\raw-2026-week1\2701\20260917T023533Z_2701_0235_b61c8969fab0.jpg
2701,C:\Users\Setekh\Desktop\ISY5002-Project\datasets\raw-2026-week1\2701\20260917T024054Z_2701_0240_dc7ef803fd6f.jpg
2701,C:\Users\Setekh\Desktop\ISY5002-Project\datasets\raw-2026-week1\2701\20260917T025034Z_2701_0250_5880d9b725a1.jpg
2701,C:\Users\Setekh\Desktop\ISY5002-Project\datasets\raw-2026-week1\2701\20260917T030034Z_2701_0300_93344daf3972.jpg
2701,C:\Users\Setekh\Desktop\ISY5002-Project\datasets\raw-2026-week1\2701\20260917T031035Z_2701_0310_3a99c303b724.jpg
2701,C:\Users\Setekh\Desktop\ISY5002-Project\datasets\raw-2026-week1\2701\20260917T032035Z_2701_0320_04c7d4ae73c4.jpg
2701,C:\Users\Setekh\Desktop\ISY5002-Project\datasets\raw-2026-week1\2701\20260917T033055Z_2701_0330_eed576c1c926.jpg
2701,C:\Users\Setekh\Desktop\ISY5002-Project\datasets\raw-2026-week1\2701\20260917T033536Z_2701_0335_7e2759296920.jpg
2701,C:\Users\Setekh\Desktop\ISY5002-Project\datasets\raw-2026-week1\2701\20260917T035036Z_2701_0350_9ed43cb50708.jpg
2701,C:\Users\Setekh\Desktop\ISY5002-Project\datasets\raw-2026-week1\2701\20260917T040056Z_2701_0400_d4d1e45e7ec5.jpg
2701,C:\Users\Setekh\Desktop\ISY5002-Project\datasets\raw-2026-week1\2701\20260917T040537Z_2701_0405_517b3ab5e12f.jpg
2701,C:\Users\Setekh\Desktop\ISY5002-Project\datasets\raw-2026-week1\2701\20260917T042037Z_2701_0420_71807bcbfd1e.jpg
2701,C:\Users\Setekh\Desktop\ISY5002-Project\datasets\raw-2026-week1\2701\20260917T043038Z_2701_0430_054111d92dee.jpg
2701,C:\Users\Setekh\Desktop\ISY5002-Project\datasets\raw-2026-week1\2701\20260917T043538Z_2701_0435_da8787c0e252.jpg
2701,C:\Users\Setekh\Desktop\ISY5002-Project\datasets\raw-2026-week1\2701\20260917T045038Z_2701_0450_57c2c8ef7003.jpg
2701,C:\Users\Setekh\Desktop\ISY5002-Project\datasets\raw-2026-week1\2701\20260917T045558Z_2701_0455_a5e1b44d7a4c.jpg
2701,C:\Users\Setekh\Desktop\ISY5002-Project\datasets\raw-2026-week1\2701\20260917T051039Z_2701_0510_4247b3de4fb2.jpg
2701,C:\Users\Setekh\Desktop\ISY5002-Project\datasets\raw-2026-week1\2701\20260917T051559Z_2701_0515_522be46629d1.jpg
2701,C:\Users\Setekh\Desktop\ISY5002-Project\datasets\raw-2026-week1\2701\20260917T052600Z_2701_0526_89ec71bc8a85.jpg
2701,C:\Users\Setekh\Desktop\ISY5002-Project\datasets\raw-2026-week1\2701\20260917T053600Z_2701_0536_4930d73efff1.jpg
2701,C:\Users\Setekh\Desktop\ISY5002-Project\datasets\raw-2026-week1\2701\20260917T054540Z_2701_0545_871c7c0ca4b1.jpg
2701,C:\Users\Setekh\Desktop\ISY5002-Project\datasets\raw-2026-week1\2701\20260917T055601Z_2701_0556_ce6787424f70.jpg
2701,C:\Users\Setekh\Desktop\ISY5002-Project\datasets\raw-2026-week1\2701\20260917T061021Z_2701_0610_833b4269785b.jpg
2701,C:\Users\Setekh\Desktop\ISY5002-Project\datasets\raw-2026-week1\2701\20260917T062041Z_2701_0620_68ba56062745.jpg
2701,C:\Users\Setekh\Desktop\ISY5002-Project\datasets\raw-2026-week1\2701\20260917T063022Z_2701_0630_2b681b7dfabb.jpg
2701,C:\Users\Setekh\Desktop\ISY5002-Project\datasets\raw-2026-week1\2701\20260917T063542Z_2701_0635_501a61b1d637.jpg
2701,C:\Users\Setekh\Desktop\ISY5002-Project\datasets\raw-2026-week1\2701\20260917T065022Z_2701_0650_c07218bb73a5.jpg
2701,C:\Users\Setekh\Desktop\ISY5002-Project\datasets\raw-2026-week1\2701\20260917T070023Z_2701_0700_663bf413bc30.jpg
2701,C:\Users\Setekh\Desktop\ISY5002-Project\datasets\raw-2026-week1\2701\20260917T070523Z_2701_0705_e50d87ebcfc7.jpg
2701,C:\Users\Setekh\Desktop\ISY5002-Project\datasets\raw-2026-week1\2701\20260917T072044Z_2701_0720_0b13b9dfe391.jpg
2701,C:\Users\Setekh\Desktop\ISY5002-Project\datasets\raw-2026-week1\2701\20260917T072604Z_2701_0726_fcf55d0818cf.jpg
2701,C:\Users\Setekh\Desktop\ISY5002-Project\datasets\raw-2026-week1\2701\20260917T073544Z_2701_0735_aa61aaa2a54b.jpg
2701,C:\Users\Setekh\Desktop\ISY5002-Project\datasets\raw-2026-week1\2701\20260917T075025Z_2701_0750_0fa30fd46cfc.jpg
2701,C:\Users\Setekh\Desktop\ISY5002-Project\datasets\raw-2026-week1\2701\20260917T080025Z_2701_0800_4b16580e4a56.jpg
2701,C:\Users\Setekh\Desktop\ISY5002-Project\datasets\raw-2026-week1\2701\20260917T081045Z_2701_0810_2054c366d4c8.jpg
2701,C:\Users\Setekh\Desktop\ISY5002-Project\datasets\raw-2026-week1\2701\20260917T081546Z_2701_0815_a4c07bdeb222.jpg
2701,C:\Users\Setekh\Desktop\ISY5002-Project\datasets\raw-2026-week1\2701\20260917T082046Z_2701_0820_63f87e3ac157.jpg
2701,C:\Users\Setekh\Desktop\ISY5002-Project\datasets\raw-2026-week1\2701\20260917T082546Z_2701_0825_84e99e94290c.jpg
2701,C:\Users\Setekh\Desktop\ISY5002-Project\datasets\raw-2026-week1\2701\20260917T084046Z_2701_0840_092f3a6b5d88.jpg
2701,C:\Users\Setekh\Desktop\ISY5002-Project\datasets\raw-2026-week1\2701\20260917T085047Z_2701_0850_76118e9d95f6.jpg
2701,C:\Users\Setekh\Desktop\ISY5002-Project\datasets\raw-2026-week1\2701\20260917T090027Z_2701_0900_e004cca749a5.jpg
2701,C:\Users\Setekh\Desktop\ISY5002-Project\datasets\raw-2026-week1\2701\20260917T091048Z_2701_0910_a5ba172da3a2.jpg
2701,C:\Users\Setekh\Desktop\ISY5002-Project\datasets\raw-2026-week1\2701\20260917T092048Z_2701_0920_83c6983a682c.jpg
2701,C:\Users\Setekh\Desktop\ISY5002-Project\datasets\raw-2026-week1\2701\20260917T092548Z_2701_0925_02f5c96309ec.jpg
2701,C:\Users\Setekh\Desktop\ISY5002-Project\datasets\raw-2026-week1\2701\20260917T094049Z_2701_0940_9adcaf78caa3.jpg
2701,C:\Users\Setekh\Desktop\ISY5002-Project\datasets\raw-2026-week1\2701\20260917T095029Z_2701_0950_b3a460118907.jpg
2701,C:\Users\Setekh\Desktop\ISY5002-Project\datasets\raw-2026-week1\2701\20260917T095549Z_2701_0955_a48af6e78b9d.jpg
2701,C:\Users\Setekh\Desktop\ISY5002-Project\datasets\raw-2026-week1\2701\20260917T101050Z_2701_1010_84aea5e46142.jpg
2701,C:\Users\Setekh\Desktop\ISY5002-Project\datasets\raw-2026-week1\2701\20260917T102030Z_2701_1020_6fd7b01f0a5e.jpg
2701,C:\Users\Setekh\Desktop\ISY5002-Project\datasets\raw-2026-week1\2701\20260917T103051Z_2701_1030_fb1fe20aa0b6.jpg
2701,C:\Users\Setekh\Desktop\ISY5002-Project\datasets\raw-2026-week1\2701\20260917T104031Z_2701_1040_412532e30a6d.jpg
2701,C:\Users\Setekh\Desktop\ISY5002-Project\datasets\raw-2026-week1\2701\20260917T105031Z_2701_1050_be4dcd992dac.jpg
2701,C:\Users\Setekh\Desktop\ISY5002-Project\datasets\raw-2026-week1\2701\20260917T110052Z_2701_1100_94ae411f129c.jpg
2701,C:\Users\Setekh\Desktop\ISY5002-Project\datasets\raw-2026-week1\2701\20260917T111032Z_2701_1110_d86b0ab43655.jpg
2701,C:\Users\Setekh\Desktop\ISY5002-Project\datasets\raw-2026-week1\2701\20260917T112052Z_2701_1120_701106cca8aa.jpg
2701,C:\Users\Setekh\Desktop\ISY5002-Project\datasets\raw-2026-week1\2701\20260917T113033Z_2701_1130_11185d7cef7f.jpg
2701,C:\Users\Setekh\Desktop\ISY5002-Project\datasets\raw-2026-week1\2701\20260917T114033Z_2701_1140_35b1518868fe.jpg
2701,C:\Users\Setekh\Desktop\ISY5002-Project\datasets\raw-2026-week1\2701\20260917T115054Z_2701_1150_148d33d66ad1.jpg
2701,C:\Users\Setekh\Desktop\ISY5002-Project\datasets\raw-2026-week1\2701\20260917T115534Z_2701_1155_7608ce9c6888.jpg
2701,C:\Users\Setekh\Desktop\ISY5002-Project\datasets\raw-2026-week1\2701\20260917T121034Z_2701_1210_067730976c85.jpg
2701,C:\Users\Setekh\Desktop\ISY5002-Project\datasets\raw-2026-week1\2701\20260917T122035Z_2701_1220_e2c2843fbe96.jpg
2701,C:\Users\Setekh\Desktop\ISY5002-Project\datasets\raw-2026-week1\2701\20260917T123055Z_2701_1230_dd696334cb78.jpg
2701,C:\Users\Setekh\Desktop\ISY5002-Project\datasets\raw-2026-week1\2701\20260917T124036Z_2701_1240_a13be89893cd.jpg
2701,C:\Users\Setekh\Desktop\ISY5002-Project\datasets\raw-2026-week1\2701\20260917T124536Z_2701_1245_c604a57b4abe.jpg
2701,C:\Users\Setekh\Desktop\ISY5002-Project\datasets\raw-2026-week1\2701\20260917T130036Z_2701_1300_45d04513a890.jpg
2701,C:\Users\Setekh\Desktop\ISY5002-Project\datasets\raw-2026-week1\2701\20260917T131037Z_2701_1310_858ace91bdcd.jpg
2701,C:\Users\Setekh\Desktop\ISY5002-Project\datasets\raw-2026-week1\2701\20260917T132057Z_2701_1320_afe483ad6188.jpg
2701,C:\Users\Setekh\Desktop\ISY5002-Project\datasets\raw-2026-week1\2701\20260917T133037Z_2701_1330_85962ca971ef.jpg
2701,C:\Users\Setekh\Desktop\ISY5002-Project\datasets\raw-2026-week1\2701\20260917T134038Z_2701_1340_3dfa41816c13.jpg
2701,C:\Users\Setekh\Desktop\ISY5002-Project\datasets\raw-2026-week1\2701\20260917T134538Z_2701_1345_a14b8657d437.jpg
2701,C:\Users\Setekh\Desktop\ISY5002-Project\datasets\raw-2026-week1\2701\20260917T135538Z_2701_1355_2c05e73f58d9.jpg
2701,C:\Users\Setekh\Desktop\ISY5002-Project\datasets\raw-2026-week1\2701\20260917T140038Z_2701_1400_700745dffe3e.jpg
2701,C:\Users\Setekh\Desktop\ISY5002-Project\datasets\raw-2026-week1\2701\20260917T141039Z_2701_1410_77868906102e.jpg
2701,C:\Users\Setekh\Desktop\ISY5002-Project\datasets\raw-2026-week1\2701\20260917T141559Z_2701_1415_e42b8ea7b5e0.jpg
2701,C:\Users\Setekh\Desktop\ISY5002-Project\datasets\raw-2026-week1\2701\20260917T143040Z_2701_1430_fabc3606d6a2.jpg
2701,C:\Users\Setekh\Desktop\ISY5002-Project\datasets\raw-2026-week1\2701\20260917T144040Z_2701_1440_d1bd5f21fd3a.jpg
2701,C:\Users\Setekh\Desktop\ISY5002-Project\datasets\raw-2026-week1\2701\20260917T144540Z_2701_1445_453db8ed0c01.jpg
2701,C:\Users\Setekh\Desktop\ISY5002-Project\datasets\raw-2026-week1\2701\20260917T150041Z_2701_1500_61324579eeed.jpg
2701,C:\Users\Setekh\Desktop\ISY5002-Project\datasets\raw-2026-week1\2701\20260917T150601Z_2701_1506_804415ec3338.jpg
2701,C:\Users\Setekh\Desktop\ISY5002-Project\datasets\raw-2026-week1\2701\20260917T151601Z_2701_1516_32253cdb7308.jpg
2701,C:\Users\Setekh\Desktop\ISY5002-Project\datasets\raw-2026-week1\2701\20260917T153042Z_2701_1530_36332304ed38.jpg
2701,C:\Users\Setekh\Desktop\ISY5002-Project\datasets\raw-2026-week1\2701\20260917T153542Z_2701_1535_8a7acb6bf818.jpg
2701,C:\Users\Setekh\Desktop\ISY5002-Project\datasets\raw-2026-week1\2701\20260917T155042Z_2701_1550_0ddbcb514884.jpg
2701,C:\Users\Setekh\Desktop\ISY5002-Project\datasets\raw-2026-week1\2701\20260917T155603Z_2701_1556_4c6a9e81236b.jpg
2701,C:\Users\Setekh\Desktop\ISY5002-Project\datasets\raw-2026-week1\2701\20260917T160603Z_2701_1606_c9769a2d4f8b.jpg
2701,C:\Users\Setekh\Desktop\ISY5002-Project\datasets\raw-2026-week1\2701\20260917T161603Z_2701_1616_ba877655ae74.jpg
2701,C:\Users\Setekh\Desktop\ISY5002-Project\datasets\raw-2026-week1\2701\20260917T163044Z_2701_1630_407c9734be41.jpg
2701,C:\Users\Setekh\Desktop\ISY5002-Project\datasets\raw-2026-week1\2701\20260917T164044Z_2701_1640_8e451a255f89.jpg
2701,C:\Users\Setekh\Desktop\ISY5002-Project\datasets\raw-2026-week1\2701\20260917T165045Z_2701_1650_da1bc7ddde98.jpg
2701,C:\Users\Setekh\Desktop\ISY5002-Project\datasets\raw-2026-week1\2701\20260917T170045Z_2701_1700_f3d800d1d73f.jpg
2701,C:\Users\Setekh\Desktop\ISY5002-Project\datasets\raw-2026-week1\2701\20260917T171045Z_2701_1710_f52f0b833166.jpg
2701,C:\Users\Setekh\Desktop\ISY5002-Project\datasets\raw-2026-week1\2701\20260917T172026Z_2701_1720_b235173c5886.jpg
2701,C:\Users\Setekh\Desktop\ISY5002-Project\datasets\raw-2026-week1\2701\20260917T173046Z_2701_1730_c60b423568fd.jpg
2701,C:\Users\Setekh\Desktop\ISY5002-Project\datasets\raw-2026-week1\2701\20260917T174046Z_2701_1740_dd9f3850c102.jpg
2701,C:\Users\Setekh\Desktop\ISY5002-Project\datasets\raw-2026-week1\2701\20260917T175047Z_2701_1750_c70b53c70287.jpg
2701,C:\Users\Setekh\Desktop\ISY5002-Project\datasets\raw-2026-week1\2701\20260917T175607Z_2701_1756_76154e260f12.jpg
2701,C:\Users\Setekh\Desktop\ISY5002-Project\datasets\raw-2026-week1\2701\20260917T181028Z_2701_1810_b591e9d7edef.jpg
2701,C:\Users\Setekh\Desktop\ISY5002-Project\datasets\raw-2026-week1\2701\20260917T182028Z_2701_1820_a38df945ba92.jpg
2701,C:\Users\Setekh\Desktop\ISY5002-Project\datasets\raw-2026-week1\2701\20260917T183028Z_2701_1830_e4f0e19d330a.jpg
2701,C:\Users\Setekh\Desktop\ISY5002-Project\datasets\raw-2026-week1\2701\20260917T184029Z_2701_1840_6e1fb2b0dfa2.jpg
2701,C:\Users\Setekh\Desktop\ISY5002-Project\datasets\raw-2026-week1\2701\20260917T185029Z_2701_1850_7a8f934c89d7.jpg
2701,C:\Users\Setekh\Desktop\ISY5002-Project\datasets\raw-2026-week1\2701\20260917T185609Z_2701_1856_66e8c739040a.jpg
2701,C:\Users\Setekh\Desktop\ISY5002-Project\datasets\raw-2026-week1\2701\20260917T191030Z_2701_1910_5904b2f61b7a.jpg
2701,C:\Users\Setekh\Desktop\ISY5002-Project\datasets\raw-2026-week1\2701\20260917T192030Z_2701_1920_1633b98a9316.jpg
2701,C:\Users\Setekh\Desktop\ISY5002-Project\datasets\raw-2026-week1\2701\20260917T193051Z_2701_1930_884e7a03349b.jpg
2701,C:\Users\Setekh\Desktop\ISY5002-Project\datasets\raw-2026-week1\2701\20260917T193531Z_2701_1935_5f6d411422b0.jpg
2701,C:\Users\Setekh\Desktop\ISY5002-Project\datasets\raw-2026-week1\2701\20260917T194551Z_2701_1945_6ae7060f5892.jpg
2701,C:\Users\Setekh\Desktop\ISY5002-Project\datasets\raw-2026-week1\2701\20260917T200032Z_2701_2000_87dc2eabdcd1.jpg
2701,C:\Users\Setekh\Desktop\ISY5002-Project\datasets\raw-2026-week1\2701\20260917T201052Z_2701_2010_897e261fca0f.jpg
2701,C:\Users\Setekh\Desktop\ISY5002-Project\datasets\raw-2026-week1\2701\20260917T202052Z_2701_2020_0a54dc0bf1f9.jpg
2701,C:\Users\Setekh\Desktop\ISY5002-Project\datasets\raw-2026-week1\2701\20260917T203033Z_2701_2030_ae8a89940466.jpg
2701,C:\Users\Setekh\Desktop\ISY5002-Project\datasets\raw-2026-week1\2701\20260917T204033Z_2701_2040_6e497089a36c.jpg
2701,C:\Users\Setekh\Desktop\ISY5002-Project\datasets\raw-2026-week1\2701\20260917T205053Z_2701_2050_271b0e7498da.jpg
2701,C:\Users\Setekh\Desktop\ISY5002-Project\datasets\raw-2026-week1\2701\20260917T210054Z_2701_2100_811dbf537c67.jpg
2701,C:\Users\Setekh\Desktop\ISY5002-Project\datasets\raw-2026-week1\2701\20260917T211054Z_2701_2110_71a6836a04c9.jpg
2701,C:\Users\Setekh\Desktop\ISY5002-Project\datasets\raw-2026-week1\2701\20260917T212035Z_2701_2120_ca87de387f4e.jpg
2701,C:\Users\Setekh\Desktop\ISY5002-Project\datasets\raw-2026-week1\2701\20260917T212555Z_2701_2125_b92e72a3014c.jpg
2701,C:\Users\Setekh\Desktop\ISY5002-Project\datasets\raw-2026-week1\2701\20260917T214055Z_2701_2140_b4c7a71891a3.jpg
2701,C:\Users\Setekh\Desktop\ISY5002-Project\datasets\raw-2026-week1\2701\20260917T215056Z_2701_2150_93576a6f1c72.jpg
2701,C:\Users\Setekh\Desktop\ISY5002-Project\datasets\raw-2026-week1\2701\20260917T220036Z_2701_2200_51916d9e662a.jpg
2701,C:\Users\Setekh\Desktop\ISY5002-Project\datasets\raw-2026-week1\2701\20260917T221036Z_2701_2210_b27e69a48ad8.jpg
2701,C:\Users\Setekh\Desktop\ISY5002-Project\datasets\raw-2026-week1\2701\20260917T221557Z_2701_2215_ef01523ff4c7.jpg
2701,C:\Users\Setekh\Desktop\ISY5002-Project\datasets\raw-2026-week1\2701\20260917T223037Z_2701_2230_facd5536907f.jpg
2701,C:\Users\Setekh\Desktop\ISY5002-Project\datasets\raw-2026-week1\2701\20260917T223557Z_2701_2235_4b87d0314724.jpg
2701,C:\Users\Setekh\Desktop\ISY5002-Project\datasets\raw-2026-week1\2701\20260917T224558Z_2701_2245_f5d0b88bcb12.jpg
2701,C:\Users\Setekh\Desktop\ISY5002-Project\datasets\raw-2026-week1\2701\20260917T225538Z_2701_2255_9ad44b0c4c36.jpg
2701,C:\Users\Setekh\Desktop\ISY5002-Project\datasets\raw-2026-week1\2701\20260917T230558Z_2701_2305_885bab164d81.jpg
2701,C:\Users\Setekh\Desktop\ISY5002-Project\datasets\raw-2026-week1\2701\20260917T232039Z_2701_2320_8bc595badba1.jpg
2701,C:\Users\Setekh\Desktop\ISY5002-Project\datasets\raw-2026-week1\2701\20260917T233039Z_2701_2330_7a42a711f79b.jpg
2701,C:\Users\Setekh\Desktop\ISY5002-Project\datasets\raw-2026-week1\2701\20260917T234040Z_2701_2340_ba781f25ab4f.jpg
2701,C:\Users\Setekh\Desktop\ISY5002-Project\datasets\raw-2026-week1\2701\20260917T235040Z_2701_2350_13c56abbdd12.jpg
2701,C:\Users\Setekh\Desktop\ISY5002-Project\datasets\raw-2026-week1\2701\20260918T000040Z_2701_0000_3d60a4a086dc.jpg
2701,C:\Users\Setekh\Desktop\ISY5002-Project\datasets\raw-2026-week1\2701\20260918T001041Z_2701_0010_d0bd1c792164.jpg
2701,C:\Users\Setekh\Desktop\ISY5002-Project\datasets\raw-2026-week1\2701\20260918T002041Z_2701_0020_48f1dd90c206.jpg
2701,C:\Users\Setekh\Desktop\ISY5002-Project\datasets\raw-2026-week1\2701\20260918T003042Z_2701_0030_323d3d41c8e2.jpg
2701,C:\Users\Setekh\Desktop\ISY5002-Project\datasets\raw-2026-week1\2701\20260918T004042Z_2701_0040_e5228d9ff40e.jpg
2701,C:\Users\Setekh\Desktop\ISY5002-Project\datasets\raw-2026-week1\2701\20260918T005042Z_2701_0050_75bee5c97f29.jpg
2701,C:\Users\Setekh\Desktop\ISY5002-Project\datasets\raw-2026-week1\2701\20260918T010043Z_2701_0100_98e0e1cbec19.jpg
2701,C:\Users\Setekh\Desktop\ISY5002-Project\datasets\raw-2026-week1\2701\20260918T011043Z_2701_0110_60bfd6d34685.jpg
2701,C:\Users\Setekh\Desktop\ISY5002-Project\datasets\raw-2026-week1\2701\20260918T011543Z_2701_0115_394a680bc6ea.jpg
2701,C:\Users\Setekh\Desktop\ISY5002-Project\datasets\raw-2026-week1\2701\20260918T013044Z_2701_0130_fe07defa10b7.jpg
2701,C:\Users\Setekh\Desktop\ISY5002-Project\datasets\raw-2026-week1\2701\20260918T014044Z_2701_0140_6b2283d5ce25.jpg
2701,C:\Users\Setekh\Desktop\ISY5002-Project\datasets\raw-2026-week1\2701\20260918T015044Z_2701_0150_a64926072238.jpg
2701,C:\Users\Setekh\Desktop\ISY5002-Project\datasets\raw-2026-week1\2701\20260918T020045Z_2701_0200_0c898c41a574.jpg
2701,C:\Users\Setekh\Desktop\ISY5002-Project\datasets\raw-2026-week1\2701\20260918T020545Z_2701_0205_a2536d58a894.jpg
2701,C:\Users\Setekh\Desktop\ISY5002-Project\datasets\raw-2026-week1\2701\20260918T022026Z_2701_0220_0783066ef9a6.jpg
2701,C:\Users\Setekh\Desktop\ISY5002-Project\datasets\raw-2026-week1\2701\20260918T023046Z_2701_0230_a363f56ec04d.jpg
2701,C:\Users\Setekh\Desktop\ISY5002-Project\datasets\raw-2026-week1\2701\20260918T024046Z_2701_0240_d0700eb921b2.jpg
2701,C:\Users\Setekh\Desktop\ISY5002-Project\datasets\raw-2026-week1\2701\20260918T025047Z_2701_0250_d7c72efb3513.jpg
2701,C:\Users\Setekh\Desktop\ISY5002-Project\datasets\raw-2026-week1\2701\20260918T025547Z_2701_0255_893a9b180f28.jpg
2701,C:\Users\Setekh\Desktop\ISY5002-Project\datasets\raw-2026-week1\2701\20260918T031047Z_2701_0310_eac93b70b49f.jpg
2701,C:\Users\Setekh\Desktop\ISY5002-Project\datasets\raw-2026-week1\2701\20260918T032608Z_2701_0326_c75dedd52356.jpg
2701,C:\Users\Setekh\Desktop\ISY5002-Project\datasets\raw-2026-week1\2701\20260918T033548Z_2701_0335_7a71f2c70583.jpg
2701,C:\Users\Setekh\Desktop\ISY5002-Project\datasets\raw-2026-week1\2701\20260918T035049Z_2701_0350_fa060d466444.jpg
2701,C:\Users\Setekh\Desktop\ISY5002-Project\datasets\raw-2026-week1\2701\20260918T040029Z_2701_0400_a1eff55897fb.jpg
2701,C:\Users\Setekh\Desktop\ISY5002-Project\datasets\raw-2026-week1\2701\20260918T041030Z_2701_0410_a6752ce1ce6f.jpg
2701,C:\Users\Setekh\Desktop\ISY5002-Project\datasets\raw-2026-week1\2701\20260918T042050Z_2701_0420_645f73b952fe.jpg
2701,C:\Users\Setekh\Desktop\ISY5002-Project\datasets\raw-2026-week1\2701\20260918T043050Z_2701_0430_c1bf84ddbaff.jpg
2701,C:\Users\Setekh\Desktop\ISY5002-Project\datasets\raw-2026-week1\2701\20260918T044031Z_2701_0440_f5ee2c90ca07.jpg
2701,C:\Users\Setekh\Desktop\ISY5002-Project\datasets\raw-2026-week1\2701\20260918T045031Z_2701_0450_51dbca156d42.jpg
2701,C:\Users\Setekh\Desktop\ISY5002-Project\datasets\raw-2026-week1\2701\20260918T051052Z_2701_0510_1a6ab33da882.jpg
2701,C:\Users\Setekh\Desktop\ISY5002-Project\datasets\raw-2026-week1\2701\20260918T052052Z_2701_0520_be63c210fe43.jpg
2701,C:\Users\Setekh\Desktop\ISY5002-Project\datasets\raw-2026-week1\2701\20260918T053053Z_2701_0530_04305f98ff18.jpg
2701,C:\Users\Setekh\Desktop\ISY5002-Project\datasets\raw-2026-week1\2701\20260918T053553Z_2701_0535_4894ed9fc8c1.jpg
2701,C:\Users\Setekh\Desktop\ISY5002-Project\datasets\raw-2026-week1\2701\20260918T055033Z_2701_0550_32f85367614b.jpg
2701,C:\Users\Setekh\Desktop\ISY5002-Project\datasets\raw-2026-week1\2701\20260918T060034Z_2701_0600_e45c2e432569.jpg
2701,C:\Users\Setekh\Desktop\ISY5002-Project\datasets\raw-2026-week1\2701\20260918T061034Z_2701_0610_1af9a66ab2f3.jpg
2701,C:\Users\Setekh\Desktop\ISY5002-Project\datasets\raw-2026-week1\2701\20260918T062034Z_2701_0620_a8f53b6365d8.jpg
2701,C:\Users\Setekh\Desktop\ISY5002-Project\datasets\raw-2026-week1\2701\20260918T063055Z_2701_0630_6e8d11f415c8.jpg
2701,C:\Users\Setekh\Desktop\ISY5002-Project\datasets\raw-2026-week1\2701\20260918T064055Z_2701_0640_bfb5b05ac2e0.jpg
2701,C:\Users\Setekh\Desktop\ISY5002-Project\datasets\raw-2026-week1\2701\20260918T065035Z_2701_0650_2703d821e62f.jpg
2701,C:\Users\Setekh\Desktop\ISY5002-Project\datasets\raw-2026-week1\2701\20260918T065536Z_2701_0655_ffb03082c3a8.jpg
2701,C:\Users\Setekh\Desktop\ISY5002-Project\datasets\raw-2026-week1\2701\20260918T071056Z_2701_0710_a2e06e4f73fa.jpg
2701,C:\Users\Setekh\Desktop\ISY5002-Project\datasets\raw-2026-week1\2701\20260918T072037Z_2701_0720_6a66b7aad27d.jpg
2701,C:\Users\Setekh\Desktop\ISY5002-Project\datasets\raw-2026-week1\2701\20260918T072537Z_2701_0725_2e9bcdb4673f.jpg
2701,C:\Users\Setekh\Desktop\ISY5002-Project\datasets\raw-2026-week1\2701\20260918T074037Z_2701_0740_d0f7374f3eb3.jpg
2701,C:\Users\Setekh\Desktop\ISY5002-Project\datasets\raw-2026-week1\2701\20260918T075038Z_2701_0750_78fe5615ef68.jpg
2701,C:\Users\Setekh\Desktop\ISY5002-Project\datasets\raw-2026-week1\2701\20260918T080018Z_2701_0800_90eb545e143f.jpg
2701,C:\Users\Setekh\Desktop\ISY5002-Project\datasets\raw-2026-week1\2701\20260918T081038Z_2701_0810_69a9aaba0bb8.jpg
2701,C:\Users\Setekh\Desktop\ISY5002-Project\datasets\raw-2026-week1\2701\20260918T082039Z_2701_0820_3cabc74ef0b9.jpg
2701,C:\Users\Setekh\Desktop\ISY5002-Project\datasets\raw-2026-week1\2701\20260918T083039Z_2701_0830_731ed9d5ef1a.jpg
2701,C:\Users\Setekh\Desktop\ISY5002-Project\datasets\raw-2026-week1\2701\20260918T083559Z_2701_0835_38485f04ca23.jpg
2701,C:\Users\Setekh\Desktop\ISY5002-Project\datasets\raw-2026-week1\2701\20260918T085040Z_2701_0850_26e8640d99af.jpg
2701,C:\Users\Setekh\Desktop\ISY5002-Project\datasets\raw-2026-week1\2701\20260918T085540Z_2701_0855_2e84beddb655.jpg
2701,C:\Users\Setekh\Desktop\ISY5002-Project\datasets\raw-2026-week1\2701\20260918T091040Z_2701_0910_5d86831b2e25.jpg
2701,C:\Users\Setekh\Desktop\ISY5002-Project\datasets\raw-2026-week1\2701\20260918T091541Z_2701_0915_05ac2da528e1.jpg
2701,C:\Users\Setekh\Desktop\ISY5002-Project\datasets\raw-2026-week1\2701\20260918T093041Z_2701_0930_0e7bdf3adbfc.jpg
2701,C:\Users\Setekh\Desktop\ISY5002-Project\datasets\raw-2026-week1\2701\20260918T094042Z_2701_0940_af73cd53e819.jpg
2701,C:\Users\Setekh\Desktop\ISY5002-Project\datasets\raw-2026-week1\2701\20260918T095042Z_2701_0950_ca0947385904.jpg
2701,C:\Users\Setekh\Desktop\ISY5002-Project\datasets\raw-2026-week1\2701\20260918T100042Z_2701_1000_93d4f04290a9.jpg
2701,C:\Users\Setekh\Desktop\ISY5002-Project\datasets\raw-2026-week1\2701\20260918T100522Z_2701_1005_018257e36716.jpg
2701,C:\Users\Setekh\Desktop\ISY5002-Project\datasets\raw-2026-week1\2701\20260918T101603Z_2701_1016_7e00e7334b0b.jpg
2701,C:\Users\Setekh\Desktop\ISY5002-Project\datasets\raw-2026-week1\2701\20260918T103043Z_2701_1030_3bc7f653655f.jpg
2701,C:\Users\Setekh\Desktop\ISY5002-Project\datasets\raw-2026-week1\2701\20260918T103544Z_2701_1035_0e20500f2b93.jpg
2701,C:\Users\Setekh\Desktop\ISY5002-Project\datasets\raw-2026-week1\2701\20260918T105044Z_2701_1050_8c839b0378ce.jpg
2701,C:\Users\Setekh\Desktop\ISY5002-Project\datasets\raw-2026-week1\2701\20260918T110044Z_2701_1100_009d239ab230.jpg
2701,C:\Users\Setekh\Desktop\ISY5002-Project\datasets\raw-2026-week1\2701\20260918T111045Z_2701_1110_d3a50b2a3300.jpg
2701,C:\Users\Setekh\Desktop\ISY5002-Project\datasets\raw-2026-week1\2701\20260918T112045Z_2701_1120_d1c414615726.jpg
2701,C:\Users\Setekh\Desktop\ISY5002-Project\datasets\raw-2026-week1\2701\20260918T113026Z_2701_1130_83a7fe5d7937.jpg
2701,C:\Users\Setekh\Desktop\ISY5002-Project\datasets\raw-2026-week1\2701\20260918T114046Z_2701_1140_166ed016921e.jpg
2701,C:\Users\Setekh\Desktop\ISY5002-Project\datasets\raw-2026-week1\2701\20260918T115026Z_2701_1150_71c111cd28e7.jpg
2701,C:\Users\Setekh\Desktop\ISY5002-Project\datasets\raw-2026-week1\2701\20260918T120047Z_2701_1200_fd23532fb4e3.jpg
2701,C:\Users\Setekh\Desktop\ISY5002-Project\datasets\raw-2026-week1\2701\20260918T120547Z_2701_1205_76493e572064.jpg
2701,C:\Users\Setekh\Desktop\ISY5002-Project\datasets\raw-2026-week1\2701\20260918T122027Z_2701_1220_b3e190b578a9.jpg
2701,C:\Users\Setekh\Desktop\ISY5002-Project\datasets\raw-2026-week1\2701\20260918T122548Z_2701_1225_a7dbde5341d1.jpg
2701,C:\Users\Setekh\Desktop\ISY5002-Project\datasets\raw-2026-week1\2701\20260918T123608Z_2701_1236_51f976f7faa7.jpg
2701,C:\Users\Setekh\Desktop\ISY5002-Project\datasets\raw-2026-week1\2701\20260918T124048Z_2701_1240_0aa1adcf3877.jpg
2701,C:\Users\Setekh\Desktop\ISY5002-Project\datasets\raw-2026-week1\2701\20260918T125029Z_2701_1250_8a98600b5719.jpg
2701,C:\Users\Setekh\Desktop\ISY5002-Project\datasets\raw-2026-week1\2701\20260918T125529Z_2701_1255_d271b0d32384.jpg
2701,C:\Users\Setekh\Desktop\ISY5002-Project\datasets\raw-2026-week1\2701\20260918T131049Z_2701_1310_0a087e2f87ea.jpg
2701,C:\Users\Setekh\Desktop\ISY5002-Project\datasets\raw-2026-week1\2701\20260918T132050Z_2701_1320_37e50d53fd6d.jpg
2701,C:\Users\Setekh\Desktop\ISY5002-Project\datasets\raw-2026-week1\2701\20260918T132550Z_2701_1325_88077d673b86.jpg
2701,C:\Users\Setekh\Desktop\ISY5002-Project\datasets\raw-2026-week1\2701\20260918T133550Z_2701_1335_84f655a90910.jpg
2701,C:\Users\Setekh\Desktop\ISY5002-Project\datasets\raw-2026-week1\2701\20260918T134551Z_2701_1345_4b295cbb3604.jpg
2701,C:\Users\Setekh\Desktop\ISY5002-Project\datasets\raw-2026-week1\2701\20260918T140051Z_2701_1400_60cc74ca67c9.jpg
2701,C:\Users\Setekh\Desktop\ISY5002-Project\datasets\raw-2026-week1\2701\20260918T141051Z_2701_1410_f3c7c0908bf0.jpg
2701,C:\Users\Setekh\Desktop\ISY5002-Project\datasets\raw-2026-week1\2701\20260918T142052Z_2701_1420_7fa14b4023b8.jpg
2701,C:\Users\Setekh\Desktop\ISY5002-Project\datasets\raw-2026-week1\2701\20260918T143532Z_2701_1435_45c6dad5e481.jpg
2701,C:\Users\Setekh\Desktop\ISY5002-Project\datasets\raw-2026-week1\2701\20260918T144552Z_2701_1445_b2e50a494505.jpg
2701,C:\Users\Setekh\Desktop\ISY5002-Project\datasets\raw-2026-week1\2701\20260918T145613Z_2701_1456_90e4a7e15463.jpg
2701,C:\Users\Setekh\Desktop\ISY5002-Project\datasets\raw-2026-week1\2701\20260918T150553Z_2701_1505_aac52d811186.jpg
2701,C:\Users\Setekh\Desktop\ISY5002-Project\datasets\raw-2026-week1\2701\20260918T151553Z_2701_1515_8fc53ce99e55.jpg
2701,C:\Users\Setekh\Desktop\ISY5002-Project\datasets\raw-2026-week1\2701\20260918T152554Z_2701_1525_7824ee6400d0.jpg
2701,C:\Users\Setekh\Desktop\ISY5002-Project\datasets\raw-2026-week1\2701\20260918T154034Z_2701_1540_e004c10d03b7.jpg
2701,C:\Users\Setekh\Desktop\ISY5002-Project\datasets\raw-2026-week1\2701\20260918T155035Z_2701_1550_8d6807e9c679.jpg
2701,C:\Users\Setekh\Desktop\ISY5002-Project\datasets\raw-2026-week1\2701\20260918T161055Z_2701_1610_361b43f8055a.jpg
2701,C:\Users\Setekh\Desktop\ISY5002-Project\datasets\raw-2026-week1\2701\20260918T161555Z_2701_1615_dc9a831e4ab0.jpg
2701,C:\Users\Setekh\Desktop\ISY5002-Project\datasets\raw-2026-week1\2701\20260918T162536Z_2701_1625_ddef5bec1a26.jpg
2701,C:\Users\Setekh\Desktop\ISY5002-Project\datasets\raw-2026-week1\2701\20260918T164036Z_2701_1640_3c84d7e034df.jpg
2701,C:\Users\Setekh\Desktop\ISY5002-Project\datasets\raw-2026-week1\2701\20260918T170037Z_2701_1700_4704dd039808.jpg
2701,C:\Users\Setekh\Desktop\ISY5002-Project\datasets\raw-2026-week1\2701\20260918T171037Z_2701_1710_91a86324a9b7.jpg
2701,C:\Users\Setekh\Desktop\ISY5002-Project\datasets\raw-2026-week1\2701\20260918T172037Z_2701_1720_e4bcb9d67c51.jpg
2701,C:\Users\Setekh\Desktop\ISY5002-Project\datasets\raw-2026-week1\2701\20260918T173038Z_2701_1730_3b84cc91e760.jpg
2701,C:\Users\Setekh\Desktop\ISY5002-Project\datasets\raw-2026-week1\2701\20260918T174038Z_2701_1740_f45a52642d48.jpg
2701,C:\Users\Setekh\Desktop\ISY5002-Project\datasets\raw-2026-week1\2701\20260918T175038Z_2701_1750_b9bef31d5c04.jpg
2701,C:\Users\Setekh\Desktop\ISY5002-Project\datasets\raw-2026-week1\2701\20260918T180039Z_2701_1800_e214c0b1705f.jpg
2701,C:\Users\Setekh\Desktop\ISY5002-Project\datasets\raw-2026-week1\2701\20260918T181039Z_2701_1810_75ca48e64497.jpg
2701,C:\Users\Setekh\Desktop\ISY5002-Project\datasets\raw-2026-week1\2701\20260918T182040Z_2701_1820_ccaa8357d545.jpg
2701,C:\Users\Setekh\Desktop\ISY5002-Project\datasets\raw-2026-week1\2701\20260918T182600Z_2701_1826_e90716d62d72.jpg
2701,C:\Users\Setekh\Desktop\ISY5002-Project\datasets\raw-2026-week1\2701\20260918T184040Z_2701_1840_47565051834e.jpg
2701,C:\Users\Setekh\Desktop\ISY5002-Project\datasets\raw-2026-week1\2701\20260918T185041Z_2701_1850_1d242d5170c8.jpg
2701,C:\Users\Setekh\Desktop\ISY5002-Project\datasets\raw-2026-week1\2701\20260918T190041Z_2701_1900_6b4afefff2de.jpg
2701,C:\Users\Setekh\Desktop\ISY5002-Project\datasets\raw-2026-week1\2701\20260918T191042Z_2701_1910_38233aa2d38b.jpg
2701,C:\Users\Setekh\Desktop\ISY5002-Project\datasets\raw-2026-week1\2701\20260918T192042Z_2701_1920_cb441fcdf85c.jpg
2701,C:\Users\Setekh\Desktop\ISY5002-Project\datasets\raw-2026-week1\2701\20260918T193042Z_2701_1930_a9fcb43cd84e.jpg
2701,C:\Users\Setekh\Desktop\ISY5002-Project\datasets\raw-2026-week1\2701\20260918T194043Z_2701_1940_66b37f81b567.jpg
2701,C:\Users\Setekh\Desktop\ISY5002-Project\datasets\raw-2026-week1\2701\20260918T194543Z_2701_1945_6449951db292.jpg
2701,C:\Users\Setekh\Desktop\ISY5002-Project\datasets\raw-2026-week1\2701\20260918T200043Z_2701_2000_c4fc91f30313.jpg
2701,C:\Users\Setekh\Desktop\ISY5002-Project\datasets\raw-2026-week1\2701\20260918T201044Z_2701_2010_3bdcd24376d5.jpg
2701,C:\Users\Setekh\Desktop\ISY5002-Project\datasets\raw-2026-week1\2701\20260918T202044Z_2701_2020_d4b7635108fd.jpg
2701,C:\Users\Setekh\Desktop\ISY5002-Project\datasets\raw-2026-week1\2701\20260918T203044Z_2701_2030_f911365bc7fb.jpg
2701,C:\Users\Setekh\Desktop\ISY5002-Project\datasets\raw-2026-week1\2701\20260918T204045Z_2701_2040_c955db8b5963.jpg
2701,C:\Users\Setekh\Desktop\ISY5002-Project\datasets\raw-2026-week1\2701\20260918T205045Z_2701_2050_15ebbed3710a.jpg
2701,C:\Users\Setekh\Desktop\ISY5002-Project\datasets\raw-2026-week1\2701\20260918T205605Z_2701_2056_6a3c292c0ae0.jpg
2701,C:\Users\Setekh\Desktop\ISY5002-Project\datasets\raw-2026-week1\2701\20260918T211046Z_2701_2110_cc840260a4c5.jpg
2701,C:\Users\Setekh\Desktop\ISY5002-Project\datasets\raw-2026-week1\2701\20260918T212046Z_2701_2120_6c63d6e6dc0c.jpg
2701,C:\Users\Setekh\Desktop\ISY5002-Project\datasets\raw-2026-week1\2701\20260918T213047Z_2701_2130_9a79acca0daa.jpg
2701,C:\Users\Setekh\Desktop\ISY5002-Project\datasets\raw-2026-week1\2701\20260918T213607Z_2701_2136_b88251883c9c.jpg
2701,C:\Users\Setekh\Desktop\ISY5002-Project\datasets\raw-2026-week1\2701\20260918T215107Z_2701_2151_cc6ab97207b7.jpg
2701,C:\Users\Setekh\Desktop\ISY5002-Project\datasets\raw-2026-week1\2701\20260918T215607Z_2701_2156_2523af7185ba.jpg
2701,C:\Users\Setekh\Desktop\ISY5002-Project\datasets\raw-2026-week1\2701\20260918T221048Z_2701_2210_155eda84e0a2.jpg
2701,C:\Users\Setekh\Desktop\ISY5002-Project\datasets\raw-2026-week1\2701\20260918T221608Z_2701_2216_4f33e6740700.jpg
2701,C:\Users\Setekh\Desktop\ISY5002-Project\datasets\raw-2026-week1\2701\20260918T222549Z_2701_2225_382ace4a1419.jpg
2701,C:\Users\Setekh\Desktop\ISY5002-Project\datasets\raw-2026-week1\2701\20260918T223609Z_2701_2236_2f437ab476e1.jpg
2701,C:\Users\Setekh\Desktop\ISY5002-Project\datasets\raw-2026-week1\2701\20260918T225049Z_2701_2250_e5a029b28719.jpg
2701,C:\Users\Setekh\Desktop\ISY5002-Project\datasets\raw-2026-week1\2701\20260918T230030Z_2701_2300_bd8c87f50783.jpg
2701,C:\Users\Setekh\Desktop\ISY5002-Project\datasets\raw-2026-week1\2701\20260918T231030Z_2701_2310_8d49b82de280.jpg
2701,C:\Users\Setekh\Desktop\ISY5002-Project\datasets\raw-2026-week1\2701\20260918T232051Z_2701_2320_3f7bb69f16b9.jpg
2701,C:\Users\Setekh\Desktop\ISY5002-Project\datasets\raw-2026-week1\2701\20260918T233031Z_2701_2330_4fac71ecf9ca.jpg
2701,C:\Users\Setekh\Desktop\ISY5002-Project\datasets\raw-2026-week1\2701\20260918T234051Z_2701_2340_8d63d7bbf2ce.jpg
2701,C:\Users\Setekh\Desktop\ISY5002-Project\datasets\raw-2026-week1\2701\20260918T235052Z_2701_2350_1922e6f1929b.jpg
2701,C:\Users\Setekh\Desktop\ISY5002-Project\datasets\raw-2026-week1\2701\20260919T000052Z_2701_0000_5ce9a05b0a3f.jpg
2701,C:\Users\Setekh\Desktop\ISY5002-Project\datasets\raw-2026-week1\2701\20260919T001052Z_2701_0010_4750e3b1a537.jpg
2701,C:\Users\Setekh\Desktop\ISY5002-Project\datasets\raw-2026-week1\2701\20260919T002033Z_2701_0020_40a88f944ffa.jpg
2701,C:\Users\Setekh\Desktop\ISY5002-Project\datasets\raw-2026-week1\2701\20260919T003033Z_2701_0030_d0795878319a.jpg
2701,C:\Users\Setekh\Desktop\ISY5002-Project\datasets\raw-2026-week1\2701\20260919T004054Z_2701_0040_dc02e3f3d1f4.jpg
2701,C:\Users\Setekh\Desktop\ISY5002-Project\datasets\raw-2026-week1\2701\20260919T004554Z_2701_0045_db7fbcbe650d.jpg
2701,C:\Users\Setekh\Desktop\ISY5002-Project\datasets\raw-2026-week1\2701\20260919T010054Z_2701_0100_73638e38326f.jpg
2701,C:\Users\Setekh\Desktop\ISY5002-Project\datasets\raw-2026-week1\2701\20260919T010614Z_2701_0106_d145f84a66d2.jpg
2701,C:\Users\Setekh\Desktop\ISY5002-Project\datasets\raw-2026-week1\2701\20260919T011555Z_2701_0115_2ff2422ad440.jpg
2701,C:\Users\Setekh\Desktop\ISY5002-Project\datasets\raw-2026-week1\2701\20260919T012555Z_2701_0125_4bc14ec2c447.jpg
2701,C:\Users\Setekh\Desktop\ISY5002-Project\datasets\raw-2026-week1\2701\20260919T014036Z_2701_0140_6615476b2353.jpg
2701,C:\Users\Setekh\Desktop\ISY5002-Project\datasets\raw-2026-week1\2701\20260919T015056Z_2701_0150_ff3d6563d1e5.jpg
2701,C:\Users\Setekh\Desktop\ISY5002-Project\datasets\raw-2026-week1\2701\20260919T020036Z_2701_0200_8b23b9e1e118.jpg
2701,C:\Users\Setekh\Desktop\ISY5002-Project\datasets\raw-2026-week1\2701\20260919T020617Z_2701_0206_0de5fd628494.jpg
2701,C:\Users\Setekh\Desktop\ISY5002-Project\datasets\raw-2026-week1\2701\20260919T022557Z_2701_0225_be94763cc812.jpg
2701,C:\Users\Setekh\Desktop\ISY5002-Project\datasets\raw-2026-week1\2701\20260919T025038Z_2701_0250_a7da8af5e81f.jpg
2701,C:\Users\Setekh\Desktop\ISY5002-Project\datasets\raw-2026-week1\2701\20260919T025559Z_2701_0255_fe0b69bbdb14.jpg
2701,C:\Users\Setekh\Desktop\ISY5002-Project\datasets\raw-2026-week1\2701\20260919T031539Z_2701_0315_6e3abc415ac1.jpg
2701,C:\Users\Setekh\Desktop\ISY5002-Project\datasets\raw-2026-week1\2701\20260919T033040Z_2701_0330_d27cc77c0102.jpg
2701,C:\Users\Setekh\Desktop\ISY5002-Project\datasets\raw-2026-week1\2701\20260919T033600Z_2701_0336_d25c0329f1b1.jpg
2701,C:\Users\Setekh\Desktop\ISY5002-Project\datasets\raw-2026-week1\2701\20260919T035041Z_2701_0350_fa8d19cec2f3.jpg
2701,C:\Users\Setekh\Desktop\ISY5002-Project\datasets\raw-2026-week1\2701\20260919T035541Z_2701_0355_ff85ec2171da.jpg
2701,C:\Users\Setekh\Desktop\ISY5002-Project\datasets\raw-2026-week1\2701\20260919T040521Z_2701_0405_aec436a59cf2.jpg
2701,C:\Users\Setekh\Desktop\ISY5002-Project\datasets\raw-2026-week1\2701\20260919T042602Z_2701_0426_f917dad7c7e6.jpg
2701,C:\Users\Setekh\Desktop\ISY5002-Project\datasets\raw-2026-week1\2701\20260919T043602Z_2701_0436_f8b24f151ea5.jpg
2701,C:\Users\Setekh\Desktop\ISY5002-Project\datasets\raw-2026-week1\2701\20260919T044543Z_2701_0445_b8430ad5bef2.jpg
2701,C:\Users\Setekh\Desktop\ISY5002-Project\datasets\raw-2026-week1\2701\20260919T045543Z_2701_0455_b844a2744c8b.jpg
2701,C:\Users\Setekh\Desktop\ISY5002-Project\datasets\raw-2026-week1\2701\20260919T050543Z_2701_0505_d392d2cd8a2c.jpg
2701,C:\Users\Setekh\Desktop\ISY5002-Project\datasets\raw-2026-week1\2701\20260919T052044Z_2701_0520_b2df0f796be9.jpg
2701,C:\Users\Setekh\Desktop\ISY5002-Project\datasets\raw-2026-week1\2701\20260919T053044Z_2701_0530_b8c20b9533ee.jpg
2701,C:\Users\Setekh\Desktop\ISY5002-Project\datasets\raw-2026-week1\2701\20260919T054045Z_2701_0540_1fb3c3a41be6.jpg
2701,C:\Users\Setekh\Desktop\ISY5002-Project\datasets\raw-2026-week1\2701\20260919T054545Z_2701_0545_9723c01b4be1.jpg
2701,C:\Users\Setekh\Desktop\ISY5002-Project\datasets\raw-2026-week1\2701\20260919T055545Z_2701_0555_f4570f33b9f1.jpg
2701,C:\Users\Setekh\Desktop\ISY5002-Project\datasets\raw-2026-week1\2701\20260919T061046Z_2701_0610_53b72d7b75d8.jpg
2701,C:\Users\Setekh\Desktop\ISY5002-Project\datasets\raw-2026-week1\2701\20260919T062046Z_2701_0620_7b4b101a5e1e.jpg
2701,C:\Users\Setekh\Desktop\ISY5002-Project\datasets\raw-2026-week1\2701\20260919T062546Z_2701_0625_42195f3d314a.jpg
2701,C:\Users\Setekh\Desktop\ISY5002-Project\datasets\raw-2026-week1\2701\20260919T063527Z_2701_0635_0a207f196d24.jpg
2701,C:\Users\Setekh\Desktop\ISY5002-Project\datasets\raw-2026-week1\2701\20260919T065047Z_2701_0650_c69cd2333cf2.jpg
2701,C:\Users\Setekh\Desktop\ISY5002-Project\datasets\raw-2026-week1\2701\20260919T070048Z_2701_0700_c48e817f9950.jpg
2701,C:\Users\Setekh\Desktop\ISY5002-Project\datasets\raw-2026-week1\2701\20260919T071048Z_2701_0710_b61da023fb5f.jpg
2701,C:\Users\Setekh\Desktop\ISY5002-Project\datasets\raw-2026-week1\2701\20260919T072048Z_2701_0720_50022b7f8e4c.jpg
2701,C:\Users\Setekh\Desktop\ISY5002-Project\datasets\raw-2026-week1\2701\20260919T073029Z_2701_0730_0ee02b76b1e8.jpg
2701,C:\Users\Setekh\Desktop\ISY5002-Project\datasets\raw-2026-week1\2701\20260919T074049Z_2701_0740_ff81033ed665.jpg
2701,C:\Users\Setekh\Desktop\ISY5002-Project\datasets\raw-2026-week1\2701\20260919T075049Z_2701_0750_958c22a04ac4.jpg
2701,C:\Users\Setekh\Desktop\ISY5002-Project\datasets\raw-2026-week1\2701\20260919T080030Z_2701_0800_15cf39a47f79.jpg
2701,C:\Users\Setekh\Desktop\ISY5002-Project\datasets\raw-2026-week1\2701\20260919T080530Z_2701_0805_8f213dcfc8b9.jpg
2701,C:\Users\Setekh\Desktop\ISY5002-Project\datasets\raw-2026-week1\2701\20260919T081550Z_2701_0815_21ced3246883.jpg
2701,C:\Users\Setekh\Desktop\ISY5002-Project\datasets\raw-2026-week1\2701\20260919T083031Z_2701_0830_15fbc73f52f2.jpg
2701,C:\Users\Setekh\Desktop\ISY5002-Project\datasets\raw-2026-week1\2701\20260919T084051Z_2701_0840_7752f4a5dc66.jpg
2701,C:\Users\Setekh\Desktop\ISY5002-Project\datasets\raw-2026-week1\2701\20260919T091052Z_2701_0910_a0ad1b405f52.jpg
2701,C:\Users\Setekh\Desktop\ISY5002-Project\datasets\raw-2026-week1\2701\20260919T092033Z_2701_0920_18b47b88412d.jpg
2701,C:\Users\Setekh\Desktop\ISY5002-Project\datasets\raw-2026-week1\2701\20260919T093033Z_2701_0930_8086cb92d0d4.jpg
2701,C:\Users\Setekh\Desktop\ISY5002-Project\datasets\raw-2026-week1\2701\20260919T093553Z_2701_0935_66fb7afa7c0c.jpg
2701,C:\Users\Setekh\Desktop\ISY5002-Project\datasets\raw-2026-week1\2701\20260919T095054Z_2701_0950_6c4070940d13.jpg
2701,C:\Users\Setekh\Desktop\ISY5002-Project\datasets\raw-2026-week1\2701\20260919T100054Z_2701_1000_a452730baaf2.jpg
2701,C:\Users\Setekh\Desktop\ISY5002-Project\datasets\raw-2026-week1\2701\20260919T101035Z_2701_1010_4cdd909a9d9d.jpg
2701,C:\Users\Setekh\Desktop\ISY5002-Project\datasets\raw-2026-week1\2701\20260919T102035Z_2701_1020_8b84d8eb206c.jpg
2701,C:\Users\Setekh\Desktop\ISY5002-Project\datasets\raw-2026-week1\2701\20260919T103035Z_2701_1030_a839afc90236.jpg
2701,C:\Users\Setekh\Desktop\ISY5002-Project\datasets\raw-2026-week1\2701\20260919T104036Z_2701_1040_6abd601a765f.jpg
2701,C:\Users\Setekh\Desktop\ISY5002-Project\datasets\raw-2026-week1\2701\20260919T105056Z_2701_1050_c1eab2567537.jpg
2701,C:\Users\Setekh\Desktop\ISY5002-Project\datasets\raw-2026-week1\2701\20260919T110036Z_2701_1100_037ff0f5cb14.jpg
2701,C:\Users\Setekh\Desktop\ISY5002-Project\datasets\raw-2026-week1\2701\20260919T110557Z_2701_1105_88e97536f68b.jpg
2701,C:\Users\Setekh\Desktop\ISY5002-Project\datasets\raw-2026-week1\2701\20260919T111537Z_2701_1115_0da1032e37b4.jpg
2701,C:\Users\Setekh\Desktop\ISY5002-Project\datasets\raw-2026-week1\2701\20260919T112117Z_2701_1121_8a24e53023e8.jpg
2701,C:\Users\Setekh\Desktop\ISY5002-Project\datasets\raw-2026-week1\2701\20260919T113038Z_2701_1130_7d664a8ee64e.jpg
2701,C:\Users\Setekh\Desktop\ISY5002-Project\datasets\raw-2026-week1\2701\20260919T113538Z_2701_1135_4ffba065bbec.jpg
2701,C:\Users\Setekh\Desktop\ISY5002-Project\datasets\raw-2026-week1\2701\20260919T115038Z_2701_1150_a2173b2bf247.jpg
2701,C:\Users\Setekh\Desktop\ISY5002-Project\datasets\raw-2026-week1\2701\20260919T115619Z_2701_1156_26c96fece77c.jpg
2701,C:\Users\Setekh\Desktop\ISY5002-Project\datasets\raw-2026-week1\2701\20260919T120559Z_2701_1205_3a75f34d42c3.jpg
2701,C:\Users\Setekh\Desktop\ISY5002-Project\datasets\raw-2026-week1\2701\20260919T121559Z_2701_1215_c186b73c1253.jpg
2701,C:\Users\Setekh\Desktop\ISY5002-Project\datasets\raw-2026-week1\2701\20260919T123040Z_2701_1230_c2db282e5266.jpg
2701,C:\Users\Setekh\Desktop\ISY5002-Project\datasets\raw-2026-week1\2701\20260919T124040Z_2701_1240_6e53761363ec.jpg
2701,C:\Users\Setekh\Desktop\ISY5002-Project\datasets\raw-2026-week1\2701\20260919T124541Z_2701_1245_dff2978c7629.jpg
2701,C:\Users\Setekh\Desktop\ISY5002-Project\datasets\raw-2026-week1\2701\20260919T130041Z_2701_1300_1ed17ed6e707.jpg
2701,C:\Users\Setekh\Desktop\ISY5002-Project\datasets\raw-2026-week1\2701\20260919T131041Z_2701_1310_161ad83dffb4.jpg
2701,C:\Users\Setekh\Desktop\ISY5002-Project\datasets\raw-2026-week1\2701\20260919T131542Z_2701_1315_003bb1cf0ff8.jpg
2701,C:\Users\Setekh\Desktop\ISY5002-Project\datasets\raw-2026-week1\2701\20260919T133042Z_2701_1330_5caa79d5ac74.jpg
2701,C:\Users\Setekh\Desktop\ISY5002-Project\datasets\raw-2026-week1\2701\20260919T133542Z_2701_1335_004ebbe06e31.jpg
2701,C:\Users\Setekh\Desktop\ISY5002-Project\datasets\raw-2026-week1\2701\20260919T135043Z_2701_1350_aeb0bbe93972.jpg
2701,C:\Users\Setekh\Desktop\ISY5002-Project\datasets\raw-2026-week1\2701\20260919T135603Z_2701_1356_b18c2522d168.jpg
2701,C:\Users\Setekh\Desktop\ISY5002-Project\datasets\raw-2026-week1\2701\20260919T141043Z_2701_1410_28c22f39bcfe.jpg
2701,C:\Users\Setekh\Desktop\ISY5002-Project\datasets\raw-2026-week1\2701\20260919T142024Z_2701_1420_1677418eae66.jpg
2701,C:\Users\Setekh\Desktop\ISY5002-Project\datasets\raw-2026-week1\2701\20260919T142524Z_2701_1425_4e9842ef221b.jpg
2701,C:\Users\Setekh\Desktop\ISY5002-Project\datasets\raw-2026-week1\2701\20260919T144045Z_2701_1440_9868ce29915d.jpg
2701,C:\Users\Setekh\Desktop\ISY5002-Project\datasets\raw-2026-week1\2701\20260919T145045Z_2701_1450_d5e329fbff41.jpg
2701,C:\Users\Setekh\Desktop\ISY5002-Project\datasets\raw-2026-week1\2701\20260919T145605Z_2701_1456_795d72a1aab8.jpg
2701,C:\Users\Setekh\Desktop\ISY5002-Project\datasets\raw-2026-week1\2701\20260919T151026Z_2701_1510_6c4a84fc258f.jpg
2701,C:\Users\Setekh\Desktop\ISY5002-Project\datasets\raw-2026-week1\2701\20260919T152046Z_2701_1520_b29ce19dfca5.jpg
2701,C:\Users\Setekh\Desktop\ISY5002-Project\datasets\raw-2026-week1\2701\20260919T153046Z_2701_1530_6c06e7e1e443.jpg
2701,C:\Users\Setekh\Desktop\ISY5002-Project\datasets\raw-2026-week1\2701\20260919T154027Z_2701_1540_9f1ae06564f9.jpg
2701,C:\Users\Setekh\Desktop\ISY5002-Project\datasets\raw-2026-week1\2701\20260919T155047Z_2701_1550_730b05386f74.jpg
2701,C:\Users\Setekh\Desktop\ISY5002-Project\datasets\raw-2026-week1\2701\20260919T160028Z_2701_1600_c402e0a389f3.jpg
2701,C:\Users\Setekh\Desktop\ISY5002-Project\datasets\raw-2026-week1\2701\20260919T161028Z_2701_1610_d0922ba94dbb.jpg
2701,C:\Users\Setekh\Desktop\ISY5002-Project\datasets\raw-2026-week1\2701\20260919T162028Z_2701_1620_54e1961bd154.jpg
2701,C:\Users\Setekh\Desktop\ISY5002-Project\datasets\raw-2026-week1\2701\20260919T162548Z_2701_1625_cb5d138952ba.jpg
2701,C:\Users\Setekh\Desktop\ISY5002-Project\datasets\raw-2026-week1\2701\20260919T164049Z_2701_1640_700d3795fc07.jpg
2701,C:\Users\Setekh\Desktop\ISY5002-Project\datasets\raw-2026-week1\2701\20260919T165029Z_2701_1650_c21f817389b6.jpg
2701,C:\Users\Setekh\Desktop\ISY5002-Project\datasets\raw-2026-week1\2701\20260919T170030Z_2701_1700_5c4e8f818a77.jpg
2701,C:\Users\Setekh\Desktop\ISY5002-Project\datasets\raw-2026-week1\2701\20260919T173051Z_2701_1730_1eb8100bc632.jpg
2701,C:\Users\Setekh\Desktop\ISY5002-Project\datasets\raw-2026-week1\2701\20260919T174031Z_2701_1740_e234991c7323.jpg
2701,C:\Users\Setekh\Desktop\ISY5002-Project\datasets\raw-2026-week1\2701\20260919T174532Z_2701_1745_c393c55979c7.jpg
2701,C:\Users\Setekh\Desktop\ISY5002-Project\datasets\raw-2026-week1\2701\20260919T180032Z_2701_1800_d129b5436268.jpg
2701,C:\Users\Setekh\Desktop\ISY5002-Project\datasets\raw-2026-week1\2701\20260919T181032Z_2701_1810_18f27a196ead.jpg
2701,C:\Users\Setekh\Desktop\ISY5002-Project\datasets\raw-2026-week1\2701\20260919T182033Z_2701_1820_bffd93b7881e.jpg
2701,C:\Users\Setekh\Desktop\ISY5002-Project\datasets\raw-2026-week1\2701\20260919T183033Z_2701_1830_6dde05b6ea7f.jpg
2701,C:\Users\Setekh\Desktop\ISY5002-Project\datasets\raw-2026-week1\2701\20260919T184034Z_2701_1840_5b230ce68cef.jpg
2701,C:\Users\Setekh\Desktop\ISY5002-Project\datasets\raw-2026-week1\2701\20260919T192035Z_2701_1920_24e4b5cf50d5.jpg
2701,C:\Users\Setekh\Desktop\ISY5002-Project\datasets\raw-2026-week1\2701\20260919T193035Z_2701_1930_571f965397a2.jpg
2701,C:\Users\Setekh\Desktop\ISY5002-Project\datasets\raw-2026-week1\2701\20260919T195036Z_2701_1950_128419cf832e.jpg
2701,C:\Users\Setekh\Desktop\ISY5002-Project\datasets\raw-2026-week1\2701\20260919T200057Z_2701_2000_d3d7c760af47.jpg
2701,C:\Users\Setekh\Desktop\ISY5002-Project\datasets\raw-2026-week1\2701\20260919T200557Z_2701_2005_a5a77ccad5da.jpg
2701,C:\Users\Setekh\Desktop\ISY5002-Project\datasets\raw-2026-week1\2701\20260919T201537Z_2701_2015_56e4bbf91f1a.jpg
2701,C:\Users\Setekh\Desktop\ISY5002-Project\datasets\raw-2026-week1\2701\20260919T203038Z_2701_2030_982ec019ad64.jpg
2701,C:\Users\Setekh\Desktop\ISY5002-Project\datasets\raw-2026-week1\2701\20260919T204038Z_2701_2040_e2cb9ea0e700.jpg
2701,C:\Users\Setekh\Desktop\ISY5002-Project\datasets\raw-2026-week1\2701\20260919T205038Z_2701_2050_167c758e6168.jpg
2701,C:\Users\Setekh\Desktop\ISY5002-Project\datasets\raw-2026-week1\2701\20260919T205539Z_2701_2055_cbe4e94c9cca.jpg
2701,C:\Users\Setekh\Desktop\ISY5002-Project\datasets\raw-2026-week1\2701\20260919T211039Z_2701_2110_9e4e22daa613.jpg
2701,C:\Users\Setekh\Desktop\ISY5002-Project\datasets\raw-2026-week1\2701\20260919T211539Z_2701_2115_79dd5ca72722.jpg
2701,C:\Users\Setekh\Desktop\ISY5002-Project\datasets\raw-2026-week1\2701\20260919T213040Z_2701_2130_89fd782c98bf.jpg
2701,C:\Users\Setekh\Desktop\ISY5002-Project\datasets\raw-2026-week1\2701\20260919T214040Z_2701_2140_ed6fb4e1129a.jpg
2701,C:\Users\Setekh\Desktop\ISY5002-Project\datasets\raw-2026-week1\2701\20260919T215041Z_2701_2150_bc12aa393b42.jpg
2701,C:\Users\Setekh\Desktop\ISY5002-Project\datasets\raw-2026-week1\2701\20260919T220041Z_2701_2200_306b0836a117.jpg
2701,C:\Users\Setekh\Desktop\ISY5002-Project\datasets\raw-2026-week1\2701\20260919T220601Z_2701_2206_d88527da6ef7.jpg
2701,C:\Users\Setekh\Desktop\ISY5002-Project\datasets\raw-2026-week1\2701\20260919T222042Z_2701_2220_cf132b07ae52.jpg
2701,C:\Users\Setekh\Desktop\ISY5002-Project\datasets\raw-2026-week1\2701\20260919T222542Z_2701_2225_b5aa876d4c7b.jpg
2701,C:\Users\Setekh\Desktop\ISY5002-Project\datasets\raw-2026-week1\2701\20260919T224043Z_2701_2240_a827d8bb1259.jpg
2701,C:\Users\Setekh\Desktop\ISY5002-Project\datasets\raw-2026-week1\2701\20260919T225043Z_2701_2250_d74d0174b5f2.jpg
2701,C:\Users\Setekh\Desktop\ISY5002-Project\datasets\raw-2026-week1\2701\20260919T231044Z_2701_2310_7c8fdf4f6731.jpg
2701,C:\Users\Setekh\Desktop\ISY5002-Project\datasets\raw-2026-week1\2701\20260919T231544Z_2701_2315_886c667b9f2c.jpg
2701,C:\Users\Setekh\Desktop\ISY5002-Project\datasets\raw-2026-week1\2701\20260919T233024Z_2701_2330_953f2d77c332.jpg
2701,C:\Users\Setekh\Desktop\ISY5002-Project\datasets\raw-2026-week1\2701\20260919T234045Z_2701_2340_1b00da20fb82.jpg
2701,C:\Users\Setekh\Desktop\ISY5002-Project\datasets\raw-2026-week1\2701\20260919T235045Z_2701_2350_1f8d560d989b.jpg
2701,C:\Users\Setekh\Desktop\ISY5002-Project\datasets\raw-2026-week1\2701\20260920T000046Z_2701_0000_2e5d6a31b5fe.jpg
2701,C:\Users\Setekh\Desktop\ISY5002-Project\datasets\raw-2026-week1\2701\20260920T001046Z_2701_0010_751284093b19.jpg
2701,C:\Users\Setekh\Desktop\ISY5002-Project\datasets\raw-2026-week1\2701\20260920T002046Z_2701_0020_77c37df62f20.jpg
2701,C:\Users\Setekh\Desktop\ISY5002-Project\datasets\raw-2026-week1\2701\20260920T003027Z_2701_0030_f6db80d7763f.jpg
2701,C:\Users\Setekh\Desktop\ISY5002-Project\datasets\raw-2026-week1\2701\20260920T004027Z_2701_0040_473a73e0b6da.jpg
2701,C:\Users\Setekh\Desktop\ISY5002-Project\datasets\raw-2026-week1\2701\20260920T011548Z_2701_0115_c2902ba0f317.jpg
2701,C:\Users\Setekh\Desktop\ISY5002-Project\datasets\raw-2026-week1\2701\20260920T013029Z_2701_0130_9e4db723022f.jpg
2701,C:\Users\Setekh\Desktop\ISY5002-Project\datasets\raw-2026-week1\2701\20260920T014049Z_2701_0140_82e0e6cb2dd9.jpg
2701,C:\Users\Setekh\Desktop\ISY5002-Project\datasets\raw-2026-week1\2701\20260920T015030Z_2701_0150_3cf1b84d218a.jpg
2701,C:\Users\Setekh\Desktop\ISY5002-Project\datasets\raw-2026-week1\2701\20260920T020030Z_2701_0200_f7c5249352bb.jpg
2701,C:\Users\Setekh\Desktop\ISY5002-Project\datasets\raw-2026-week1\2701\20260920T021051Z_2701_0210_330ad6365645.jpg
2701,C:\Users\Setekh\Desktop\ISY5002-Project\datasets\raw-2026-week1\2701\20260920T021531Z_2701_0215_fef050f0b43c.jpg
2701,C:\Users\Setekh\Desktop\ISY5002-Project\datasets\raw-2026-week1\2701\20260920T023031Z_2701_0230_f2ae1fab3cb0.jpg
2701,C:\Users\Setekh\Desktop\ISY5002-Project\datasets\raw-2026-week1\2701\20260920T024031Z_2701_0240_8540c1f21ba6.jpg
2701,C:\Users\Setekh\Desktop\ISY5002-Project\datasets\raw-2026-week1\2701\20260920T025032Z_2701_0250_a785b0c0e7e3.jpg
2701,C:\Users\Setekh\Desktop\ISY5002-Project\datasets\raw-2026-week1\2701\20260920T030052Z_2701_0300_331979d9f974.jpg
2701,C:\Users\Setekh\Desktop\ISY5002-Project\datasets\raw-2026-week1\2701\20260920T031033Z_2701_0310_92655b641d54.jpg
2701,C:\Users\Setekh\Desktop\ISY5002-Project\datasets\raw-2026-week1\2701\20260920T032033Z_2701_0320_3ed958491102.jpg
2701,C:\Users\Setekh\Desktop\ISY5002-Project\datasets\raw-2026-week1\2701\20260920T033033Z_2701_0330_c6ae8aa2f024.jpg
2701,C:\Users\Setekh\Desktop\ISY5002-Project\datasets\raw-2026-week1\2701\20260920T034054Z_2701_0340_4510058571fb.jpg
2701,C:\Users\Setekh\Desktop\ISY5002-Project\datasets\raw-2026-week1\2701\20260920T035034Z_2701_0350_0ff09200572b.jpg
2701,C:\Users\Setekh\Desktop\ISY5002-Project\datasets\raw-2026-week1\2701\20260920T040034Z_2701_0400_7255814c6621.jpg
2701,C:\Users\Setekh\Desktop\ISY5002-Project\datasets\raw-2026-week1\2701\20260920T041055Z_2701_0410_9c815e7168d3.jpg
2701,C:\Users\Setekh\Desktop\ISY5002-Project\datasets\raw-2026-week1\2701\20260920T042035Z_2701_0420_cb1e05133d8e.jpg
2701,C:\Users\Setekh\Desktop\ISY5002-Project\datasets\raw-2026-week1\2701\20260920T043036Z_2701_0430_c39430e37397.jpg
2701,C:\Users\Setekh\Desktop\ISY5002-Project\datasets\raw-2026-week1\2701\20260920T043556Z_2701_0435_e47315626611.jpg
2701,C:\Users\Setekh\Desktop\ISY5002-Project\datasets\raw-2026-week1\2701\20260920T045036Z_2701_0450_bc6b0dd27689.jpg
2701,C:\Users\Setekh\Desktop\ISY5002-Project\datasets\raw-2026-week1\2701\20260920T045536Z_2701_0455_a1fc9218746e.jpg
2701,C:\Users\Setekh\Desktop\ISY5002-Project\datasets\raw-2026-week1\2701\20260920T050557Z_2701_0505_792b9176b413.jpg
2701,C:\Users\Setekh\Desktop\ISY5002-Project\datasets\raw-2026-week1\2701\20260920T052037Z_2701_0520_0823962492a8.jpg
2701,C:\Users\Setekh\Desktop\ISY5002-Project\datasets\raw-2026-week1\2701\20260920T053038Z_2701_0530_4cc3dd7eb5d4.jpg
2701,C:\Users\Setekh\Desktop\ISY5002-Project\datasets\raw-2026-week1\2701\20260920T053558Z_2701_0535_e0d8f615fcfb.jpg
2701,C:\Users\Setekh\Desktop\ISY5002-Project\datasets\raw-2026-week1\2701\20260920T054558Z_2701_0545_f7020d5e031a.jpg
2701,C:\Users\Setekh\Desktop\ISY5002-Project\datasets\raw-2026-week1\2701\20260920T060019Z_2701_0600_697692cb83db.jpg
2701,C:\Users\Setekh\Desktop\ISY5002-Project\datasets\raw-2026-week1\2701\20260920T060559Z_2701_0605_4e01c20d91df.jpg
2701,C:\Users\Setekh\Desktop\ISY5002-Project\datasets\raw-2026-week1\2701\20260920T061539Z_2701_0615_2b19d3b15ee0.jpg
2701,C:\Users\Setekh\Desktop\ISY5002-Project\datasets\raw-2026-week1\2701\20260920T063040Z_2701_0630_71933e2e6b0e.jpg
2701,C:\Users\Setekh\Desktop\ISY5002-Project\datasets\raw-2026-week1\2701\20260920T064040Z_2701_0640_7740f2bcd1ca.jpg
2701,C:\Users\Setekh\Desktop\ISY5002-Project\datasets\raw-2026-week1\2701\20260920T065041Z_2701_0650_f4a795dbf3c5.jpg
2701,C:\Users\Setekh\Desktop\ISY5002-Project\datasets\raw-2026-week1\2701\20260920T070021Z_2701_0700_915b595a6546.jpg
2701,C:\Users\Setekh\Desktop\ISY5002-Project\datasets\raw-2026-week1\2701\20260920T070601Z_2701_0706_93fb696dde4c.jpg
2701,C:\Users\Setekh\Desktop\ISY5002-Project\datasets\raw-2026-week1\2701\20260920T071602Z_2701_0716_28bd34fd756e.jpg
2701,C:\Users\Setekh\Desktop\ISY5002-Project\datasets\raw-2026-week1\2701\20260920T073042Z_2701_0730_c9d00ae09e03.jpg
2701,C:\Users\Setekh\Desktop\ISY5002-Project\datasets\raw-2026-week1\2701\20260920T074042Z_2701_0740_853a139a0248.jpg
2701,C:\Users\Setekh\Desktop\ISY5002-Project\datasets\raw-2026-week1\2701\20260920T075023Z_2701_0750_a9902300e7a4.jpg
2701,C:\Users\Setekh\Desktop\ISY5002-Project\datasets\raw-2026-week1\2701\20260920T080043Z_2701_0800_908dc4687c70.jpg
2701,C:\Users\Setekh\Desktop\ISY5002-Project\datasets\raw-2026-week1\2701\20260920T081044Z_2701_0810_9c93213c10ed.jpg
2701,C:\Users\Setekh\Desktop\ISY5002-Project\datasets\raw-2026-week1\2701\20260920T082044Z_2701_0820_df3182eea823.jpg
2701,C:\Users\Setekh\Desktop\ISY5002-Project\datasets\raw-2026-week1\2701\20260920T083044Z_2701_0830_a7ba50adce50.jpg
2701,C:\Users\Setekh\Desktop\ISY5002-Project\datasets\raw-2026-week1\2701\20260920T084045Z_2701_0840_c2202729de01.jpg
2701,C:\Users\Setekh\Desktop\ISY5002-Project\datasets\raw-2026-week1\2701\20260920T085045Z_2701_0850_1a2a1dd7e4df.jpg
2701,C:\Users\Setekh\Desktop\ISY5002-Project\datasets\raw-2026-week1\2701\20260920T090045Z_2701_0900_7e632a188401.jpg
2701,C:\Users\Setekh\Desktop\ISY5002-Project\datasets\raw-2026-week1\2701\20260920T091046Z_2701_0910_757d6fd45063.jpg
2701,C:\Users\Setekh\Desktop\ISY5002-Project\datasets\raw-2026-week1\2701\20260920T092046Z_2701_0920_e5888e3814bc.jpg
2701,C:\Users\Setekh\Desktop\ISY5002-Project\datasets\raw-2026-week1\2701\20260920T093027Z_2701_0930_114646c02803.jpg
2701,C:\Users\Setekh\Desktop\ISY5002-Project\datasets\raw-2026-week1\2701\20260920T094027Z_2701_0940_b33439a28752.jpg
2701,C:\Users\Setekh\Desktop\ISY5002-Project\datasets\raw-2026-week1\2701\20260920T095027Z_2701_0950_e2b7e66366df.jpg
2701,C:\Users\Setekh\Desktop\ISY5002-Project\datasets\raw-2026-week1\2701\20260920T100028Z_2701_1000_a289b43ea2fb.jpg
2701,C:\Users\Setekh\Desktop\ISY5002-Project\datasets\raw-2026-week1\2701\20260920T101028Z_2701_1010_bf1c14782392.jpg
2701,C:\Users\Setekh\Desktop\ISY5002-Project\datasets\raw-2026-week1\2701\20260920T102048Z_2701_1020_4b8322d65ab0.jpg
2701,C:\Users\Setekh\Desktop\ISY5002-Project\datasets\raw-2026-week1\2701\20260920T103029Z_2701_1030_d15030543fd6.jpg
2701,C:\Users\Setekh\Desktop\ISY5002-Project\datasets\raw-2026-week1\2701\20260920T104029Z_2701_1040_666ad9bf8828.jpg
2701,C:\Users\Setekh\Desktop\ISY5002-Project\datasets\raw-2026-week1\2701\20260920T105029Z_2701_1050_c80d3e0ed49b.jpg
2701,C:\Users\Setekh\Desktop\ISY5002-Project\datasets\raw-2026-week1\2701\20260920T110030Z_2701_1100_e788283d02cd.jpg
2701,C:\Users\Setekh\Desktop\ISY5002-Project\datasets\raw-2026-week1\2701\20260920T111030Z_2701_1110_62e3a60ff867.jpg
2701,C:\Users\Setekh\Desktop\ISY5002-Project\datasets\raw-2026-week1\2701\20260920T112031Z_2701_1120_15885c716d2a.jpg
2701,C:\Users\Setekh\Desktop\ISY5002-Project\datasets\raw-2026-week1\2701\20260920T113051Z_2701_1130_27210687d8a3.jpg
2701,C:\Users\Setekh\Desktop\ISY5002-Project\datasets\raw-2026-week1\2701\20260920T114031Z_2701_1140_e3a93712544c.jpg
2701,C:\Users\Setekh\Desktop\ISY5002-Project\datasets\raw-2026-week1\2701\20260920T115052Z_2701_1150_54062df5c35a.jpg
2701,C:\Users\Setekh\Desktop\ISY5002-Project\datasets\raw-2026-week1\2701\20260920T120052Z_2701_1200_81e5c8de37f5.jpg
2701,C:\Users\Setekh\Desktop\ISY5002-Project\datasets\raw-2026-week1\2701\20260920T121052Z_2701_1210_9290c6870bdd.jpg
2701,C:\Users\Setekh\Desktop\ISY5002-Project\datasets\raw-2026-week1\2701\20260920T121553Z_2701_1215_dcd18f4cd542.jpg
2701,C:\Users\Setekh\Desktop\ISY5002-Project\datasets\raw-2026-week1\2701\20260920T123053Z_2701_1230_2f7fa3f35515.jpg
2701,C:\Users\Setekh\Desktop\ISY5002-Project\datasets\raw-2026-week1\2701\20260920T124034Z_2701_1240_a2e090fa35a7.jpg
2701,C:\Users\Setekh\Desktop\ISY5002-Project\datasets\raw-2026-week1\2701\20260920T125034Z_2701_1250_437547e7eac3.jpg
2701,C:\Users\Setekh\Desktop\ISY5002-Project\datasets\raw-2026-week1\2701\20260920T130054Z_2701_1300_9ece8fa65cf0.jpg
2701,C:\Users\Setekh\Desktop\ISY5002-Project\datasets\raw-2026-week1\2701\20260920T130615Z_2701_1306_635de5631d0c.jpg
2701,C:\Users\Setekh\Desktop\ISY5002-Project\datasets\raw-2026-week1\2701\20260920T131555Z_2701_1315_f9902ad1646f.jpg
2701,C:\Users\Setekh\Desktop\ISY5002-Project\datasets\raw-2026-week1\2701\20260920T133055Z_2701_1330_42925fc59571.jpg
2701,C:\Users\Setekh\Desktop\ISY5002-Project\datasets\raw-2026-week1\2701\20260920T133556Z_2701_1335_1787427dff26.jpg
2701,C:\Users\Setekh\Desktop\ISY5002-Project\datasets\raw-2026-week1\2701\20260920T135036Z_2701_1350_c2ef86b28cb7.jpg
2701,C:\Users\Setekh\Desktop\ISY5002-Project\datasets\raw-2026-week1\2701\20260920T135556Z_2701_1355_326629cc1a7e.jpg
2701,C:\Users\Setekh\Desktop\ISY5002-Project\datasets\raw-2026-week1\2701\20260920T140537Z_2701_1405_0492446acd42.jpg
2701,C:\Users\Setekh\Desktop\ISY5002-Project\datasets\raw-2026-week1\2701\20260920T142037Z_2701_1420_49509273679c.jpg
2701,C:\Users\Setekh\Desktop\ISY5002-Project\datasets\raw-2026-week1\2701\20260920T142537Z_2701_1425_a7ab2700d29e.jpg
2701,C:\Users\Setekh\Desktop\ISY5002-Project\datasets\raw-2026-week1\2701\20260920T143538Z_2701_1435_fb1e92297ceb.jpg
2701,C:\Users\Setekh\Desktop\ISY5002-Project\datasets\raw-2026-week1\2701\20260920T145018Z_2701_1450_2230c506923c.jpg
2701,C:\Users\Setekh\Desktop\ISY5002-Project\datasets\raw-2026-week1\2701\20260920T145619Z_2701_1456_b429f51b1e3e.jpg
2701,C:\Users\Setekh\Desktop\ISY5002-Project\datasets\raw-2026-week1\2701\20260920T150559Z_2701_1505_ca2d14dc489a.jpg
2701,C:\Users\Setekh\Desktop\ISY5002-Project\datasets\raw-2026-week1\2701\20260920T152039Z_2701_1520_3520188d935c.jpg
2701,C:\Users\Setekh\Desktop\ISY5002-Project\datasets\raw-2026-week1\2701\20260920T152600Z_2701_1526_7ca1929d6be7.jpg
2701,C:\Users\Setekh\Desktop\ISY5002-Project\datasets\raw-2026-week1\2701\20260920T154040Z_2701_1540_f5f374d2bbcd.jpg
2701,C:\Users\Setekh\Desktop\ISY5002-Project\datasets\raw-2026-week1\2701\20260920T155041Z_2701_1550_7592b692fcc4.jpg
2702,C:\Users\Setekh\Desktop\ISY5002-Project\datasets\raw-2026-week1\2702\20260913T124023Z_2702_1240_b2c7d3eeafa4.jpg
2702,C:\Users\Setekh\Desktop\ISY5002-Project\datasets\raw-2026-week1\2702\20260913T164052Z_2702_1640_c92acb2593a0.jpg
2702,C:\Users\Setekh\Desktop\ISY5002-Project\datasets\raw-2026-week1\2702\20260913T165033Z_2702_1650_66a003d61c91.jpg
2702,C:\Users\Setekh\Desktop\ISY5002-Project\datasets\raw-2026-week1\2702\20260913T165553Z_2702_1655_40ada7f5c292.jpg
2702,C:\Users\Setekh\Desktop\ISY5002-Project\datasets\raw-2026-week1\2702\20260913T170053Z_2702_1700_494192272700.jpg
2702,C:\Users\Setekh\Desktop\ISY5002-Project\datasets\raw-2026-week1\2702\20260913T171053Z_2702_1710_96fe89906a4a.jpg
2702,C:\Users\Setekh\Desktop\ISY5002-Project\datasets\raw-2026-week1\2702\20260913T172054Z_2702_1720_53058a46e175.jpg
2702,C:\Users\Setekh\Desktop\ISY5002-Project\datasets\raw-2026-week1\2702\20260913T172554Z_2702_1725_5d7313de307d.jpg
2702,C:\Users\Setekh\Desktop\ISY5002-Project\datasets\raw-2026-week1\2702\20260913T173034Z_2702_1730_c394321fc551.jpg
2702,C:\Users\Setekh\Desktop\ISY5002-Project\datasets\raw-2026-week1\2702\20260913T174034Z_2702_1740_6d9fff409a93.jpg
2702,C:\Users\Setekh\Desktop\ISY5002-Project\datasets\raw-2026-week1\2702\20260913T175055Z_2702_1750_a3fa0543edf4.jpg
2702,C:\Users\Setekh\Desktop\ISY5002-Project\datasets\raw-2026-week1\2702\20260913T180055Z_2702_1800_f33075157b0e.jpg
2702,C:\Users\Setekh\Desktop\ISY5002-Project\datasets\raw-2026-week1\2702\20260913T180535Z_2702_1805_045a9c2a92d1.jpg
2702,C:\Users\Setekh\Desktop\ISY5002-Project\datasets\raw-2026-week1\2702\20260913T181556Z_2702_1815_76be732455b6.jpg
2702,C:\Users\Setekh\Desktop\ISY5002-Project\datasets\raw-2026-week1\2702\20260913T191038Z_2702_1910_402227ea3f3c.jpg
2702,C:\Users\Setekh\Desktop\ISY5002-Project\datasets\raw-2026-week1\2702\20260913T192018Z_2702_1920_8db39f1015cb.jpg
2702,C:\Users\Setekh\Desktop\ISY5002-Project\datasets\raw-2026-week1\2702\20260913T212103Z_2702_2121_e7fe28421408.jpg
2702,C:\Users\Setekh\Desktop\ISY5002-Project\datasets\raw-2026-week1\2702\20260913T212603Z_2702_2126_a7c61a144c56.jpg
2702,C:\Users\Setekh\Desktop\ISY5002-Project\datasets\raw-2026-week1\2702\20260913T231547Z_2702_2315_5bde7ea70af6.jpg
2702,C:\Users\Setekh\Desktop\ISY5002-Project\datasets\raw-2026-week1\2702\20260913T232027Z_2702_2320_064a219ccca4.jpg
2702,C:\Users\Setekh\Desktop\ISY5002-Project\datasets\raw-2026-week1\2702\20260914T005550Z_2702_0055_bbf5d53ee04f.jpg
2702,C:\Users\Setekh\Desktop\ISY5002-Project\datasets\raw-2026-week1\2702\20260914T010031Z_2702_0100_5c9c792e9669.jpg
2702,C:\Users\Setekh\Desktop\ISY5002-Project\datasets\raw-2026-week1\2702\20260914T011031Z_2702_0110_6b793e7c018c.jpg
2702,C:\Users\Setekh\Desktop\ISY5002-Project\datasets\raw-2026-week1\2702\20260914T012051Z_2702_0120_c4b316ebe4cf.jpg
2702,C:\Users\Setekh\Desktop\ISY5002-Project\datasets\raw-2026-week1\2702\20260914T013032Z_2702_0130_3159fe18a262.jpg
2702,C:\Users\Setekh\Desktop\ISY5002-Project\datasets\raw-2026-week1\2702\20260914T014052Z_2702_0140_3e797d340bb3.jpg
2702,C:\Users\Setekh\Desktop\ISY5002-Project\datasets\raw-2026-week1\2702\20260914T015052Z_2702_0150_1dea4acfd662.jpg
2702,C:\Users\Setekh\Desktop\ISY5002-Project\datasets\raw-2026-week1\2702\20260914T020033Z_2702_0200_1b25ef1c70ca.jpg
2702,C:\Users\Setekh\Desktop\ISY5002-Project\datasets\raw-2026-week1\2702\20260914T021033Z_2702_0210_68a8f4061653.jpg
2702,C:\Users\Setekh\Desktop\ISY5002-Project\datasets\raw-2026-week1\2702\20260914T022053Z_2702_0220_5e2df79c04ac.jpg
2702,C:\Users\Setekh\Desktop\ISY5002-Project\datasets\raw-2026-week1\2702\20260914T023034Z_2702_0230_5c4204caf31f.jpg
2702,C:\Users\Setekh\Desktop\ISY5002-Project\datasets\raw-2026-week1\2702\20260914T024034Z_2702_0240_f5bf7b0ecfa5.jpg
2702,C:\Users\Setekh\Desktop\ISY5002-Project\datasets\raw-2026-week1\2702\20260914T025055Z_2702_0250_39c096133065.jpg
2702,C:\Users\Setekh\Desktop\ISY5002-Project\datasets\raw-2026-week1\2702\20260914T030035Z_2702_0300_6cba46dc5211.jpg
2702,C:\Users\Setekh\Desktop\ISY5002-Project\datasets\raw-2026-week1\2702\20260914T031055Z_2702_0310_34f4a5b62a95.jpg
2702,C:\Users\Setekh\Desktop\ISY5002-Project\datasets\raw-2026-week1\2702\20260914T031556Z_2702_0315_db07ffd83ffd.jpg
2702,C:\Users\Setekh\Desktop\ISY5002-Project\datasets\raw-2026-week1\2702\20260914T033056Z_2702_0330_a9868ac2165f.jpg
2702,C:\Users\Setekh\Desktop\ISY5002-Project\datasets\raw-2026-week1\2702\20260914T034056Z_2702_0340_8095cb118914.jpg
2702,C:\Users\Setekh\Desktop\ISY5002-Project\datasets\raw-2026-week1\2702\20260914T034617Z_2702_0346_6df24988d0ec.jpg
2702,C:\Users\Setekh\Desktop\ISY5002-Project\datasets\raw-2026-week1\2702\20260914T035557Z_2702_0355_ff3cb232aca7.jpg
2702,C:\Users\Setekh\Desktop\ISY5002-Project\datasets\raw-2026-week1\2702\20260914T040557Z_2702_0405_6c24e19ae0e7.jpg
2702,C:\Users\Setekh\Desktop\ISY5002-Project\datasets\raw-2026-week1\2702\20260914T041558Z_2702_0415_f54042e07338.jpg
2702,C:\Users\Setekh\Desktop\ISY5002-Project\datasets\raw-2026-week1\2702\20260914T043018Z_2702_0430_cf574be4ecd3.jpg
2702,C:\Users\Setekh\Desktop\ISY5002-Project\datasets\raw-2026-week1\2702\20260914T043559Z_2702_0435_91f2bc33aa02.jpg
2702,C:\Users\Setekh\Desktop\ISY5002-Project\datasets\raw-2026-week1\2702\20260914T045039Z_2702_0450_c2503d67599f.jpg
2702,C:\Users\Setekh\Desktop\ISY5002-Project\datasets\raw-2026-week1\2702\20260914T045559Z_2702_0455_603c4f406f67.jpg
2702,C:\Users\Setekh\Desktop\ISY5002-Project\datasets\raw-2026-week1\2702\20260914T051040Z_2702_0510_ea87ee3092dc.jpg
2702,C:\Users\Setekh\Desktop\ISY5002-Project\datasets\raw-2026-week1\2702\20260914T051540Z_2702_0515_825cad939d55.jpg
2702,C:\Users\Setekh\Desktop\ISY5002-Project\datasets\raw-2026-week1\2702\20260914T052600Z_2702_0526_3315a68d4942.jpg
2702,C:\Users\Setekh\Desktop\ISY5002-Project\datasets\raw-2026-week1\2702\20260914T054041Z_2702_0540_8c476ca25c4d.jpg
2702,C:\Users\Setekh\Desktop\ISY5002-Project\datasets\raw-2026-week1\2702\20260914T054601Z_2702_0546_d81fb994e8b1.jpg
2702,C:\Users\Setekh\Desktop\ISY5002-Project\datasets\raw-2026-week1\2702\20260914T060042Z_2702_0600_ab4c41de58bd.jpg
2702,C:\Users\Setekh\Desktop\ISY5002-Project\datasets\raw-2026-week1\2702\20260914T060542Z_2702_0605_ef6f00738bb9.jpg
2702,C:\Users\Setekh\Desktop\ISY5002-Project\datasets\raw-2026-week1\2702\20260914T061602Z_2702_0616_4b47b7c30ed8.jpg
2702,C:\Users\Setekh\Desktop\ISY5002-Project\datasets\raw-2026-week1\2702\20260914T063043Z_2702_0630_686e99e8cf5f.jpg
2702,C:\Users\Setekh\Desktop\ISY5002-Project\datasets\raw-2026-week1\2702\20260914T063543Z_2702_0635_c615d1e9cdf0.jpg
2702,C:\Users\Setekh\Desktop\ISY5002-Project\datasets\raw-2026-week1\2702\20260914T064043Z_2702_0640_5c0b6b9deaa8.jpg
2702,C:\Users\Setekh\Desktop\ISY5002-Project\datasets\raw-2026-week1\2702\20260914T064603Z_2702_0646_bcc9d9b42366.jpg
2702,C:\Users\Setekh\Desktop\ISY5002-Project\datasets\raw-2026-week1\2702\20260914T070024Z_2702_0700_6f602a634877.jpg
2702,C:\Users\Setekh\Desktop\ISY5002-Project\datasets\raw-2026-week1\2702\20260914T071024Z_2702_0710_dbf160a82859.jpg
2702,C:\Users\Setekh\Desktop\ISY5002-Project\datasets\raw-2026-week1\2702\20260914T071524Z_2702_0715_f881109f5a97.jpg
2702,C:\Users\Setekh\Desktop\ISY5002-Project\datasets\raw-2026-week1\2702\20260914T074045Z_2702_0740_232d3a6ea784.jpg
2702,C:\Users\Setekh\Desktop\ISY5002-Project\datasets\raw-2026-week1\2702\20260914T075046Z_2702_0750_db9cc7ec4977.jpg
2702,C:\Users\Setekh\Desktop\ISY5002-Project\datasets\raw-2026-week1\2702\20260914T080046Z_2702_0800_984badba398a.jpg
2702,C:\Users\Setekh\Desktop\ISY5002-Project\datasets\raw-2026-week1\2702\20260914T081046Z_2702_0810_309ce554d9e3.jpg
2702,C:\Users\Setekh\Desktop\ISY5002-Project\datasets\raw-2026-week1\2702\20260914T081547Z_2702_0815_156d47ffb763.jpg
2702,C:\Users\Setekh\Desktop\ISY5002-Project\datasets\raw-2026-week1\2702\20260914T083047Z_2702_0830_04a8fe53a505.jpg
2702,C:\Users\Setekh\Desktop\ISY5002-Project\datasets\raw-2026-week1\2702\20260914T084047Z_2702_0840_8d034101204d.jpg
2702,C:\Users\Setekh\Desktop\ISY5002-Project\datasets\raw-2026-week1\2702\20260914T091049Z_2702_0910_10e5595634a2.jpg
2702,C:\Users\Setekh\Desktop\ISY5002-Project\datasets\raw-2026-week1\2702\20260914T092029Z_2702_0920_fac9d206ec01.jpg
2702,C:\Users\Setekh\Desktop\ISY5002-Project\datasets\raw-2026-week1\2702\20260914T092549Z_2702_0925_40db30374631.jpg
2702,C:\Users\Setekh\Desktop\ISY5002-Project\datasets\raw-2026-week1\2702\20260914T094030Z_2702_0940_59d8313baba4.jpg
2702,C:\Users\Setekh\Desktop\ISY5002-Project\datasets\raw-2026-week1\2702\20260914T095050Z_2702_0950_02f77d937aa1.jpg
2702,C:\Users\Setekh\Desktop\ISY5002-Project\datasets\raw-2026-week1\2702\20260914T100030Z_2702_1000_b7b59d4a52a9.jpg
2702,C:\Users\Setekh\Desktop\ISY5002-Project\datasets\raw-2026-week1\2702\20260914T101051Z_2702_1010_80bae6253c16.jpg
2702,C:\Users\Setekh\Desktop\ISY5002-Project\datasets\raw-2026-week1\2702\20260914T102051Z_2702_1020_d73fcbb9e15d.jpg
2702,C:\Users\Setekh\Desktop\ISY5002-Project\datasets\raw-2026-week1\2702\20260914T103052Z_2702_1030_2246055031da.jpg
2702,C:\Users\Setekh\Desktop\ISY5002-Project\datasets\raw-2026-week1\2702\20260914T104052Z_2702_1040_cd040903ee0a.jpg
2702,C:\Users\Setekh\Desktop\ISY5002-Project\datasets\raw-2026-week1\2702\20260914T105032Z_2702_1050_73c40c877931.jpg
2702,C:\Users\Setekh\Desktop\ISY5002-Project\datasets\raw-2026-week1\2702\20260914T110053Z_2702_1100_cce8e540f804.jpg
2702,C:\Users\Setekh\Desktop\ISY5002-Project\datasets\raw-2026-week1\2702\20260914T111053Z_2702_1110_e1baa6af762d.jpg
2702,C:\Users\Setekh\Desktop\ISY5002-Project\datasets\raw-2026-week1\2702\20260914T111553Z_2702_1115_c9dc405bda0a.jpg
2702,C:\Users\Setekh\Desktop\ISY5002-Project\datasets\raw-2026-week1\2702\20260914T113054Z_2702_1130_b4da3b17b87c.jpg
2702,C:\Users\Setekh\Desktop\ISY5002-Project\datasets\raw-2026-week1\2702\20260914T114054Z_2702_1140_bb14ad68c08d.jpg
2702,C:\Users\Setekh\Desktop\ISY5002-Project\datasets\raw-2026-week1\2702\20260914T115034Z_2702_1150_3780db8114ca.jpg
2702,C:\Users\Setekh\Desktop\ISY5002-Project\datasets\raw-2026-week1\2702\20260914T120035Z_2702_1200_a98eca2ee01d.jpg
2702,C:\Users\Setekh\Desktop\ISY5002-Project\datasets\raw-2026-week1\2702\20260914T121055Z_2702_1210_39bb8c8f2323.jpg
2702,C:\Users\Setekh\Desktop\ISY5002-Project\datasets\raw-2026-week1\2702\20260914T121555Z_2702_1215_b3f97c4e4e5d.jpg
2702,C:\Users\Setekh\Desktop\ISY5002-Project\datasets\raw-2026-week1\2702\20260914T123036Z_2702_1230_6ba8266c210c.jpg
2702,C:\Users\Setekh\Desktop\ISY5002-Project\datasets\raw-2026-week1\2702\20260914T123556Z_2702_1235_3206f0e1f59f.jpg
2702,C:\Users\Setekh\Desktop\ISY5002-Project\datasets\raw-2026-week1\2702\20260914T124557Z_2702_1245_65b1da6e95c3.jpg
2702,C:\Users\Setekh\Desktop\ISY5002-Project\datasets\raw-2026-week1\2702\20260914T125557Z_2702_1255_1093ceac033b.jpg
2702,C:\Users\Setekh\Desktop\ISY5002-Project\datasets\raw-2026-week1\2702\20260914T130557Z_2702_1305_869374952c93.jpg
2702,C:\Users\Setekh\Desktop\ISY5002-Project\datasets\raw-2026-week1\2702\20260914T131558Z_2702_1315_98a070a1487f.jpg
2702,C:\Users\Setekh\Desktop\ISY5002-Project\datasets\raw-2026-week1\2702\20260914T133038Z_2702_1330_40a9de8adc5b.jpg
2702,C:\Users\Setekh\Desktop\ISY5002-Project\datasets\raw-2026-week1\2702\20260914T133538Z_2702_1335_30d4f519541c.jpg
2702,C:\Users\Setekh\Desktop\ISY5002-Project\datasets\raw-2026-week1\2702\20260914T134559Z_2702_1345_62ad2c534b29.jpg
2702,C:\Users\Setekh\Desktop\ISY5002-Project\datasets\raw-2026-week1\2702\20260914T140039Z_2702_1400_cc5292bb867f.jpg
2702,C:\Users\Setekh\Desktop\ISY5002-Project\datasets\raw-2026-week1\2702\20260914T141040Z_2702_1410_94c4126d1149.jpg
2702,C:\Users\Setekh\Desktop\ISY5002-Project\datasets\raw-2026-week1\2702\20260914T141600Z_2702_1416_c318aec54140.jpg
2702,C:\Users\Setekh\Desktop\ISY5002-Project\datasets\raw-2026-week1\2702\20260914T143040Z_2702_1430_e8dc215dd4e5.jpg
2702,C:\Users\Setekh\Desktop\ISY5002-Project\datasets\raw-2026-week1\2702\20260914T143541Z_2702_1435_dceee8df917a.jpg
2702,C:\Users\Setekh\Desktop\ISY5002-Project\datasets\raw-2026-week1\2702\20260914T144601Z_2702_1446_df400cea50b7.jpg
2702,C:\Users\Setekh\Desktop\ISY5002-Project\datasets\raw-2026-week1\2702\20260914T150022Z_2702_1500_8c6a71c50acf.jpg
2702,C:\Users\Setekh\Desktop\ISY5002-Project\datasets\raw-2026-week1\2702\20260914T151042Z_2702_1510_c860e5a077dc.jpg
2702,C:\Users\Setekh\Desktop\ISY5002-Project\datasets\raw-2026-week1\2702\20260914T151602Z_2702_1516_056730d895d4.jpg
2702,C:\Users\Setekh\Desktop\ISY5002-Project\datasets\raw-2026-week1\2702\20260914T153043Z_2702_1530_1af85fc1a4d8.jpg
2702,C:\Users\Setekh\Desktop\ISY5002-Project\datasets\raw-2026-week1\2702\20260914T154043Z_2702_1540_ff680aac8bad.jpg
2702,C:\Users\Setekh\Desktop\ISY5002-Project\datasets\raw-2026-week1\2702\20260914T155043Z_2702_1550_1c1e4c3fad41.jpg
2702,C:\Users\Setekh\Desktop\ISY5002-Project\datasets\raw-2026-week1\2702\20260914T155604Z_2702_1556_0c6f8a3dc796.jpg
2702,C:\Users\Setekh\Desktop\ISY5002-Project\datasets\raw-2026-week1\2702\20260914T161044Z_2702_1610_54b3b40cca05.jpg
2702,C:\Users\Setekh\Desktop\ISY5002-Project\datasets\raw-2026-week1\2702\20260914T161604Z_2702_1616_1086d19409b4.jpg
2702,C:\Users\Setekh\Desktop\ISY5002-Project\datasets\raw-2026-week1\2702\20260914T162545Z_2702_1625_297bda38e31c.jpg
2702,C:\Users\Setekh\Desktop\ISY5002-Project\datasets\raw-2026-week1\2702\20260914T163545Z_2702_1635_af4c4e7b0b13.jpg
2702,C:\Users\Setekh\Desktop\ISY5002-Project\datasets\raw-2026-week1\2702\20260914T165046Z_2702_1650_0feb1c82f3fa.jpg
2702,C:\Users\Setekh\Desktop\ISY5002-Project\datasets\raw-2026-week1\2702\20260914T165546Z_2702_1655_51274c2b6902.jpg
2702,C:\Users\Setekh\Desktop\ISY5002-Project\datasets\raw-2026-week1\2702\20260914T171046Z_2702_1710_42ec214c36e1.jpg
2702,C:\Users\Setekh\Desktop\ISY5002-Project\datasets\raw-2026-week1\2702\20260914T172027Z_2702_1720_df9f4ca80810.jpg
2702,C:\Users\Setekh\Desktop\ISY5002-Project\datasets\raw-2026-week1\2702\20260914T172547Z_2702_1725_b65bd957a45a.jpg
2702,C:\Users\Setekh\Desktop\ISY5002-Project\datasets\raw-2026-week1\2702\20260914T210555Z_2702_2105_abcd9be31b7d.jpg
2702,C:\Users\Setekh\Desktop\ISY5002-Project\datasets\raw-2026-week1\2702\20260914T211536Z_2702_2115_154baa292fde.jpg
2702,C:\Users\Setekh\Desktop\ISY5002-Project\datasets\raw-2026-week1\2702\20260914T213556Z_2702_2135_1ac6adf8a1fe.jpg
2702,C:\Users\Setekh\Desktop\ISY5002-Project\datasets\raw-2026-week1\2702\20260914T214557Z_2702_2145_3cea1640e44c.jpg
2702,C:\Users\Setekh\Desktop\ISY5002-Project\datasets\raw-2026-week1\2702\20260914T224039Z_2702_2240_009142ac3b7c.jpg
2702,C:\Users\Setekh\Desktop\ISY5002-Project\datasets\raw-2026-week1\2702\20260914T233041Z_2702_2330_a00c29a30a38.jpg
2702,C:\Users\Setekh\Desktop\ISY5002-Project\datasets\raw-2026-week1\2702\20260914T233521Z_2702_2335_99460060f28a.jpg
2702,C:\Users\Setekh\Desktop\ISY5002-Project\datasets\raw-2026-week1\2702\20260914T234521Z_2702_2345_8f2156e2f363.jpg
2702,C:\Users\Setekh\Desktop\ISY5002-Project\datasets\raw-2026-week1\2702\20260915T000042Z_2702_0000_68d7a13cbd5a.jpg
2702,C:\Users\Setekh\Desktop\ISY5002-Project\datasets\raw-2026-week1\2702\20260915T001042Z_2702_0010_743863bf2a88.jpg
2702,C:\Users\Setekh\Desktop\ISY5002-Project\datasets\raw-2026-week1\2702\20260915T002042Z_2702_0020_a6daba92ef44.jpg
2702,C:\Users\Setekh\Desktop\ISY5002-Project\datasets\raw-2026-week1\2702\20260915T002543Z_2702_0025_31529c06226d.jpg
2702,C:\Users\Setekh\Desktop\ISY5002-Project\datasets\raw-2026-week1\2702\20260915T004043Z_2702_0040_8d85cc1f4a54.jpg
2702,C:\Users\Setekh\Desktop\ISY5002-Project\datasets\raw-2026-week1\2702\20260915T004603Z_2702_0046_c5e361cfad69.jpg
2702,C:\Users\Setekh\Desktop\ISY5002-Project\datasets\raw-2026-week1\2702\20260915T010024Z_2702_0100_99dbb1795545.jpg
2702,C:\Users\Setekh\Desktop\ISY5002-Project\datasets\raw-2026-week1\2702\20260915T010544Z_2702_0105_4e42ea81533b.jpg
2702,C:\Users\Setekh\Desktop\ISY5002-Project\datasets\raw-2026-week1\2702\20260915T011544Z_2702_0115_d50dae742131.jpg
2702,C:\Users\Setekh\Desktop\ISY5002-Project\datasets\raw-2026-week1\2702\20260915T012545Z_2702_0125_f5637e588f62.jpg
2702,C:\Users\Setekh\Desktop\ISY5002-Project\datasets\raw-2026-week1\2702\20260915T013545Z_2702_0135_51c28fece935.jpg
2702,C:\Users\Setekh\Desktop\ISY5002-Project\datasets\raw-2026-week1\2702\20260915T015546Z_2702_0155_823b4a240032.jpg
2702,C:\Users\Setekh\Desktop\ISY5002-Project\datasets\raw-2026-week1\2702\20260915T021046Z_2702_0210_8725531ee4c8.jpg
2702,C:\Users\Setekh\Desktop\ISY5002-Project\datasets\raw-2026-week1\2702\20260915T023547Z_2702_0235_3fcf79737515.jpg
2702,C:\Users\Setekh\Desktop\ISY5002-Project\datasets\raw-2026-week1\2702\20260915T033550Z_2702_0335_38c4fc4477ba.jpg
2702,C:\Users\Setekh\Desktop\ISY5002-Project\datasets\raw-2026-week1\2702\20260915T040051Z_2702_0400_cd85b3f4c08f.jpg
2702,C:\Users\Setekh\Desktop\ISY5002-Project\datasets\raw-2026-week1\2702\20260915T041031Z_2702_0410_fbe4607f7b8c.jpg
2702,C:\Users\Setekh\Desktop\ISY5002-Project\datasets\raw-2026-week1\2702\20260915T042552Z_2702_0425_f2b99945395b.jpg
2702,C:\Users\Setekh\Desktop\ISY5002-Project\datasets\raw-2026-week1\2702\20260915T044532Z_2702_0445_d6cabbe711db.jpg
2702,C:\Users\Setekh\Desktop\ISY5002-Project\datasets\raw-2026-week1\2702\20260915T050533Z_2702_0505_3529d7de0829.jpg
2702,C:\Users\Setekh\Desktop\ISY5002-Project\datasets\raw-2026-week1\2702\20260915T052534Z_2702_0525_50a84ee0a447.jpg
2702,C:\Users\Setekh\Desktop\ISY5002-Project\datasets\raw-2026-week1\2702\20260915T054034Z_2702_0540_4a45f391412d.jpg
2702,C:\Users\Setekh\Desktop\ISY5002-Project\datasets\raw-2026-week1\2702\20260915T060055Z_2702_0600_4ec4b3011ed2.jpg
2702,C:\Users\Setekh\Desktop\ISY5002-Project\datasets\raw-2026-week1\2702\20260915T060535Z_2702_0605_2818562a1623.jpg
2702,C:\Users\Setekh\Desktop\ISY5002-Project\datasets\raw-2026-week1\2702\20260915T062036Z_2702_0620_52447c41ae9f.jpg
2702,C:\Users\Setekh\Desktop\ISY5002-Project\datasets\raw-2026-week1\2702\20260915T063016Z_2702_0630_b73e0df2622e.jpg
2702,C:\Users\Setekh\Desktop\ISY5002-Project\datasets\raw-2026-week1\2702\20260915T064036Z_2702_0640_5c40e0e3329a.jpg
2702,C:\Users\Setekh\Desktop\ISY5002-Project\datasets\raw-2026-week1\2702\20260915T065057Z_2702_0650_dd05603ff9d0.jpg
2702,C:\Users\Setekh\Desktop\ISY5002-Project\datasets\raw-2026-week1\2702\20260915T070057Z_2702_0700_d468d134eb1a.jpg
2702,C:\Users\Setekh\Desktop\ISY5002-Project\datasets\raw-2026-week1\2702\20260915T071038Z_2702_0710_ec6ab36888f5.jpg
2702,C:\Users\Setekh\Desktop\ISY5002-Project\datasets\raw-2026-week1\2702\20260915T072038Z_2702_0720_f98fe5540f38.jpg
2702,C:\Users\Setekh\Desktop\ISY5002-Project\datasets\raw-2026-week1\2702\20260915T072538Z_2702_0725_ca5e430733f4.jpg
2702,C:\Users\Setekh\Desktop\ISY5002-Project\datasets\raw-2026-week1\2702\20260915T073559Z_2702_0735_c6e1a7a0b459.jpg
2702,C:\Users\Setekh\Desktop\ISY5002-Project\datasets\raw-2026-week1\2702\20260915T075039Z_2702_0750_676b246a88d6.jpg
2702,C:\Users\Setekh\Desktop\ISY5002-Project\datasets\raw-2026-week1\2702\20260915T075559Z_2702_0755_40f31905da69.jpg
2702,C:\Users\Setekh\Desktop\ISY5002-Project\datasets\raw-2026-week1\2702\20260915T080600Z_2702_0806_f5e25edc9f52.jpg
2702,C:\Users\Setekh\Desktop\ISY5002-Project\datasets\raw-2026-week1\2702\20260915T081600Z_2702_0816_be2009301cb0.jpg
2702,C:\Users\Setekh\Desktop\ISY5002-Project\datasets\raw-2026-week1\2702\20260915T084041Z_2702_0840_29f9e1276914.jpg
2702,C:\Users\Setekh\Desktop\ISY5002-Project\datasets\raw-2026-week1\2702\20260915T084541Z_2702_0845_9f23ea681069.jpg
2702,C:\Users\Setekh\Desktop\ISY5002-Project\datasets\raw-2026-week1\2702\20260915T085541Z_2702_0855_758bd52eb3b3.jpg
2702,C:\Users\Setekh\Desktop\ISY5002-Project\datasets\raw-2026-week1\2702\20260915T091042Z_2702_0910_d4c84d0f8854.jpg
2702,C:\Users\Setekh\Desktop\ISY5002-Project\datasets\raw-2026-week1\2702\20260915T092042Z_2702_0920_94e6a407bdfb.jpg
2702,C:\Users\Setekh\Desktop\ISY5002-Project\datasets\raw-2026-week1\2702\20260915T092543Z_2702_0925_da08efabb338.jpg
2702,C:\Users\Setekh\Desktop\ISY5002-Project\datasets\raw-2026-week1\2702\20260915T094043Z_2702_0940_999364ac8bf7.jpg
2702,C:\Users\Setekh\Desktop\ISY5002-Project\datasets\raw-2026-week1\2702\20260915T094603Z_2702_0946_7690f4eef02d.jpg
2702,C:\Users\Setekh\Desktop\ISY5002-Project\datasets\raw-2026-week1\2702\20260915T100544Z_2702_1005_8e7c56d22920.jpg
2702,C:\Users\Setekh\Desktop\ISY5002-Project\datasets\raw-2026-week1\2702\20260915T101544Z_2702_1015_00e07227aa34.jpg
2702,C:\Users\Setekh\Desktop\ISY5002-Project\datasets\raw-2026-week1\2702\20260915T103045Z_2702_1030_283b17803c84.jpg
2702,C:\Users\Setekh\Desktop\ISY5002-Project\datasets\raw-2026-week1\2702\20260915T103545Z_2702_1035_b51a42cb00c2.jpg
2702,C:\Users\Setekh\Desktop\ISY5002-Project\datasets\raw-2026-week1\2702\20260915T105046Z_2702_1050_d1c8f4db2d06.jpg
2702,C:\Users\Setekh\Desktop\ISY5002-Project\datasets\raw-2026-week1\2702\20260915T105546Z_2702_1055_ae1dfec4613d.jpg
2702,C:\Users\Setekh\Desktop\ISY5002-Project\datasets\raw-2026-week1\2702\20260915T110046Z_2702_1100_b9c870cabb41.jpg
2702,C:\Users\Setekh\Desktop\ISY5002-Project\datasets\raw-2026-week1\2702\20260915T111026Z_2702_1110_c6e81e5f0266.jpg
2702,C:\Users\Setekh\Desktop\ISY5002-Project\datasets\raw-2026-week1\2702\20260915T111547Z_2702_1115_6ef61b22b953.jpg
2702,C:\Users\Setekh\Desktop\ISY5002-Project\datasets\raw-2026-week1\2702\20260915T113027Z_2702_1130_1db2c708c8c6.jpg
2702,C:\Users\Setekh\Desktop\ISY5002-Project\datasets\raw-2026-week1\2702\20260915T114047Z_2702_1140_0bb054d33346.jpg
2702,C:\Users\Setekh\Desktop\ISY5002-Project\datasets\raw-2026-week1\2702\20260915T115028Z_2702_1150_52c73921744a.jpg
2702,C:\Users\Setekh\Desktop\ISY5002-Project\datasets\raw-2026-week1\2702\20260915T120028Z_2702_1200_353935cf008b.jpg
2702,C:\Users\Setekh\Desktop\ISY5002-Project\datasets\raw-2026-week1\2702\20260915T121049Z_2702_1210_5a6d732ce066.jpg
2702,C:\Users\Setekh\Desktop\ISY5002-Project\datasets\raw-2026-week1\2702\20260915T122049Z_2702_1220_ad6530089bdb.jpg
2702,C:\Users\Setekh\Desktop\ISY5002-Project\datasets\raw-2026-week1\2702\20260915T123049Z_2702_1230_f6798998d6b8.jpg
2702,C:\Users\Setekh\Desktop\ISY5002-Project\datasets\raw-2026-week1\2702\20260915T124030Z_2702_1240_0aeaec57ba66.jpg
2702,C:\Users\Setekh\Desktop\ISY5002-Project\datasets\raw-2026-week1\2702\20260915T125030Z_2702_1250_eaab5b085774.jpg
2702,C:\Users\Setekh\Desktop\ISY5002-Project\datasets\raw-2026-week1\2702\20260915T130030Z_2702_1300_13f71583f177.jpg
2702,C:\Users\Setekh\Desktop\ISY5002-Project\datasets\raw-2026-week1\2702\20260915T131031Z_2702_1310_4d74ef9dc5b8.jpg
2702,C:\Users\Setekh\Desktop\ISY5002-Project\datasets\raw-2026-week1\2702\20260915T132031Z_2702_1320_771fdcd2ff95.jpg
2702,C:\Users\Setekh\Desktop\ISY5002-Project\datasets\raw-2026-week1\2702\20260915T133031Z_2702_1330_44b913372588.jpg
2702,C:\Users\Setekh\Desktop\ISY5002-Project\datasets\raw-2026-week1\2702\20260915T134052Z_2702_1340_fe8fc2445177.jpg
2702,C:\Users\Setekh\Desktop\ISY5002-Project\datasets\raw-2026-week1\2702\20260915T135052Z_2702_1350_4c52e9b6ad10.jpg
2702,C:\Users\Setekh\Desktop\ISY5002-Project\datasets\raw-2026-week1\2702\20260915T140053Z_2702_1400_8c2dfa08dcac.jpg
2702,C:\Users\Setekh\Desktop\ISY5002-Project\datasets\raw-2026-week1\2702\20260915T141053Z_2702_1410_25d34d12cd06.jpg
2702,C:\Users\Setekh\Desktop\ISY5002-Project\datasets\raw-2026-week1\2702\20260915T142054Z_2702_1420_bb345a2f72e0.jpg
2702,C:\Users\Setekh\Desktop\ISY5002-Project\datasets\raw-2026-week1\2702\20260915T143034Z_2702_1430_24e0ad8cc8ab.jpg
2702,C:\Users\Setekh\Desktop\ISY5002-Project\datasets\raw-2026-week1\2702\20260915T144034Z_2702_1440_1b661793562d.jpg
2702,C:\Users\Setekh\Desktop\ISY5002-Project\datasets\raw-2026-week1\2702\20260915T145055Z_2702_1450_9ad6edba3005.jpg
2702,C:\Users\Setekh\Desktop\ISY5002-Project\datasets\raw-2026-week1\2702\20260915T150055Z_2702_1500_82226212d38e.jpg
2702,C:\Users\Setekh\Desktop\ISY5002-Project\datasets\raw-2026-week1\2702\20260915T150555Z_2702_1505_daa0a60b5d9a.jpg
2702,C:\Users\Setekh\Desktop\ISY5002-Project\datasets\raw-2026-week1\2702\20260915T152036Z_2702_1520_caa8a128da5c.jpg
2702,C:\Users\Setekh\Desktop\ISY5002-Project\datasets\raw-2026-week1\2702\20260915T153036Z_2702_1530_ae95fe9ce28b.jpg
2702,C:\Users\Setekh\Desktop\ISY5002-Project\datasets\raw-2026-week1\2702\20260915T154056Z_2702_1540_6712ddb5545b.jpg
2702,C:\Users\Setekh\Desktop\ISY5002-Project\datasets\raw-2026-week1\2702\20260915T155057Z_2702_1550_e36d03e847f5.jpg
2702,C:\Users\Setekh\Desktop\ISY5002-Project\datasets\raw-2026-week1\2702\20260915T160037Z_2702_1600_6efdda55fb38.jpg
2702,C:\Users\Setekh\Desktop\ISY5002-Project\datasets\raw-2026-week1\2702\20260915T160537Z_2702_1605_3058af1f6f32.jpg
2702,C:\Users\Setekh\Desktop\ISY5002-Project\datasets\raw-2026-week1\2702\20260915T162038Z_2702_1620_9b2ee1daac2d.jpg
2702,C:\Users\Setekh\Desktop\ISY5002-Project\datasets\raw-2026-week1\2702\20260915T162558Z_2702_1625_0895b9d7ce76.jpg
2702,C:\Users\Setekh\Desktop\ISY5002-Project\datasets\raw-2026-week1\2702\20260915T163558Z_2702_1635_21aaaafaf58b.jpg
2702,C:\Users\Setekh\Desktop\ISY5002-Project\datasets\raw-2026-week1\2702\20260915T164039Z_2702_1640_f2f6ede9a790.jpg
2702,C:\Users\Setekh\Desktop\ISY5002-Project\datasets\raw-2026-week1\2702\20260915T165039Z_2702_1650_bdd7a902fd68.jpg
2702,C:\Users\Setekh\Desktop\ISY5002-Project\datasets\raw-2026-week1\2702\20260915T165559Z_2702_1655_64d872e23701.jpg
2702,C:\Users\Setekh\Desktop\ISY5002-Project\datasets\raw-2026-week1\2702\20260915T170520Z_2702_1705_395e628dd469.jpg
2702,C:\Users\Setekh\Desktop\ISY5002-Project\datasets\raw-2026-week1\2702\20260915T172040Z_2702_1720_d7cdbba711bf.jpg
2702,C:\Users\Setekh\Desktop\ISY5002-Project\datasets\raw-2026-week1\2702\20260915T172540Z_2702_1725_431211085bc3.jpg
2702,C:\Users\Setekh\Desktop\ISY5002-Project\datasets\raw-2026-week1\2702\20260915T173601Z_2702_1736_1affdfaccc86.jpg
2702,C:\Users\Setekh\Desktop\ISY5002-Project\datasets\raw-2026-week1\2702\20260915T174601Z_2702_1746_1c8e02e5a214.jpg
2702,C:\Users\Setekh\Desktop\ISY5002-Project\datasets\raw-2026-week1\2702\20260915T175541Z_2702_1755_3dc34e82bb9e.jpg
2702,C:\Users\Setekh\Desktop\ISY5002-Project\datasets\raw-2026-week1\2702\20260915T181042Z_2702_1810_4064327259a8.jpg
2702,C:\Users\Setekh\Desktop\ISY5002-Project\datasets\raw-2026-week1\2702\20260915T182042Z_2702_1820_19ae3b246455.jpg
2702,C:\Users\Setekh\Desktop\ISY5002-Project\datasets\raw-2026-week1\2702\20260915T183023Z_2702_1830_cd9c736a57bb.jpg
2702,C:\Users\Setekh\Desktop\ISY5002-Project\datasets\raw-2026-week1\2702\20260915T183543Z_2702_1835_769abbba1eaa.jpg
2702,C:\Users\Setekh\Desktop\ISY5002-Project\datasets\raw-2026-week1\2702\20260915T184103Z_2702_1841_e645f25650a6.jpg
2702,C:\Users\Setekh\Desktop\ISY5002-Project\datasets\raw-2026-week1\2702\20260915T192045Z_2702_1920_66a0f2defab1.jpg
2702,C:\Users\Setekh\Desktop\ISY5002-Project\datasets\raw-2026-week1\2702\20260915T192525Z_2702_1925_bd25bdd5be94.jpg
2702,C:\Users\Setekh\Desktop\ISY5002-Project\datasets\raw-2026-week1\2702\20260915T194046Z_2702_1940_97d02260f160.jpg
2702,C:\Users\Setekh\Desktop\ISY5002-Project\datasets\raw-2026-week1\2702\20260915T195046Z_2702_1950_57b31f02629e.jpg
2702,C:\Users\Setekh\Desktop\ISY5002-Project\datasets\raw-2026-week1\2702\20260915T200046Z_2702_2000_3b4fb284f75e.jpg
2702,C:\Users\Setekh\Desktop\ISY5002-Project\datasets\raw-2026-week1\2702\20260915T201047Z_2702_2010_9f9f9e8d73b0.jpg
2702,C:\Users\Setekh\Desktop\ISY5002-Project\datasets\raw-2026-week1\2702\20260915T202027Z_2702_2020_d9c772c1c03c.jpg
2702,C:\Users\Setekh\Desktop\ISY5002-Project\datasets\raw-2026-week1\2702\20260915T203027Z_2702_2030_2d1e14c288e6.jpg
2702,C:\Users\Setekh\Desktop\ISY5002-Project\datasets\raw-2026-week1\2702\20260915T204028Z_2702_2040_add9537e15fa.jpg
2702,C:\Users\Setekh\Desktop\ISY5002-Project\datasets\raw-2026-week1\2702\20260915T205028Z_2702_2050_abfacc8a19eb.jpg
2702,C:\Users\Setekh\Desktop\ISY5002-Project\datasets\raw-2026-week1\2702\20260915T210028Z_2702_2100_09a5db35c165.jpg
2702,C:\Users\Setekh\Desktop\ISY5002-Project\datasets\raw-2026-week1\2702\20260915T210529Z_2702_2105_e38afd4268b8.jpg
2702,C:\Users\Setekh\Desktop\ISY5002-Project\datasets\raw-2026-week1\2702\20260915T212049Z_2702_2120_10e1e3e15ee6.jpg
2702,C:\Users\Setekh\Desktop\ISY5002-Project\datasets\raw-2026-week1\2702\20260915T212549Z_2702_2125_19e6caef0ae5.jpg
2702,C:\Users\Setekh\Desktop\ISY5002-Project\datasets\raw-2026-week1\2702\20260915T213550Z_2702_2135_4825bc26c2ff.jpg
2702,C:\Users\Setekh\Desktop\ISY5002-Project\datasets\raw-2026-week1\2702\20260915T215050Z_2702_2150_9f898a10d3c9.jpg
2702,C:\Users\Setekh\Desktop\ISY5002-Project\datasets\raw-2026-week1\2702\20260915T220031Z_2702_2200_5c748e1523f3.jpg
2702,C:\Users\Setekh\Desktop\ISY5002-Project\datasets\raw-2026-week1\2702\20260915T221031Z_2702_2210_5f56fa3d461f.jpg
2702,C:\Users\Setekh\Desktop\ISY5002-Project\datasets\raw-2026-week1\2702\20260915T221551Z_2702_2215_b98163f65cd0.jpg
2702,C:\Users\Setekh\Desktop\ISY5002-Project\datasets\raw-2026-week1\2702\20260915T222031Z_2702_2220_eb5dee674d9b.jpg
2702,C:\Users\Setekh\Desktop\ISY5002-Project\datasets\raw-2026-week1\2702\20260915T223032Z_2702_2230_379f42e35e20.jpg
2702,C:\Users\Setekh\Desktop\ISY5002-Project\datasets\raw-2026-week1\2702\20260915T224032Z_2702_2240_52654a41ec80.jpg
2702,C:\Users\Setekh\Desktop\ISY5002-Project\datasets\raw-2026-week1\2702\20260915T225032Z_2702_2250_40224fd5de03.jpg
2702,C:\Users\Setekh\Desktop\ISY5002-Project\datasets\raw-2026-week1\2702\20260915T230053Z_2702_2300_31bd4ddbff73.jpg
2702,C:\Users\Setekh\Desktop\ISY5002-Project\datasets\raw-2026-week1\2702\20260915T231033Z_2702_2310_2b3c03255902.jpg
2702,C:\Users\Setekh\Desktop\ISY5002-Project\datasets\raw-2026-week1\2702\20260915T232034Z_2702_2320_346f322c675e.jpg
2702,C:\Users\Setekh\Desktop\ISY5002-Project\datasets\raw-2026-week1\2702\20260915T233054Z_2702_2330_2f6a9cff44e2.jpg
2702,C:\Users\Setekh\Desktop\ISY5002-Project\datasets\raw-2026-week1\2702\20260915T234054Z_2702_2340_7e67fdcdef56.jpg
2702,C:\Users\Setekh\Desktop\ISY5002-Project\datasets\raw-2026-week1\2702\20260915T235035Z_2702_2350_3766410ff7f7.jpg
2702,C:\Users\Setekh\Desktop\ISY5002-Project\datasets\raw-2026-week1\2702\20260916T000055Z_2702_0000_d7bb5e2d8a7d.jpg
2702,C:\Users\Setekh\Desktop\ISY5002-Project\datasets\raw-2026-week1\2702\20260916T001035Z_2702_0010_fc2d4140046e.jpg
2702,C:\Users\Setekh\Desktop\ISY5002-Project\datasets\raw-2026-week1\2702\20260916T002056Z_2702_0020_453794b7cd94.jpg
2702,C:\Users\Setekh\Desktop\ISY5002-Project\datasets\raw-2026-week1\2702\20260916T003036Z_2702_0030_4f44c6b7e30f.jpg
2702,C:\Users\Setekh\Desktop\ISY5002-Project\datasets\raw-2026-week1\2702\20260916T003536Z_2702_0035_576f10f9a818.jpg
2702,C:\Users\Setekh\Desktop\ISY5002-Project\datasets\raw-2026-week1\2702\20260916T005037Z_2702_0050_5e03373be7dc.jpg
2702,C:\Users\Setekh\Desktop\ISY5002-Project\datasets\raw-2026-week1\2702\20260916T005557Z_2702_0055_87b3cca08de1.jpg
2702,C:\Users\Setekh\Desktop\ISY5002-Project\datasets\raw-2026-week1\2702\20260916T011058Z_2702_0110_59aa1d2b8967.jpg
2702,C:\Users\Setekh\Desktop\ISY5002-Project\datasets\raw-2026-week1\2702\20260916T012038Z_2702_0120_2b1371e9354c.jpg
2702,C:\Users\Setekh\Desktop\ISY5002-Project\datasets\raw-2026-week1\2702\20260916T013018Z_2702_0130_9f3d2beba975.jpg
2702,C:\Users\Setekh\Desktop\ISY5002-Project\datasets\raw-2026-week1\2702\20260916T014039Z_2702_0140_d6c767b1969b.jpg
2702,C:\Users\Setekh\Desktop\ISY5002-Project\datasets\raw-2026-week1\2702\20260916T015039Z_2702_0150_482a856209de.jpg
2702,C:\Users\Setekh\Desktop\ISY5002-Project\datasets\raw-2026-week1\2702\20260916T020039Z_2702_0200_b45ce985fe03.jpg
2702,C:\Users\Setekh\Desktop\ISY5002-Project\datasets\raw-2026-week1\2702\20260916T021040Z_2702_0210_d070b7d44524.jpg
2702,C:\Users\Setekh\Desktop\ISY5002-Project\datasets\raw-2026-week1\2702\20260916T022040Z_2702_0220_8952794d1f81.jpg
2702,C:\Users\Setekh\Desktop\ISY5002-Project\datasets\raw-2026-week1\2702\20260916T023040Z_2702_0230_6fef54897622.jpg
2702,C:\Users\Setekh\Desktop\ISY5002-Project\datasets\raw-2026-week1\2702\20260916T024041Z_2702_0240_989f47400f54.jpg
2702,C:\Users\Setekh\Desktop\ISY5002-Project\datasets\raw-2026-week1\2702\20260916T024521Z_2702_0245_47e284da2913.jpg
2702,C:\Users\Setekh\Desktop\ISY5002-Project\datasets\raw-2026-week1\2702\20260916T030042Z_2702_0300_5309f42804a1.jpg
2702,C:\Users\Setekh\Desktop\ISY5002-Project\datasets\raw-2026-week1\2702\20260916T030522Z_2702_0305_014e44e12961.jpg
2702,C:\Users\Setekh\Desktop\ISY5002-Project\datasets\raw-2026-week1\2702\20260916T032042Z_2702_0320_561a1fbdfa52.jpg
2702,C:\Users\Setekh\Desktop\ISY5002-Project\datasets\raw-2026-week1\2702\20260916T032542Z_2702_0325_b6f1afcf484c.jpg
2702,C:\Users\Setekh\Desktop\ISY5002-Project\datasets\raw-2026-week1\2702\20260916T033543Z_2702_0335_266ecac97759.jpg
2702,C:\Users\Setekh\Desktop\ISY5002-Project\datasets\raw-2026-week1\2702\20260916T034603Z_2702_0346_c49a5ffd068b.jpg
2702,C:\Users\Setekh\Desktop\ISY5002-Project\datasets\raw-2026-week1\2702\20260916T035544Z_2702_0355_2996d1c16040.jpg
2702,C:\Users\Setekh\Desktop\ISY5002-Project\datasets\raw-2026-week1\2702\20260916T040044Z_2702_0400_3ed318b3a2bf.jpg
2702,C:\Users\Setekh\Desktop\ISY5002-Project\datasets\raw-2026-week1\2702\20260916T041024Z_2702_0410_82090cbdccfd.jpg
2702,C:\Users\Setekh\Desktop\ISY5002-Project\datasets\raw-2026-week1\2702\20260916T042044Z_2702_0420_7c9f663d7752.jpg
2702,C:\Users\Setekh\Desktop\ISY5002-Project\datasets\raw-2026-week1\2702\20260916T043025Z_2702_0430_9fa7510a5324.jpg
2702,C:\Users\Setekh\Desktop\ISY5002-Project\datasets\raw-2026-week1\2702\20260916T044045Z_2702_0440_cc4b5562da2e.jpg
2702,C:\Users\Setekh\Desktop\ISY5002-Project\datasets\raw-2026-week1\2702\20260916T045025Z_2702_0450_daee163b9791.jpg
2702,C:\Users\Setekh\Desktop\ISY5002-Project\datasets\raw-2026-week1\2702\20260916T050046Z_2702_0500_625e8971e19b.jpg
2702,C:\Users\Setekh\Desktop\ISY5002-Project\datasets\raw-2026-week1\2702\20260916T050526Z_2702_0505_25f86a90e79e.jpg
2702,C:\Users\Setekh\Desktop\ISY5002-Project\datasets\raw-2026-week1\2702\20260916T052047Z_2702_0520_b01832e5d88c.jpg
2702,C:\Users\Setekh\Desktop\ISY5002-Project\datasets\raw-2026-week1\2702\20260916T053027Z_2702_0530_89ff1481f5ad.jpg
2702,C:\Users\Setekh\Desktop\ISY5002-Project\datasets\raw-2026-week1\2702\20260916T054047Z_2702_0540_ff7001d1664f.jpg
2702,C:\Users\Setekh\Desktop\ISY5002-Project\datasets\raw-2026-week1\2702\20260916T055028Z_2702_0550_73afb130f7cf.jpg
2702,C:\Users\Setekh\Desktop\ISY5002-Project\datasets\raw-2026-week1\2702\20260916T060028Z_2702_0600_3b2632833513.jpg
2702,C:\Users\Setekh\Desktop\ISY5002-Project\datasets\raw-2026-week1\2702\20260916T061028Z_2702_0610_bc9cc30380e2.jpg
2702,C:\Users\Setekh\Desktop\ISY5002-Project\datasets\raw-2026-week1\2702\20260916T062049Z_2702_0620_0a7086014463.jpg
2702,C:\Users\Setekh\Desktop\ISY5002-Project\datasets\raw-2026-week1\2702\20260916T063049Z_2702_0630_f97da25b4441.jpg
2702,C:\Users\Setekh\Desktop\ISY5002-Project\datasets\raw-2026-week1\2702\20260916T064050Z_2702_0640_5c131e127b96.jpg
2702,C:\Users\Setekh\Desktop\ISY5002-Project\datasets\raw-2026-week1\2702\20260916T065030Z_2702_0650_4851ab0da053.jpg
2702,C:\Users\Setekh\Desktop\ISY5002-Project\datasets\raw-2026-week1\2702\20260916T070030Z_2702_0700_a10e8b9645c9.jpg
2702,C:\Users\Setekh\Desktop\ISY5002-Project\datasets\raw-2026-week1\2702\20260916T071051Z_2702_0710_2c3a439b0bc2.jpg
2702,C:\Users\Setekh\Desktop\ISY5002-Project\datasets\raw-2026-week1\2702\20260916T072051Z_2702_0720_afbb1cf90629.jpg
2702,C:\Users\Setekh\Desktop\ISY5002-Project\datasets\raw-2026-week1\2702\20260916T073051Z_2702_0730_0a5c59d5c982.jpg
2702,C:\Users\Setekh\Desktop\ISY5002-Project\datasets\raw-2026-week1\2702\20260916T074052Z_2702_0740_d1aa38cfeb6f.jpg
2702,C:\Users\Setekh\Desktop\ISY5002-Project\datasets\raw-2026-week1\2702\20260916T075052Z_2702_0750_351d4b558abd.jpg
2702,C:\Users\Setekh\Desktop\ISY5002-Project\datasets\raw-2026-week1\2702\20260916T080052Z_2702_0800_d770978a5afe.jpg
2702,C:\Users\Setekh\Desktop\ISY5002-Project\datasets\raw-2026-week1\2702\20260916T080533Z_2702_0805_a365d368e466.jpg
2702,C:\Users\Setekh\Desktop\ISY5002-Project\datasets\raw-2026-week1\2702\20260916T082033Z_2702_0820_de212cfc303c.jpg
2702,C:\Users\Setekh\Desktop\ISY5002-Project\datasets\raw-2026-week1\2702\20260916T083034Z_2702_0830_e6200662940d.jpg
2702,C:\Users\Setekh\Desktop\ISY5002-Project\datasets\raw-2026-week1\2702\20260916T084054Z_2702_0840_1601839390a1.jpg
2702,C:\Users\Setekh\Desktop\ISY5002-Project\datasets\raw-2026-week1\2702\20260916T085034Z_2702_0850_3d5fd498cd1c.jpg
2702,C:\Users\Setekh\Desktop\ISY5002-Project\datasets\raw-2026-week1\2702\20260916T090035Z_2702_0900_7c6a5928dff1.jpg
2702,C:\Users\Setekh\Desktop\ISY5002-Project\datasets\raw-2026-week1\2702\20260916T091035Z_2702_0910_b422567b6e1f.jpg
2702,C:\Users\Setekh\Desktop\ISY5002-Project\datasets\raw-2026-week1\2702\20260916T092035Z_2702_0920_a50b3af86b02.jpg
2702,C:\Users\Setekh\Desktop\ISY5002-Project\datasets\raw-2026-week1\2702\20260916T093036Z_2702_0930_ea88872f7ae1.jpg
2702,C:\Users\Setekh\Desktop\ISY5002-Project\datasets\raw-2026-week1\2702\20260916T093556Z_2702_0935_fba3ad921f5b.jpg
2702,C:\Users\Setekh\Desktop\ISY5002-Project\datasets\raw-2026-week1\2702\20260916T094036Z_2702_0940_4a535fb83021.jpg
2702,C:\Users\Setekh\Desktop\ISY5002-Project\datasets\raw-2026-week1\2702\20260916T094536Z_2702_0945_7490fd5a63bd.jpg
2702,C:\Users\Setekh\Desktop\ISY5002-Project\datasets\raw-2026-week1\2702\20260916T100037Z_2702_1000_b732bd8955ca.jpg
2702,C:\Users\Setekh\Desktop\ISY5002-Project\datasets\raw-2026-week1\2702\20260916T101037Z_2702_1010_4156b97f1f87.jpg
2702,C:\Users\Setekh\Desktop\ISY5002-Project\datasets\raw-2026-week1\2702\20260916T102037Z_2702_1020_3a6bb723c8b1.jpg
2702,C:\Users\Setekh\Desktop\ISY5002-Project\datasets\raw-2026-week1\2702\20260916T103038Z_2702_1030_9b4481a7bdef.jpg
2702,C:\Users\Setekh\Desktop\ISY5002-Project\datasets\raw-2026-week1\2702\20260916T104038Z_2702_1040_5f1cb365d427.jpg
2702,C:\Users\Setekh\Desktop\ISY5002-Project\datasets\raw-2026-week1\2702\20260916T105038Z_2702_1050_ed9d24593fd3.jpg
2702,C:\Users\Setekh\Desktop\ISY5002-Project\datasets\raw-2026-week1\2702\20260916T105559Z_2702_1055_83e20759c8d2.jpg
2702,C:\Users\Setekh\Desktop\ISY5002-Project\datasets\raw-2026-week1\2702\20260916T111039Z_2702_1110_17266db4f95e.jpg
2702,C:\Users\Setekh\Desktop\ISY5002-Project\datasets\raw-2026-week1\2702\20260916T111539Z_2702_1115_cc702bcb3465.jpg
2702,C:\Users\Setekh\Desktop\ISY5002-Project\datasets\raw-2026-week1\2702\20260916T113020Z_2702_1130_d4576e4fe3a7.jpg
2702,C:\Users\Setekh\Desktop\ISY5002-Project\datasets\raw-2026-week1\2702\20260916T114040Z_2702_1140_c070862fbd54.jpg
2702,C:\Users\Setekh\Desktop\ISY5002-Project\datasets\raw-2026-week1\2702\20260916T115041Z_2702_1150_205dee3dac0f.jpg
2702,C:\Users\Setekh\Desktop\ISY5002-Project\datasets\raw-2026-week1\2702\20260916T120041Z_2702_1200_18dd79d526d0.jpg
2702,C:\Users\Setekh\Desktop\ISY5002-Project\datasets\raw-2026-week1\2702\20260916T121041Z_2702_1210_750f3a62adea.jpg
2702,C:\Users\Setekh\Desktop\ISY5002-Project\datasets\raw-2026-week1\2702\20260916T121542Z_2702_1215_43d94a5db1cc.jpg
2702,C:\Users\Setekh\Desktop\ISY5002-Project\datasets\raw-2026-week1\2702\20260916T123042Z_2702_1230_67948e431d75.jpg
2702,C:\Users\Setekh\Desktop\ISY5002-Project\datasets\raw-2026-week1\2702\20260916T124042Z_2702_1240_013cf3877fa7.jpg
2702,C:\Users\Setekh\Desktop\ISY5002-Project\datasets\raw-2026-week1\2702\20260916T124603Z_2702_1246_55fd315a2fdb.jpg
2702,C:\Users\Setekh\Desktop\ISY5002-Project\datasets\raw-2026-week1\2702\20260916T130043Z_2702_1300_a6f677863114.jpg
2702,C:\Users\Setekh\Desktop\ISY5002-Project\datasets\raw-2026-week1\2702\20260916T130543Z_2702_1305_356f003024a9.jpg
2702,C:\Users\Setekh\Desktop\ISY5002-Project\datasets\raw-2026-week1\2702\20260916T132044Z_2702_1320_9ba2418a1d0f.jpg
2702,C:\Users\Setekh\Desktop\ISY5002-Project\datasets\raw-2026-week1\2702\20260916T133044Z_2702_1330_4d3794790344.jpg
2702,C:\Users\Setekh\Desktop\ISY5002-Project\datasets\raw-2026-week1\2702\20260916T134045Z_2702_1340_3a9404a8d36d.jpg
2702,C:\Users\Setekh\Desktop\ISY5002-Project\datasets\raw-2026-week1\2702\20260916T135045Z_2702_1350_aefb6c9376c4.jpg
2702,C:\Users\Setekh\Desktop\ISY5002-Project\datasets\raw-2026-week1\2702\20260916T140045Z_2702_1400_05d2dacefb2c.jpg
2702,C:\Users\Setekh\Desktop\ISY5002-Project\datasets\raw-2026-week1\2702\20260916T141046Z_2702_1410_87a0da91919e.jpg
2702,C:\Users\Setekh\Desktop\ISY5002-Project\datasets\raw-2026-week1\2702\20260916T141606Z_2702_1416_592e3bf2f6dd.jpg
2702,C:\Users\Setekh\Desktop\ISY5002-Project\datasets\raw-2026-week1\2702\20260916T143046Z_2702_1430_bff6301dc362.jpg
2702,C:\Users\Setekh\Desktop\ISY5002-Project\datasets\raw-2026-week1\2702\20260916T144047Z_2702_1440_5d659509bbd8.jpg
2702,C:\Users\Setekh\Desktop\ISY5002-Project\datasets\raw-2026-week1\2702\20260916T145047Z_2702_1450_893aa3c9390b.jpg
2702,C:\Users\Setekh\Desktop\ISY5002-Project\datasets\raw-2026-week1\2702\20260916T150048Z_2702_1500_b4a473502ee9.jpg
2702,C:\Users\Setekh\Desktop\ISY5002-Project\datasets\raw-2026-week1\2702\20260916T151048Z_2702_1510_c1ffa1c1e8c6.jpg
2702,C:\Users\Setekh\Desktop\ISY5002-Project\datasets\raw-2026-week1\2702\20260916T151548Z_2702_1515_2c4476f9e67a.jpg
2702,C:\Users\Setekh\Desktop\ISY5002-Project\datasets\raw-2026-week1\2702\20260916T152048Z_2702_1520_8ff04eceb2d7.jpg
2702,C:\Users\Setekh\Desktop\ISY5002-Project\datasets\raw-2026-week1\2702\20260916T153049Z_2702_1530_6069deb09d42.jpg
2702,C:\Users\Setekh\Desktop\ISY5002-Project\datasets\raw-2026-week1\2702\20260916T154049Z_2702_1540_c99dd69f9b38.jpg
2702,C:\Users\Setekh\Desktop\ISY5002-Project\datasets\raw-2026-week1\2702\20260916T155049Z_2702_1550_927b398bfed3.jpg
2702,C:\Users\Setekh\Desktop\ISY5002-Project\datasets\raw-2026-week1\2702\20260916T165032Z_2702_1650_eae5c39beb05.jpg
2702,C:\Users\Setekh\Desktop\ISY5002-Project\datasets\raw-2026-week1\2702\20260916T171052Z_2702_1710_1f406686d4c9.jpg
2702,C:\Users\Setekh\Desktop\ISY5002-Project\datasets\raw-2026-week1\2702\20260916T172033Z_2702_1720_491a7b2702f8.jpg
2702,C:\Users\Setekh\Desktop\ISY5002-Project\datasets\raw-2026-week1\2702\20260916T173033Z_2702_1730_43a9d63dfb29.jpg
2702,C:\Users\Setekh\Desktop\ISY5002-Project\datasets\raw-2026-week1\2702\20260916T174033Z_2702_1740_36e34f95a340.jpg
2702,C:\Users\Setekh\Desktop\ISY5002-Project\datasets\raw-2026-week1\2702\20260916T175034Z_2702_1750_fde4ef0566b9.jpg
2702,C:\Users\Setekh\Desktop\ISY5002-Project\datasets\raw-2026-week1\2702\20260916T180034Z_2702_1800_478b749d6e32.jpg
2702,C:\Users\Setekh\Desktop\ISY5002-Project\datasets\raw-2026-week1\2702\20260916T181035Z_2702_1810_fdf4b7976a5b.jpg
2702,C:\Users\Setekh\Desktop\ISY5002-Project\datasets\raw-2026-week1\2702\20260916T182035Z_2702_1820_337985e503e7.jpg
2702,C:\Users\Setekh\Desktop\ISY5002-Project\datasets\raw-2026-week1\2702\20260916T183035Z_2702_1830_8780da4df204.jpg
2702,C:\Users\Setekh\Desktop\ISY5002-Project\datasets\raw-2026-week1\2702\20260916T184036Z_2702_1840_ff93381a2071.jpg
2702,C:\Users\Setekh\Desktop\ISY5002-Project\datasets\raw-2026-week1\2702\20260916T184556Z_2702_1845_49576cc207e3.jpg
2702,C:\Users\Setekh\Desktop\ISY5002-Project\datasets\raw-2026-week1\2702\20260916T190036Z_2702_1900_c951cbcd5a7b.jpg
2702,C:\Users\Setekh\Desktop\ISY5002-Project\datasets\raw-2026-week1\2702\20260916T191037Z_2702_1910_93adf46004c6.jpg
2702,C:\Users\Setekh\Desktop\ISY5002-Project\datasets\raw-2026-week1\2702\20260916T192037Z_2702_1920_22b51e7bf1c5.jpg
2702,C:\Users\Setekh\Desktop\ISY5002-Project\datasets\raw-2026-week1\2702\20260916T193038Z_2702_1930_08e53c5479fa.jpg
2702,C:\Users\Setekh\Desktop\ISY5002-Project\datasets\raw-2026-week1\2702\20260916T194038Z_2702_1940_bf85506377cf.jpg
2702,C:\Users\Setekh\Desktop\ISY5002-Project\datasets\raw-2026-week1\2702\20260916T195038Z_2702_1950_b4f0472a21ab.jpg
2702,C:\Users\Setekh\Desktop\ISY5002-Project\datasets\raw-2026-week1\2702\20260916T200039Z_2702_2000_fca5c5600005.jpg
2702,C:\Users\Setekh\Desktop\ISY5002-Project\datasets\raw-2026-week1\2702\20260916T201039Z_2702_2010_958e1f46eb4d.jpg
2702,C:\Users\Setekh\Desktop\ISY5002-Project\datasets\raw-2026-week1\2702\20260916T202039Z_2702_2020_491633f8ccc0.jpg
2702,C:\Users\Setekh\Desktop\ISY5002-Project\datasets\raw-2026-week1\2702\20260916T203040Z_2702_2030_5a88a315d5fd.jpg
2702,C:\Users\Setekh\Desktop\ISY5002-Project\datasets\raw-2026-week1\2702\20260916T204040Z_2702_2040_bfe53c67a673.jpg
2702,C:\Users\Setekh\Desktop\ISY5002-Project\datasets\raw-2026-week1\2702\20260916T205041Z_2702_2050_49f77bf624ce.jpg
2702,C:\Users\Setekh\Desktop\ISY5002-Project\datasets\raw-2026-week1\2702\20260916T205601Z_2702_2056_888b43bac7e7.jpg
2702,C:\Users\Setekh\Desktop\ISY5002-Project\datasets\raw-2026-week1\2702\20260916T210541Z_2702_2105_44adb03fdf9d.jpg
2702,C:\Users\Setekh\Desktop\ISY5002-Project\datasets\raw-2026-week1\2702\20260916T212042Z_2702_2120_f8ab1344fad7.jpg
2702,C:\Users\Setekh\Desktop\ISY5002-Project\datasets\raw-2026-week1\2702\20260916T212542Z_2702_2125_07580d07f1ca.jpg
2702,C:\Users\Setekh\Desktop\ISY5002-Project\datasets\raw-2026-week1\2702\20260916T214043Z_2702_2140_ac855d07229d.jpg
2702,C:\Users\Setekh\Desktop\ISY5002-Project\datasets\raw-2026-week1\2702\20260916T214603Z_2702_2146_431565afe1f0.jpg
2702,C:\Users\Setekh\Desktop\ISY5002-Project\datasets\raw-2026-week1\2702\20260916T220023Z_2702_2200_ec9287689d52.jpg
2702,C:\Users\Setekh\Desktop\ISY5002-Project\datasets\raw-2026-week1\2702\20260916T220523Z_2702_2205_a51ac3f74fca.jpg
2702,C:\Users\Setekh\Desktop\ISY5002-Project\datasets\raw-2026-week1\2702\20260916T222044Z_2702_2220_df6db5401d02.jpg
2702,C:\Users\Setekh\Desktop\ISY5002-Project\datasets\raw-2026-week1\2702\20260916T223024Z_2702_2230_3f51386029cd.jpg
2702,C:\Users\Setekh\Desktop\ISY5002-Project\datasets\raw-2026-week1\2702\20260916T224045Z_2702_2240_a2dcdab7439a.jpg
2702,C:\Users\Setekh\Desktop\ISY5002-Project\datasets\raw-2026-week1\2702\20260916T225045Z_2702_2250_7c765da6ed5a.jpg
2702,C:\Users\Setekh\Desktop\ISY5002-Project\datasets\raw-2026-week1\2702\20260916T230025Z_2702_2300_01580a0ca0a3.jpg
2702,C:\Users\Setekh\Desktop\ISY5002-Project\datasets\raw-2026-week1\2702\20260916T231046Z_2702_2310_f7664a452a94.jpg
2702,C:\Users\Setekh\Desktop\ISY5002-Project\datasets\raw-2026-week1\2702\20260916T232026Z_2702_2320_5cfdc2174a0c.jpg
2702,C:\Users\Setekh\Desktop\ISY5002-Project\datasets\raw-2026-week1\2702\20260916T233027Z_2702_2330_65f963ed9c3b.jpg
2702,C:\Users\Setekh\Desktop\ISY5002-Project\datasets\raw-2026-week1\2702\20260916T234047Z_2702_2340_20c18f132dbe.jpg
2702,C:\Users\Setekh\Desktop\ISY5002-Project\datasets\raw-2026-week1\2702\20260916T235027Z_2702_2350_ade0de231f43.jpg
2702,C:\Users\Setekh\Desktop\ISY5002-Project\datasets\raw-2026-week1\2702\20260917T000028Z_2702_0000_f0564d6741f5.jpg
2702,C:\Users\Setekh\Desktop\ISY5002-Project\datasets\raw-2026-week1\2702\20260917T001028Z_2702_0010_3fba3633c589.jpg
2702,C:\Users\Setekh\Desktop\ISY5002-Project\datasets\raw-2026-week1\2702\20260917T002028Z_2702_0020_bbddb4bafe53.jpg
2702,C:\Users\Setekh\Desktop\ISY5002-Project\datasets\raw-2026-week1\2702\20260917T003029Z_2702_0030_405966bed1d4.jpg
2702,C:\Users\Setekh\Desktop\ISY5002-Project\datasets\raw-2026-week1\2702\20260917T004029Z_2702_0040_0ff118d81214.jpg
2702,C:\Users\Setekh\Desktop\ISY5002-Project\datasets\raw-2026-week1\2702\20260917T005029Z_2702_0050_0b200ccdb876.jpg
2702,C:\Users\Setekh\Desktop\ISY5002-Project\datasets\raw-2026-week1\2702\20260917T010050Z_2702_0100_b71c6d01fed2.jpg
2702,C:\Users\Setekh\Desktop\ISY5002-Project\datasets\raw-2026-week1\2702\20260917T011050Z_2702_0110_eca005a52756.jpg
2702,C:\Users\Setekh\Desktop\ISY5002-Project\datasets\raw-2026-week1\2702\20260917T011530Z_2702_0115_ed2f3100950e.jpg
2702,C:\Users\Setekh\Desktop\ISY5002-Project\datasets\raw-2026-week1\2702\20260917T012531Z_2702_0125_9d175b46c962.jpg
2702,C:\Users\Setekh\Desktop\ISY5002-Project\datasets\raw-2026-week1\2702\20260917T014031Z_2702_0140_182b9ab1bfa2.jpg
2702,C:\Users\Setekh\Desktop\ISY5002-Project\datasets\raw-2026-week1\2702\20260917T015052Z_2702_0150_d4c8a7f4cb8f.jpg
2702,C:\Users\Setekh\Desktop\ISY5002-Project\datasets\raw-2026-week1\2702\20260917T020032Z_2702_0200_9f67d44597ba.jpg
2702,C:\Users\Setekh\Desktop\ISY5002-Project\datasets\raw-2026-week1\2702\20260917T021052Z_2702_0210_689f4695adfd.jpg
2702,C:\Users\Setekh\Desktop\ISY5002-Project\datasets\raw-2026-week1\2702\20260917T021553Z_2702_0215_2007f5747c88.jpg
2702,C:\Users\Setekh\Desktop\ISY5002-Project\datasets\raw-2026-week1\2702\20260917T023033Z_2702_0230_312884ef96a2.jpg
2702,C:\Users\Setekh\Desktop\ISY5002-Project\datasets\raw-2026-week1\2702\20260917T023533Z_2702_0235_086a24a1032a.jpg
2702,C:\Users\Setekh\Desktop\ISY5002-Project\datasets\raw-2026-week1\2702\20260917T024054Z_2702_0240_fc7128814efb.jpg
2702,C:\Users\Setekh\Desktop\ISY5002-Project\datasets\raw-2026-week1\2702\20260917T025034Z_2702_0250_e686dde884ed.jpg
2702,C:\Users\Setekh\Desktop\ISY5002-Project\datasets\raw-2026-week1\2702\20260917T030034Z_2702_0300_d6699fe4ae5a.jpg
2702,C:\Users\Setekh\Desktop\ISY5002-Project\datasets\raw-2026-week1\2702\20260917T031035Z_2702_0310_121f05b6a33c.jpg
2702,C:\Users\Setekh\Desktop\ISY5002-Project\datasets\raw-2026-week1\2702\20260917T032035Z_2702_0320_806ea096210d.jpg
2702,C:\Users\Setekh\Desktop\ISY5002-Project\datasets\raw-2026-week1\2702\20260917T033055Z_2702_0330_600f5c5336e5.jpg
2702,C:\Users\Setekh\Desktop\ISY5002-Project\datasets\raw-2026-week1\2702\20260917T033536Z_2702_0335_8b339abf59e3.jpg
2702,C:\Users\Setekh\Desktop\ISY5002-Project\datasets\raw-2026-week1\2702\20260917T035036Z_2702_0350_78c740984e71.jpg
2702,C:\Users\Setekh\Desktop\ISY5002-Project\datasets\raw-2026-week1\2702\20260917T040056Z_2702_0400_b7ae66e4503f.jpg
2702,C:\Users\Setekh\Desktop\ISY5002-Project\datasets\raw-2026-week1\2702\20260917T040537Z_2702_0405_e06c3483fd8e.jpg
2702,C:\Users\Setekh\Desktop\ISY5002-Project\datasets\raw-2026-week1\2702\20260917T042037Z_2702_0420_5facc96304b3.jpg
2702,C:\Users\Setekh\Desktop\ISY5002-Project\datasets\raw-2026-week1\2702\20260917T043038Z_2702_0430_030bcd2448a8.jpg
2702,C:\Users\Setekh\Desktop\ISY5002-Project\datasets\raw-2026-week1\2702\20260917T043538Z_2702_0435_06c2ece5248d.jpg
2702,C:\Users\Setekh\Desktop\ISY5002-Project\datasets\raw-2026-week1\2702\20260917T045038Z_2702_0450_ca60d7fe74c5.jpg
2702,C:\Users\Setekh\Desktop\ISY5002-Project\datasets\raw-2026-week1\2702\20260917T045558Z_2702_0455_b7daa7790ffd.jpg
2702,C:\Users\Setekh\Desktop\ISY5002-Project\datasets\raw-2026-week1\2702\20260917T051039Z_2702_0510_cdb3a5c02c22.jpg
2702,C:\Users\Setekh\Desktop\ISY5002-Project\datasets\raw-2026-week1\2702\20260917T051559Z_2702_0515_b1aeb1955ed9.jpg
2702,C:\Users\Setekh\Desktop\ISY5002-Project\datasets\raw-2026-week1\2702\20260917T052600Z_2702_0526_4849f3ad9495.jpg
2702,C:\Users\Setekh\Desktop\ISY5002-Project\datasets\raw-2026-week1\2702\20260917T053600Z_2702_0536_2d1207ea3a14.jpg
2702,C:\Users\Setekh\Desktop\ISY5002-Project\datasets\raw-2026-week1\2702\20260917T054540Z_2702_0545_de24f8f16f86.jpg
2702,C:\Users\Setekh\Desktop\ISY5002-Project\datasets\raw-2026-week1\2702\20260917T055601Z_2702_0556_cfd934ae15dc.jpg
2702,C:\Users\Setekh\Desktop\ISY5002-Project\datasets\raw-2026-week1\2702\20260917T061021Z_2702_0610_c9de5e349ae3.jpg
2702,C:\Users\Setekh\Desktop\ISY5002-Project\datasets\raw-2026-week1\2702\20260917T062041Z_2702_0620_20c7ecf38dd1.jpg
2702,C:\Users\Setekh\Desktop\ISY5002-Project\datasets\raw-2026-week1\2702\20260917T063022Z_2702_0630_583c2760e2c3.jpg
2702,C:\Users\Setekh\Desktop\ISY5002-Project\datasets\raw-2026-week1\2702\20260917T063542Z_2702_0635_4d3150510329.jpg
2702,C:\Users\Setekh\Desktop\ISY5002-Project\datasets\raw-2026-week1\2702\20260917T065022Z_2702_0650_bc0192be4a13.jpg
2702,C:\Users\Setekh\Desktop\ISY5002-Project\datasets\raw-2026-week1\2702\20260917T070023Z_2702_0700_ab862766db12.jpg
2702,C:\Users\Setekh\Desktop\ISY5002-Project\datasets\raw-2026-week1\2702\20260917T070523Z_2702_0705_fabcba3aa5da.jpg
2702,C:\Users\Setekh\Desktop\ISY5002-Project\datasets\raw-2026-week1\2702\20260917T072044Z_2702_0720_0326e1d5314a.jpg
2702,C:\Users\Setekh\Desktop\ISY5002-Project\datasets\raw-2026-week1\2702\20260917T072604Z_2702_0726_28dc23c2bb06.jpg
2702,C:\Users\Setekh\Desktop\ISY5002-Project\datasets\raw-2026-week1\2702\20260917T073544Z_2702_0735_5768da6a19e7.jpg
2702,C:\Users\Setekh\Desktop\ISY5002-Project\datasets\raw-2026-week1\2702\20260917T075025Z_2702_0750_f84a0a947518.jpg
2702,C:\Users\Setekh\Desktop\ISY5002-Project\datasets\raw-2026-week1\2702\20260917T080025Z_2702_0800_b718aa81da4e.jpg
2702,C:\Users\Setekh\Desktop\ISY5002-Project\datasets\raw-2026-week1\2702\20260917T081045Z_2702_0810_6f7bf9e39159.jpg
2702,C:\Users\Setekh\Desktop\ISY5002-Project\datasets\raw-2026-week1\2702\20260917T081546Z_2702_0815_d127b93698d1.jpg
2702,C:\Users\Setekh\Desktop\ISY5002-Project\datasets\raw-2026-week1\2702\20260917T082046Z_2702_0820_7654760fd154.jpg
2702,C:\Users\Setekh\Desktop\ISY5002-Project\datasets\raw-2026-week1\2702\20260917T082546Z_2702_0825_51f69d70c6e6.jpg
2702,C:\Users\Setekh\Desktop\ISY5002-Project\datasets\raw-2026-week1\2702\20260917T084046Z_2702_0840_05f819955766.jpg
2702,C:\Users\Setekh\Desktop\ISY5002-Project\datasets\raw-2026-week1\2702\20260917T085047Z_2702_0850_eab7805b3420.jpg
2702,C:\Users\Setekh\Desktop\ISY5002-Project\datasets\raw-2026-week1\2702\20260917T090027Z_2702_0900_35f734ef1115.jpg
2702,C:\Users\Setekh\Desktop\ISY5002-Project\datasets\raw-2026-week1\2702\20260917T091048Z_2702_0910_e469b1dd6ebf.jpg
2702,C:\Users\Setekh\Desktop\ISY5002-Project\datasets\raw-2026-week1\2702\20260917T092048Z_2702_0920_f03efe4b5ef4.jpg
2702,C:\Users\Setekh\Desktop\ISY5002-Project\datasets\raw-2026-week1\2702\20260917T092548Z_2702_0925_62fe2a518906.jpg
2702,C:\Users\Setekh\Desktop\ISY5002-Project\datasets\raw-2026-week1\2702\20260917T094049Z_2702_0940_31746760658c.jpg
2702,C:\Users\Setekh\Desktop\ISY5002-Project\datasets\raw-2026-week1\2702\20260917T095029Z_2702_0950_cc231afcb84e.jpg
2702,C:\Users\Setekh\Desktop\ISY5002-Project\datasets\raw-2026-week1\2702\20260917T095549Z_2702_0955_d3c7ce61fb46.jpg
2702,C:\Users\Setekh\Desktop\ISY5002-Project\datasets\raw-2026-week1\2702\20260917T101050Z_2702_1010_152f3e922efd.jpg
2702,C:\Users\Setekh\Desktop\ISY5002-Project\datasets\raw-2026-week1\2702\20260917T102030Z_2702_1020_a405a389f11d.jpg
2702,C:\Users\Setekh\Desktop\ISY5002-Project\datasets\raw-2026-week1\2702\20260917T103051Z_2702_1030_4ca1fd689e7d.jpg
2702,C:\Users\Setekh\Desktop\ISY5002-Project\datasets\raw-2026-week1\2702\20260917T104031Z_2702_1040_5c3126668769.jpg
2702,C:\Users\Setekh\Desktop\ISY5002-Project\datasets\raw-2026-week1\2702\20260917T105031Z_2702_1050_06719cc13341.jpg
2702,C:\Users\Setekh\Desktop\ISY5002-Project\datasets\raw-2026-week1\2702\20260917T110052Z_2702_1100_7f04b858422b.jpg
2702,C:\Users\Setekh\Desktop\ISY5002-Project\datasets\raw-2026-week1\2702\20260917T111032Z_2702_1110_35bdfac9411e.jpg
2702,C:\Users\Setekh\Desktop\ISY5002-Project\datasets\raw-2026-week1\2702\20260917T112052Z_2702_1120_af7c7b2b6041.jpg
2702,C:\Users\Setekh\Desktop\ISY5002-Project\datasets\raw-2026-week1\2702\20260917T113033Z_2702_1130_1383cb8f1c73.jpg
2702,C:\Users\Setekh\Desktop\ISY5002-Project\datasets\raw-2026-week1\2702\20260917T114033Z_2702_1140_f4d562c34479.jpg
2702,C:\Users\Setekh\Desktop\ISY5002-Project\datasets\raw-2026-week1\2702\20260917T115054Z_2702_1150_7505070210bf.jpg
2702,C:\Users\Setekh\Desktop\ISY5002-Project\datasets\raw-2026-week1\2702\20260917T115534Z_2702_1155_a1f9c25179d9.jpg
2702,C:\Users\Setekh\Desktop\ISY5002-Project\datasets\raw-2026-week1\2702\20260917T121034Z_2702_1210_162cc46a8829.jpg
2702,C:\Users\Setekh\Desktop\ISY5002-Project\datasets\raw-2026-week1\2702\20260917T122035Z_2702_1220_810a7004c0e0.jpg
2702,C:\Users\Setekh\Desktop\ISY5002-Project\datasets\raw-2026-week1\2702\20260917T123055Z_2702_1230_13671aee06a2.jpg
2702,C:\Users\Setekh\Desktop\ISY5002-Project\datasets\raw-2026-week1\2702\20260917T124036Z_2702_1240_9d7090b5bb10.jpg
2702,C:\Users\Setekh\Desktop\ISY5002-Project\datasets\raw-2026-week1\2702\20260917T124536Z_2702_1245_61ffd02f99ad.jpg
2702,C:\Users\Setekh\Desktop\ISY5002-Project\datasets\raw-2026-week1\2702\20260917T130036Z_2702_1300_163698844270.jpg
2702,C:\Users\Setekh\Desktop\ISY5002-Project\datasets\raw-2026-week1\2702\20260917T131037Z_2702_1310_8ab35f208bc6.jpg
2702,C:\Users\Setekh\Desktop\ISY5002-Project\datasets\raw-2026-week1\2702\20260917T132057Z_2702_1320_bec8aa4dee06.jpg
2702,C:\Users\Setekh\Desktop\ISY5002-Project\datasets\raw-2026-week1\2702\20260917T133037Z_2702_1330_dc1ed2aca22d.jpg
2702,C:\Users\Setekh\Desktop\ISY5002-Project\datasets\raw-2026-week1\2702\20260917T134038Z_2702_1340_537282acbcba.jpg
2702,C:\Users\Setekh\Desktop\ISY5002-Project\datasets\raw-2026-week1\2702\20260917T134538Z_2702_1345_e6d164e99f76.jpg
2702,C:\Users\Setekh\Desktop\ISY5002-Project\datasets\raw-2026-week1\2702\20260917T135538Z_2702_1355_4540169583ae.jpg
2702,C:\Users\Setekh\Desktop\ISY5002-Project\datasets\raw-2026-week1\2702\20260917T140038Z_2702_1400_b1c73c724b9c.jpg
2702,C:\Users\Setekh\Desktop\ISY5002-Project\datasets\raw-2026-week1\2702\20260917T141039Z_2702_1410_9e507670e767.jpg
2702,C:\Users\Setekh\Desktop\ISY5002-Project\datasets\raw-2026-week1\2702\20260917T141559Z_2702_1415_ee721b0b7c22.jpg
2702,C:\Users\Setekh\Desktop\ISY5002-Project\datasets\raw-2026-week1\2702\20260917T143040Z_2702_1430_78b015f2deed.jpg
2702,C:\Users\Setekh\Desktop\ISY5002-Project\datasets\raw-2026-week1\2702\20260917T144040Z_2702_1440_b9c4c55aeebb.jpg
2702,C:\Users\Setekh\Desktop\ISY5002-Project\datasets\raw-2026-week1\2702\20260917T144540Z_2702_1445_9ee57cc52f5e.jpg
2702,C:\Users\Setekh\Desktop\ISY5002-Project\datasets\raw-2026-week1\2702\20260917T150041Z_2702_1500_7e0fbf903244.jpg
2702,C:\Users\Setekh\Desktop\ISY5002-Project\datasets\raw-2026-week1\2702\20260917T150601Z_2702_1506_3d4b340f8572.jpg
2702,C:\Users\Setekh\Desktop\ISY5002-Project\datasets\raw-2026-week1\2702\20260917T151601Z_2702_1516_0a0505978574.jpg
2702,C:\Users\Setekh\Desktop\ISY5002-Project\datasets\raw-2026-week1\2702\20260917T153042Z_2702_1530_fe9ef07e18d8.jpg
2702,C:\Users\Setekh\Desktop\ISY5002-Project\datasets\raw-2026-week1\2702\20260917T153542Z_2702_1535_b61cdc1a7d12.jpg
2702,C:\Users\Setekh\Desktop\ISY5002-Project\datasets\raw-2026-week1\2702\20260917T155042Z_2702_1550_c3726a455076.jpg
2702,C:\Users\Setekh\Desktop\ISY5002-Project\datasets\raw-2026-week1\2702\20260917T155603Z_2702_1556_3171d4b94074.jpg
2702,C:\Users\Setekh\Desktop\ISY5002-Project\datasets\raw-2026-week1\2702\20260917T160603Z_2702_1606_f506e9825f7a.jpg
2702,C:\Users\Setekh\Desktop\ISY5002-Project\datasets\raw-2026-week1\2702\20260917T161603Z_2702_1616_9a7893daa9a1.jpg
2702,C:\Users\Setekh\Desktop\ISY5002-Project\datasets\raw-2026-week1\2702\20260917T163044Z_2702_1630_e554dfc76b8b.jpg
2702,C:\Users\Setekh\Desktop\ISY5002-Project\datasets\raw-2026-week1\2702\20260917T164044Z_2702_1640_becf3bb4811f.jpg
2702,C:\Users\Setekh\Desktop\ISY5002-Project\datasets\raw-2026-week1\2702\20260917T165045Z_2702_1650_23b1455954ec.jpg
2702,C:\Users\Setekh\Desktop\ISY5002-Project\datasets\raw-2026-week1\2702\20260917T170045Z_2702_1700_9642a54ff318.jpg
2702,C:\Users\Setekh\Desktop\ISY5002-Project\datasets\raw-2026-week1\2702\20260917T171045Z_2702_1710_e0bea1cd3164.jpg
2702,C:\Users\Setekh\Desktop\ISY5002-Project\datasets\raw-2026-week1\2702\20260917T172026Z_2702_1720_e21448b78536.jpg
2702,C:\Users\Setekh\Desktop\ISY5002-Project\datasets\raw-2026-week1\2702\20260917T173046Z_2702_1730_4fb85103660b.jpg
2702,C:\Users\Setekh\Desktop\ISY5002-Project\datasets\raw-2026-week1\2702\20260917T174046Z_2702_1740_ba1a947b4ca0.jpg
2702,C:\Users\Setekh\Desktop\ISY5002-Project\datasets\raw-2026-week1\2702\20260917T175047Z_2702_1750_8fadc4067621.jpg
2702,C:\Users\Setekh\Desktop\ISY5002-Project\datasets\raw-2026-week1\2702\20260917T175607Z_2702_1756_da4ea5f4b777.jpg
2702,C:\Users\Setekh\Desktop\ISY5002-Project\datasets\raw-2026-week1\2702\20260917T181028Z_2702_1810_190130914777.jpg
2702,C:\Users\Setekh\Desktop\ISY5002-Project\datasets\raw-2026-week1\2702\20260917T182028Z_2702_1820_49871b667ad2.jpg
2702,C:\Users\Setekh\Desktop\ISY5002-Project\datasets\raw-2026-week1\2702\20260917T183028Z_2702_1830_85954077fab4.jpg
2702,C:\Users\Setekh\Desktop\ISY5002-Project\datasets\raw-2026-week1\2702\20260917T184029Z_2702_1840_843123d43b59.jpg
2702,C:\Users\Setekh\Desktop\ISY5002-Project\datasets\raw-2026-week1\2702\20260917T185029Z_2702_1850_76ea32ee7d1d.jpg
2702,C:\Users\Setekh\Desktop\ISY5002-Project\datasets\raw-2026-week1\2702\20260917T185609Z_2702_1856_ee9b73aafda5.jpg
2702,C:\Users\Setekh\Desktop\ISY5002-Project\datasets\raw-2026-week1\2702\20260917T191030Z_2702_1910_92112fa2eaa5.jpg
2702,C:\Users\Setekh\Desktop\ISY5002-Project\datasets\raw-2026-week1\2702\20260917T192030Z_2702_1920_fce26ec30bbf.jpg
2702,C:\Users\Setekh\Desktop\ISY5002-Project\datasets\raw-2026-week1\2702\20260917T193051Z_2702_1930_6003ef00e8a0.jpg
2702,C:\Users\Setekh\Desktop\ISY5002-Project\datasets\raw-2026-week1\2702\20260917T193531Z_2702_1935_3162c49bb6b7.jpg
2702,C:\Users\Setekh\Desktop\ISY5002-Project\datasets\raw-2026-week1\2702\20260917T194551Z_2702_1945_241d6ea997a1.jpg
2702,C:\Users\Setekh\Desktop\ISY5002-Project\datasets\raw-2026-week1\2702\20260917T200032Z_2702_2000_f40ff4f65449.jpg
2702,C:\Users\Setekh\Desktop\ISY5002-Project\datasets\raw-2026-week1\2702\20260917T201052Z_2702_2010_51f65c2e8298.jpg
2702,C:\Users\Setekh\Desktop\ISY5002-Project\datasets\raw-2026-week1\2702\20260917T202052Z_2702_2020_e5391f315672.jpg
2702,C:\Users\Setekh\Desktop\ISY5002-Project\datasets\raw-2026-week1\2702\20260917T203033Z_2702_2030_956d09f55f89.jpg
2702,C:\Users\Setekh\Desktop\ISY5002-Project\datasets\raw-2026-week1\2702\20260917T204033Z_2702_2040_6a7b3178d9bf.jpg
2702,C:\Users\Setekh\Desktop\ISY5002-Project\datasets\raw-2026-week1\2702\20260917T205053Z_2702_2050_f1ce36efc8b2.jpg
2702,C:\Users\Setekh\Desktop\ISY5002-Project\datasets\raw-2026-week1\2702\20260917T210054Z_2702_2100_c90e76a65943.jpg
2702,C:\Users\Setekh\Desktop\ISY5002-Project\datasets\raw-2026-week1\2702\20260917T211054Z_2702_2110_9fe7c75411c4.jpg
2702,C:\Users\Setekh\Desktop\ISY5002-Project\datasets\raw-2026-week1\2702\20260917T212035Z_2702_2120_a9049e92f9aa.jpg
2702,C:\Users\Setekh\Desktop\ISY5002-Project\datasets\raw-2026-week1\2702\20260917T212555Z_2702_2125_3500c2496f67.jpg
2702,C:\Users\Setekh\Desktop\ISY5002-Project\datasets\raw-2026-week1\2702\20260917T214055Z_2702_2140_995f120f566e.jpg
2702,C:\Users\Setekh\Desktop\ISY5002-Project\datasets\raw-2026-week1\2702\20260917T215056Z_2702_2150_3e32465cfc45.jpg
2702,C:\Users\Setekh\Desktop\ISY5002-Project\datasets\raw-2026-week1\2702\20260917T220036Z_2702_2200_77a2771003e5.jpg
2702,C:\Users\Setekh\Desktop\ISY5002-Project\datasets\raw-2026-week1\2702\20260917T221036Z_2702_2210_47353c670277.jpg
2702,C:\Users\Setekh\Desktop\ISY5002-Project\datasets\raw-2026-week1\2702\20260917T221557Z_2702_2215_7f2f0bf4ec11.jpg
2702,C:\Users\Setekh\Desktop\ISY5002-Project\datasets\raw-2026-week1\2702\20260917T223037Z_2702_2230_2bab8940a652.jpg
2702,C:\Users\Setekh\Desktop\ISY5002-Project\datasets\raw-2026-week1\2702\20260917T223557Z_2702_2235_b6efc0947595.jpg
2702,C:\Users\Setekh\Desktop\ISY5002-Project\datasets\raw-2026-week1\2702\20260917T224558Z_2702_2245_0f11128be0ac.jpg
2702,C:\Users\Setekh\Desktop\ISY5002-Project\datasets\raw-2026-week1\2702\20260917T225538Z_2702_2255_93944c46a147.jpg
2702,C:\Users\Setekh\Desktop\ISY5002-Project\datasets\raw-2026-week1\2702\20260917T230558Z_2702_2305_267da06f174a.jpg
2702,C:\Users\Setekh\Desktop\ISY5002-Project\datasets\raw-2026-week1\2702\20260917T232039Z_2702_2320_a8be437a9ae7.jpg
2702,C:\Users\Setekh\Desktop\ISY5002-Project\datasets\raw-2026-week1\2702\20260917T233039Z_2702_2330_1e7c7071d440.jpg
2702,C:\Users\Setekh\Desktop\ISY5002-Project\datasets\raw-2026-week1\2702\20260917T234040Z_2702_2340_e4988e5939db.jpg
2702,C:\Users\Setekh\Desktop\ISY5002-Project\datasets\raw-2026-week1\2702\20260917T235040Z_2702_2350_2d069d776a9f.jpg
2702,C:\Users\Setekh\Desktop\ISY5002-Project\datasets\raw-2026-week1\2702\20260918T000040Z_2702_0000_4463dbcde016.jpg
2702,C:\Users\Setekh\Desktop\ISY5002-Project\datasets\raw-2026-week1\2702\20260918T001041Z_2702_0010_7d802f5979ad.jpg
2702,C:\Users\Setekh\Desktop\ISY5002-Project\datasets\raw-2026-week1\2702\20260918T002041Z_2702_0020_ec9ff1fb0752.jpg
2702,C:\Users\Setekh\Desktop\ISY5002-Project\datasets\raw-2026-week1\2702\20260918T003042Z_2702_0030_fe2d537b4c9d.jpg
2702,C:\Users\Setekh\Desktop\ISY5002-Project\datasets\raw-2026-week1\2702\20260918T004042Z_2702_0040_e7dc32dc8535.jpg
2702,C:\Users\Setekh\Desktop\ISY5002-Project\datasets\raw-2026-week1\2702\20260918T005042Z_2702_0050_2cec8f63b396.jpg
2702,C:\Users\Setekh\Desktop\ISY5002-Project\datasets\raw-2026-week1\2702\20260918T010043Z_2702_0100_9842589d5127.jpg
2702,C:\Users\Setekh\Desktop\ISY5002-Project\datasets\raw-2026-week1\2702\20260918T011043Z_2702_0110_7d1690f6d459.jpg
2702,C:\Users\Setekh\Desktop\ISY5002-Project\datasets\raw-2026-week1\2702\20260918T011543Z_2702_0115_40a87e585dda.jpg
2702,C:\Users\Setekh\Desktop\ISY5002-Project\datasets\raw-2026-week1\2702\20260918T013044Z_2702_0130_4de87f634122.jpg
2702,C:\Users\Setekh\Desktop\ISY5002-Project\datasets\raw-2026-week1\2702\20260918T014044Z_2702_0140_9592d2303a04.jpg
2702,C:\Users\Setekh\Desktop\ISY5002-Project\datasets\raw-2026-week1\2702\20260918T015044Z_2702_0150_426f113eec2e.jpg
2702,C:\Users\Setekh\Desktop\ISY5002-Project\datasets\raw-2026-week1\2702\20260918T020045Z_2702_0200_bb5747802239.jpg
2702,C:\Users\Setekh\Desktop\ISY5002-Project\datasets\raw-2026-week1\2702\20260918T020545Z_2702_0205_588fb81ff6e5.jpg
2702,C:\Users\Setekh\Desktop\ISY5002-Project\datasets\raw-2026-week1\2702\20260918T022026Z_2702_0220_8e6e546c0a8e.jpg
2702,C:\Users\Setekh\Desktop\ISY5002-Project\datasets\raw-2026-week1\2702\20260918T023046Z_2702_0230_fbac812fd9e8.jpg
2702,C:\Users\Setekh\Desktop\ISY5002-Project\datasets\raw-2026-week1\2702\20260918T024046Z_2702_0240_3f00f42228bd.jpg
2702,C:\Users\Setekh\Desktop\ISY5002-Project\datasets\raw-2026-week1\2702\20260918T025047Z_2702_0250_86ab6de67944.jpg
2702,C:\Users\Setekh\Desktop\ISY5002-Project\datasets\raw-2026-week1\2702\20260918T025547Z_2702_0255_d94681e469ad.jpg
2702,C:\Users\Setekh\Desktop\ISY5002-Project\datasets\raw-2026-week1\2702\20260918T031047Z_2702_0310_425f8725f5f0.jpg
2702,C:\Users\Setekh\Desktop\ISY5002-Project\datasets\raw-2026-week1\2702\20260918T032048Z_2702_0320_b5552ece6340.jpg
2702,C:\Users\Setekh\Desktop\ISY5002-Project\datasets\raw-2026-week1\2702\20260918T032608Z_2702_0326_38e32599a8b4.jpg
2702,C:\Users\Setekh\Desktop\ISY5002-Project\datasets\raw-2026-week1\2702\20260918T033548Z_2702_0335_d562a088c9c8.jpg
2702,C:\Users\Setekh\Desktop\ISY5002-Project\datasets\raw-2026-week1\2702\20260918T035049Z_2702_0350_b8bbf8eaea13.jpg
2702,C:\Users\Setekh\Desktop\ISY5002-Project\datasets\raw-2026-week1\2702\20260918T040029Z_2702_0400_7bc7cd6a4dde.jpg
2702,C:\Users\Setekh\Desktop\ISY5002-Project\datasets\raw-2026-week1\2702\20260918T041030Z_2702_0410_dbab7606ffb4.jpg
2702,C:\Users\Setekh\Desktop\ISY5002-Project\datasets\raw-2026-week1\2702\20260918T042050Z_2702_0420_9865715f304a.jpg
2702,C:\Users\Setekh\Desktop\ISY5002-Project\datasets\raw-2026-week1\2702\20260918T043050Z_2702_0430_146f64579227.jpg
2702,C:\Users\Setekh\Desktop\ISY5002-Project\datasets\raw-2026-week1\2702\20260918T044031Z_2702_0440_189703b9f55d.jpg
2702,C:\Users\Setekh\Desktop\ISY5002-Project\datasets\raw-2026-week1\2702\20260918T045031Z_2702_0450_faafa9114517.jpg
2702,C:\Users\Setekh\Desktop\ISY5002-Project\datasets\raw-2026-week1\2702\20260918T050031Z_2702_0500_0141d38e4da3.jpg
2702,C:\Users\Setekh\Desktop\ISY5002-Project\datasets\raw-2026-week1\2702\20260918T051052Z_2702_0510_82517976ed97.jpg
2702,C:\Users\Setekh\Desktop\ISY5002-Project\datasets\raw-2026-week1\2702\20260918T052052Z_2702_0520_620ddefbf4a6.jpg
2702,C:\Users\Setekh\Desktop\ISY5002-Project\datasets\raw-2026-week1\2702\20260918T053053Z_2702_0530_3de1b11f5783.jpg
2702,C:\Users\Setekh\Desktop\ISY5002-Project\datasets\raw-2026-week1\2702\20260918T053553Z_2702_0535_75602a2d712d.jpg
2702,C:\Users\Setekh\Desktop\ISY5002-Project\datasets\raw-2026-week1\2702\20260918T055033Z_2702_0550_7bc9e8800249.jpg
2702,C:\Users\Setekh\Desktop\ISY5002-Project\datasets\raw-2026-week1\2702\20260918T060034Z_2702_0600_f4ad65b23e82.jpg
2702,C:\Users\Setekh\Desktop\ISY5002-Project\datasets\raw-2026-week1\2702\20260918T061034Z_2702_0610_f73a8959ae56.jpg
2702,C:\Users\Setekh\Desktop\ISY5002-Project\datasets\raw-2026-week1\2702\20260918T062034Z_2702_0620_c915b51e5b74.jpg
2702,C:\Users\Setekh\Desktop\ISY5002-Project\datasets\raw-2026-week1\2702\20260918T063055Z_2702_0630_641c06e15ce2.jpg
2702,C:\Users\Setekh\Desktop\ISY5002-Project\datasets\raw-2026-week1\2702\20260918T064055Z_2702_0640_21ca5d72ba1e.jpg
2702,C:\Users\Setekh\Desktop\ISY5002-Project\datasets\raw-2026-week1\2702\20260918T065035Z_2702_0650_f1364ae63c6b.jpg
2702,C:\Users\Setekh\Desktop\ISY5002-Project\datasets\raw-2026-week1\2702\20260918T065536Z_2702_0655_63e3dccf9a15.jpg
2702,C:\Users\Setekh\Desktop\ISY5002-Project\datasets\raw-2026-week1\2702\20260918T071056Z_2702_0710_d3ab1b91efe4.jpg
2702,C:\Users\Setekh\Desktop\ISY5002-Project\datasets\raw-2026-week1\2702\20260918T072037Z_2702_0720_084dd7e9e68e.jpg
2702,C:\Users\Setekh\Desktop\ISY5002-Project\datasets\raw-2026-week1\2702\20260918T072537Z_2702_0725_489229b0464b.jpg
2702,C:\Users\Setekh\Desktop\ISY5002-Project\datasets\raw-2026-week1\2702\20260918T074037Z_2702_0740_ed3eefa224ae.jpg
2702,C:\Users\Setekh\Desktop\ISY5002-Project\datasets\raw-2026-week1\2702\20260918T075038Z_2702_0750_ee56ee16d7ee.jpg
2702,C:\Users\Setekh\Desktop\ISY5002-Project\datasets\raw-2026-week1\2702\20260918T080018Z_2702_0800_1690d4341616.jpg
2702,C:\Users\Setekh\Desktop\ISY5002-Project\datasets\raw-2026-week1\2702\20260918T081038Z_2702_0810_cc85e6babdfc.jpg
2702,C:\Users\Setekh\Desktop\ISY5002-Project\datasets\raw-2026-week1\2702\20260918T082039Z_2702_0820_96fc2744e3e4.jpg
2702,C:\Users\Setekh\Desktop\ISY5002-Project\datasets\raw-2026-week1\2702\20260918T083039Z_2702_0830_33f642627c9e.jpg
2702,C:\Users\Setekh\Desktop\ISY5002-Project\datasets\raw-2026-week1\2702\20260918T083559Z_2702_0835_1f4449908087.jpg
2702,C:\Users\Setekh\Desktop\ISY5002-Project\datasets\raw-2026-week1\2702\20260918T085040Z_2702_0850_50f36d838c08.jpg
2702,C:\Users\Setekh\Desktop\ISY5002-Project\datasets\raw-2026-week1\2702\20260918T085540Z_2702_0855_1ce416bd2e49.jpg
2702,C:\Users\Setekh\Desktop\ISY5002-Project\datasets\raw-2026-week1\2702\20260918T091040Z_2702_0910_ec914811ea8a.jpg
2702,C:\Users\Setekh\Desktop\ISY5002-Project\datasets\raw-2026-week1\2702\20260918T091541Z_2702_0915_6c837c48b107.jpg
2702,C:\Users\Setekh\Desktop\ISY5002-Project\datasets\raw-2026-week1\2702\20260918T093041Z_2702_0930_fd15f0d621e9.jpg
2702,C:\Users\Setekh\Desktop\ISY5002-Project\datasets\raw-2026-week1\2702\20260918T094042Z_2702_0940_a79f2b7be5f8.jpg
2702,C:\Users\Setekh\Desktop\ISY5002-Project\datasets\raw-2026-week1\2702\20260918T095042Z_2702_0950_43148951a909.jpg
2702,C:\Users\Setekh\Desktop\ISY5002-Project\datasets\raw-2026-week1\2702\20260918T100042Z_2702_1000_77ed5b047071.jpg
2702,C:\Users\Setekh\Desktop\ISY5002-Project\datasets\raw-2026-week1\2702\20260918T100522Z_2702_1005_c0d61b8365a1.jpg
2702,C:\Users\Setekh\Desktop\ISY5002-Project\datasets\raw-2026-week1\2702\20260918T101603Z_2702_1016_9d8946bccdbb.jpg
2702,C:\Users\Setekh\Desktop\ISY5002-Project\datasets\raw-2026-week1\2702\20260918T103043Z_2702_1030_50bf08fbb5c6.jpg
2702,C:\Users\Setekh\Desktop\ISY5002-Project\datasets\raw-2026-week1\2702\20260918T103544Z_2702_1035_74044ee345e3.jpg
2702,C:\Users\Setekh\Desktop\ISY5002-Project\datasets\raw-2026-week1\2702\20260918T105044Z_2702_1050_0989edab42da.jpg
2702,C:\Users\Setekh\Desktop\ISY5002-Project\datasets\raw-2026-week1\2702\20260918T110044Z_2702_1100_cc7e982e0eb6.jpg
2702,C:\Users\Setekh\Desktop\ISY5002-Project\datasets\raw-2026-week1\2702\20260918T111045Z_2702_1110_78256d4804d1.jpg
2702,C:\Users\Setekh\Desktop\ISY5002-Project\datasets\raw-2026-week1\2702\20260918T112045Z_2702_1120_217e7c05e835.jpg
2702,C:\Users\Setekh\Desktop\ISY5002-Project\datasets\raw-2026-week1\2702\20260918T113026Z_2702_1130_65597e262043.jpg
2702,C:\Users\Setekh\Desktop\ISY5002-Project\datasets\raw-2026-week1\2702\20260918T114046Z_2702_1140_bf11aedbc39d.jpg
2702,C:\Users\Setekh\Desktop\ISY5002-Project\datasets\raw-2026-week1\2702\20260918T115026Z_2702_1150_5f2abb7bbe6c.jpg
2702,C:\Users\Setekh\Desktop\ISY5002-Project\datasets\raw-2026-week1\2702\20260918T120047Z_2702_1200_54dba0f981c9.jpg
2702,C:\Users\Setekh\Desktop\ISY5002-Project\datasets\raw-2026-week1\2702\20260918T120547Z_2702_1205_633ccf0c600c.jpg
2702,C:\Users\Setekh\Desktop\ISY5002-Project\datasets\raw-2026-week1\2702\20260918T122027Z_2702_1220_4c14b0d7fbe5.jpg
2702,C:\Users\Setekh\Desktop\ISY5002-Project\datasets\raw-2026-week1\2702\20260918T122548Z_2702_1225_46a165fef69f.jpg
2702,C:\Users\Setekh\Desktop\ISY5002-Project\datasets\raw-2026-week1\2702\20260918T123608Z_2702_1236_eb26c8bbb651.jpg
2702,C:\Users\Setekh\Desktop\ISY5002-Project\datasets\raw-2026-week1\2702\20260918T124048Z_2702_1240_43d26c49c8de.jpg
2702,C:\Users\Setekh\Desktop\ISY5002-Project\datasets\raw-2026-week1\2702\20260918T125029Z_2702_1250_6a667c29bd86.jpg
2702,C:\Users\Setekh\Desktop\ISY5002-Project\datasets\raw-2026-week1\2702\20260918T125529Z_2702_1255_0aa9c0620b1b.jpg
2702,C:\Users\Setekh\Desktop\ISY5002-Project\datasets\raw-2026-week1\2702\20260918T131049Z_2702_1310_4c3ad2e622ee.jpg
2702,C:\Users\Setekh\Desktop\ISY5002-Project\datasets\raw-2026-week1\2702\20260918T132050Z_2702_1320_f7bea025dcc7.jpg
2702,C:\Users\Setekh\Desktop\ISY5002-Project\datasets\raw-2026-week1\2702\20260918T132550Z_2702_1325_7b1a9d78394a.jpg
2702,C:\Users\Setekh\Desktop\ISY5002-Project\datasets\raw-2026-week1\2702\20260918T133550Z_2702_1335_df4cd283bb96.jpg
2702,C:\Users\Setekh\Desktop\ISY5002-Project\datasets\raw-2026-week1\2702\20260918T134551Z_2702_1345_8c5ea4c96bd6.jpg
2702,C:\Users\Setekh\Desktop\ISY5002-Project\datasets\raw-2026-week1\2702\20260918T140051Z_2702_1400_b3f3ecc77e89.jpg
2702,C:\Users\Setekh\Desktop\ISY5002-Project\datasets\raw-2026-week1\2702\20260918T141051Z_2702_1410_6e6e3a8a86f0.jpg
2702,C:\Users\Setekh\Desktop\ISY5002-Project\datasets\raw-2026-week1\2702\20260918T142052Z_2702_1420_d9fc491c7966.jpg
2702,C:\Users\Setekh\Desktop\ISY5002-Project\datasets\raw-2026-week1\2702\20260918T143032Z_2702_1430_94bd885a267e.jpg
2702,C:\Users\Setekh\Desktop\ISY5002-Project\datasets\raw-2026-week1\2702\20260918T143532Z_2702_1435_48611b2f741a.jpg
2702,C:\Users\Setekh\Desktop\ISY5002-Project\datasets\raw-2026-week1\2702\20260918T144552Z_2702_1445_9f29e904f81d.jpg
2702,C:\Users\Setekh\Desktop\ISY5002-Project\datasets\raw-2026-week1\2702\20260918T145613Z_2702_1456_cd9820005484.jpg
2702,C:\Users\Setekh\Desktop\ISY5002-Project\datasets\raw-2026-week1\2702\20260918T150553Z_2702_1505_ca4d950d0d69.jpg
2702,C:\Users\Setekh\Desktop\ISY5002-Project\datasets\raw-2026-week1\2702\20260918T151553Z_2702_1515_72698dcf8706.jpg
2702,C:\Users\Setekh\Desktop\ISY5002-Project\datasets\raw-2026-week1\2702\20260918T152554Z_2702_1525_54ad038f04c8.jpg
2702,C:\Users\Setekh\Desktop\ISY5002-Project\datasets\raw-2026-week1\2702\20260918T154034Z_2702_1540_8e61d30b0f45.jpg
2702,C:\Users\Setekh\Desktop\ISY5002-Project\datasets\raw-2026-week1\2702\20260918T155035Z_2702_1550_19bfc295e7f9.jpg
2702,C:\Users\Setekh\Desktop\ISY5002-Project\datasets\raw-2026-week1\2702\20260918T155615Z_2702_1556_0755d40c0d08.jpg
2702,C:\Users\Setekh\Desktop\ISY5002-Project\datasets\raw-2026-week1\2702\20260918T161055Z_2702_1610_33396e41740e.jpg
2702,C:\Users\Setekh\Desktop\ISY5002-Project\datasets\raw-2026-week1\2702\20260918T161555Z_2702_1615_0994bd2c3d26.jpg
2702,C:\Users\Setekh\Desktop\ISY5002-Project\datasets\raw-2026-week1\2702\20260918T162055Z_2702_1620_3760f817f882.jpg
2702,C:\Users\Setekh\Desktop\ISY5002-Project\datasets\raw-2026-week1\2702\20260918T164036Z_2702_1640_c6cbab1b48a2.jpg
2702,C:\Users\Setekh\Desktop\ISY5002-Project\datasets\raw-2026-week1\2702\20260918T165036Z_2702_1650_10ef0d032737.jpg
2702,C:\Users\Setekh\Desktop\ISY5002-Project\datasets\raw-2026-week1\2702\20260918T170037Z_2702_1700_a50677795842.jpg
2702,C:\Users\Setekh\Desktop\ISY5002-Project\datasets\raw-2026-week1\2702\20260918T171037Z_2702_1710_5a7a1d563214.jpg
2702,C:\Users\Setekh\Desktop\ISY5002-Project\datasets\raw-2026-week1\2702\20260918T172037Z_2702_1720_b4a68c8411a8.jpg
2702,C:\Users\Setekh\Desktop\ISY5002-Project\datasets\raw-2026-week1\2702\20260918T173038Z_2702_1730_2b60fd37e436.jpg
2702,C:\Users\Setekh\Desktop\ISY5002-Project\datasets\raw-2026-week1\2702\20260918T174038Z_2702_1740_ff5892c9945d.jpg
2702,C:\Users\Setekh\Desktop\ISY5002-Project\datasets\raw-2026-week1\2702\20260918T175038Z_2702_1750_d5dcbd0e7dcc.jpg
2702,C:\Users\Setekh\Desktop\ISY5002-Project\datasets\raw-2026-week1\2702\20260918T180039Z_2702_1800_90089ef6a245.jpg
2702,C:\Users\Setekh\Desktop\ISY5002-Project\datasets\raw-2026-week1\2702\20260918T181039Z_2702_1810_d9405ddc6798.jpg
2702,C:\Users\Setekh\Desktop\ISY5002-Project\datasets\raw-2026-week1\2702\20260918T182040Z_2702_1820_d56b4586a878.jpg
2702,C:\Users\Setekh\Desktop\ISY5002-Project\datasets\raw-2026-week1\2702\20260918T182600Z_2702_1826_29314045e1ec.jpg
2702,C:\Users\Setekh\Desktop\ISY5002-Project\datasets\raw-2026-week1\2702\20260918T184040Z_2702_1840_27d9156616c1.jpg
2702,C:\Users\Setekh\Desktop\ISY5002-Project\datasets\raw-2026-week1\2702\20260918T185041Z_2702_1850_013dbc4e47c7.jpg
2702,C:\Users\Setekh\Desktop\ISY5002-Project\datasets\raw-2026-week1\2702\20260918T190041Z_2702_1900_63893e198c28.jpg
2702,C:\Users\Setekh\Desktop\ISY5002-Project\datasets\raw-2026-week1\2702\20260918T191042Z_2702_1910_1e7deb2b22e7.jpg
2702,C:\Users\Setekh\Desktop\ISY5002-Project\datasets\raw-2026-week1\2702\20260918T192042Z_2702_1920_45e166754954.jpg
2702,C:\Users\Setekh\Desktop\ISY5002-Project\datasets\raw-2026-week1\2702\20260918T193042Z_2702_1930_8b1001a00605.jpg
2702,C:\Users\Setekh\Desktop\ISY5002-Project\datasets\raw-2026-week1\2702\20260918T194043Z_2702_1940_84c1cb960cda.jpg
2702,C:\Users\Setekh\Desktop\ISY5002-Project\datasets\raw-2026-week1\2702\20260918T194543Z_2702_1945_f895a344c5ea.jpg
2702,C:\Users\Setekh\Desktop\ISY5002-Project\datasets\raw-2026-week1\2702\20260918T200043Z_2702_2000_c903e5111e80.jpg
2702,C:\Users\Setekh\Desktop\ISY5002-Project\datasets\raw-2026-week1\2702\20260918T201044Z_2702_2010_8e1bad4b90b4.jpg
2702,C:\Users\Setekh\Desktop\ISY5002-Project\datasets\raw-2026-week1\2702\20260918T202044Z_2702_2020_afe4fc27353f.jpg
2702,C:\Users\Setekh\Desktop\ISY5002-Project\datasets\raw-2026-week1\2702\20260918T203044Z_2702_2030_81a29864e42e.jpg
2702,C:\Users\Setekh\Desktop\ISY5002-Project\datasets\raw-2026-week1\2702\20260918T204045Z_2702_2040_a6b6966cd4ac.jpg
2702,C:\Users\Setekh\Desktop\ISY5002-Project\datasets\raw-2026-week1\2702\20260918T205045Z_2702_2050_900b9d57436b.jpg
2702,C:\Users\Setekh\Desktop\ISY5002-Project\datasets\raw-2026-week1\2702\20260918T205605Z_2702_2056_bf9b14a232e2.jpg
2702,C:\Users\Setekh\Desktop\ISY5002-Project\datasets\raw-2026-week1\2702\20260918T211046Z_2702_2110_d8862c302481.jpg
2702,C:\Users\Setekh\Desktop\ISY5002-Project\datasets\raw-2026-week1\2702\20260918T212046Z_2702_2120_db380387708f.jpg
2702,C:\Users\Setekh\Desktop\ISY5002-Project\datasets\raw-2026-week1\2702\20260918T213047Z_2702_2130_1b47219f5f5c.jpg
2702,C:\Users\Setekh\Desktop\ISY5002-Project\datasets\raw-2026-week1\2702\20260918T213607Z_2702_2136_8b6267749fdc.jpg
2702,C:\Users\Setekh\Desktop\ISY5002-Project\datasets\raw-2026-week1\2702\20260918T215107Z_2702_2151_6d1846aaef20.jpg
2702,C:\Users\Setekh\Desktop\ISY5002-Project\datasets\raw-2026-week1\2702\20260918T215607Z_2702_2156_3e144762c500.jpg
2702,C:\Users\Setekh\Desktop\ISY5002-Project\datasets\raw-2026-week1\2702\20260918T221048Z_2702_2210_644f43a59b71.jpg
2702,C:\Users\Setekh\Desktop\ISY5002-Project\datasets\raw-2026-week1\2702\20260918T221608Z_2702_2216_dc517b222288.jpg
2702,C:\Users\Setekh\Desktop\ISY5002-Project\datasets\raw-2026-week1\2702\20260918T222549Z_2702_2225_8bc4e8e93cea.jpg
2702,C:\Users\Setekh\Desktop\ISY5002-Project\datasets\raw-2026-week1\2702\20260918T223609Z_2702_2236_25b115580876.jpg
2702,C:\Users\Setekh\Desktop\ISY5002-Project\datasets\raw-2026-week1\2702\20260918T225049Z_2702_2250_3ca1910c2c29.jpg
2702,C:\Users\Setekh\Desktop\ISY5002-Project\datasets\raw-2026-week1\2702\20260918T230030Z_2702_2300_95049e4dd827.jpg
2702,C:\Users\Setekh\Desktop\ISY5002-Project\datasets\raw-2026-week1\2702\20260918T231030Z_2702_2310_40715d01af34.jpg
2702,C:\Users\Setekh\Desktop\ISY5002-Project\datasets\raw-2026-week1\2702\20260918T232051Z_2702_2320_0c5737e49063.jpg
2702,C:\Users\Setekh\Desktop\ISY5002-Project\datasets\raw-2026-week1\2702\20260918T233031Z_2702_2330_d5d35dfce919.jpg
2702,C:\Users\Setekh\Desktop\ISY5002-Project\datasets\raw-2026-week1\2702\20260918T234051Z_2702_2340_f61697463911.jpg
2702,C:\Users\Setekh\Desktop\ISY5002-Project\datasets\raw-2026-week1\2702\20260918T235052Z_2702_2350_c18fec436237.jpg
2702,C:\Users\Setekh\Desktop\ISY5002-Project\datasets\raw-2026-week1\2702\20260919T000052Z_2702_0000_2919efab8a06.jpg
2702,C:\Users\Setekh\Desktop\ISY5002-Project\datasets\raw-2026-week1\2702\20260919T001052Z_2702_0010_56512b05b4c7.jpg
2702,C:\Users\Setekh\Desktop\ISY5002-Project\datasets\raw-2026-week1\2702\20260919T002033Z_2702_0020_ff836a0e5e38.jpg
2702,C:\Users\Setekh\Desktop\ISY5002-Project\datasets\raw-2026-week1\2702\20260919T003033Z_2702_0030_107e0c544de0.jpg
2702,C:\Users\Setekh\Desktop\ISY5002-Project\datasets\raw-2026-week1\2702\20260919T004054Z_2702_0040_d022e97d8b13.jpg
2702,C:\Users\Setekh\Desktop\ISY5002-Project\datasets\raw-2026-week1\2702\20260919T004554Z_2702_0045_2e968662a4bc.jpg
2702,C:\Users\Setekh\Desktop\ISY5002-Project\datasets\raw-2026-week1\2702\20260919T010054Z_2702_0100_f0c73faee0c9.jpg
2702,C:\Users\Setekh\Desktop\ISY5002-Project\datasets\raw-2026-week1\2702\20260919T010614Z_2702_0106_369d4eb3b768.jpg
2702,C:\Users\Setekh\Desktop\ISY5002-Project\datasets\raw-2026-week1\2702\20260919T011555Z_2702_0115_94082b139d68.jpg
2702,C:\Users\Setekh\Desktop\ISY5002-Project\datasets\raw-2026-week1\2702\20260919T012555Z_2702_0125_78767d082d7c.jpg
2702,C:\Users\Setekh\Desktop\ISY5002-Project\datasets\raw-2026-week1\2702\20260919T014036Z_2702_0140_e43eb292c8cd.jpg
2702,C:\Users\Setekh\Desktop\ISY5002-Project\datasets\raw-2026-week1\2702\20260919T015056Z_2702_0150_e4f54bad701c.jpg
2702,C:\Users\Setekh\Desktop\ISY5002-Project\datasets\raw-2026-week1\2702\20260919T020036Z_2702_0200_0a64dc46e3b9.jpg
2702,C:\Users\Setekh\Desktop\ISY5002-Project\datasets\raw-2026-week1\2702\20260919T020617Z_2702_0206_d0eb9e35a6df.jpg
2702,C:\Users\Setekh\Desktop\ISY5002-Project\datasets\raw-2026-week1\2702\20260919T021557Z_2702_0215_ed8677b4c419.jpg
2702,C:\Users\Setekh\Desktop\ISY5002-Project\datasets\raw-2026-week1\2702\20260919T022557Z_2702_0225_4b97b2c62816.jpg
2702,C:\Users\Setekh\Desktop\ISY5002-Project\datasets\raw-2026-week1\2702\20260919T023538Z_2702_0235_373f96a70c61.jpg
2702,C:\Users\Setekh\Desktop\ISY5002-Project\datasets\raw-2026-week1\2702\20260919T025038Z_2702_0250_1df9db5bad53.jpg
2702,C:\Users\Setekh\Desktop\ISY5002-Project\datasets\raw-2026-week1\2702\20260919T025559Z_2702_0255_b41375bc87a0.jpg
2702,C:\Users\Setekh\Desktop\ISY5002-Project\datasets\raw-2026-week1\2702\20260919T030539Z_2702_0305_5b752c2fe366.jpg
2702,C:\Users\Setekh\Desktop\ISY5002-Project\datasets\raw-2026-week1\2702\20260919T031539Z_2702_0315_a4e19a7b862b.jpg
2702,C:\Users\Setekh\Desktop\ISY5002-Project\datasets\raw-2026-week1\2702\20260919T033040Z_2702_0330_90ba967f80bd.jpg
2702,C:\Users\Setekh\Desktop\ISY5002-Project\datasets\raw-2026-week1\2702\20260919T033600Z_2702_0336_eb63bdbba336.jpg
2702,C:\Users\Setekh\Desktop\ISY5002-Project\datasets\raw-2026-week1\2702\20260919T035041Z_2702_0350_1b361c5719ee.jpg
2702,C:\Users\Setekh\Desktop\ISY5002-Project\datasets\raw-2026-week1\2702\20260919T035541Z_2702_0355_79a5b34a2ca1.jpg
2702,C:\Users\Setekh\Desktop\ISY5002-Project\datasets\raw-2026-week1\2702\20260919T040521Z_2702_0405_3b8991b0c11e.jpg
2702,C:\Users\Setekh\Desktop\ISY5002-Project\datasets\raw-2026-week1\2702\20260919T042042Z_2702_0420_1812f1049aab.jpg
2702,C:\Users\Setekh\Desktop\ISY5002-Project\datasets\raw-2026-week1\2702\20260919T042602Z_2702_0426_d38b45ba489b.jpg
2702,C:\Users\Setekh\Desktop\ISY5002-Project\datasets\raw-2026-week1\2702\20260919T043602Z_2702_0436_48551fa27691.jpg
2702,C:\Users\Setekh\Desktop\ISY5002-Project\datasets\raw-2026-week1\2702\20260919T044543Z_2702_0445_c6b4c9c4dbc5.jpg
2702,C:\Users\Setekh\Desktop\ISY5002-Project\datasets\raw-2026-week1\2702\20260919T045543Z_2702_0455_b76962537926.jpg
2702,C:\Users\Setekh\Desktop\ISY5002-Project\datasets\raw-2026-week1\2702\20260919T050543Z_2702_0505_dd61e4119b3c.jpg
2702,C:\Users\Setekh\Desktop\ISY5002-Project\datasets\raw-2026-week1\2702\20260919T052044Z_2702_0520_ae04af58fa2c.jpg
2702,C:\Users\Setekh\Desktop\ISY5002-Project\datasets\raw-2026-week1\2702\20260919T053044Z_2702_0530_854500ef94ae.jpg
2702,C:\Users\Setekh\Desktop\ISY5002-Project\datasets\raw-2026-week1\2702\20260919T054045Z_2702_0540_a7fe48e28969.jpg
2702,C:\Users\Setekh\Desktop\ISY5002-Project\datasets\raw-2026-week1\2702\20260919T054545Z_2702_0545_4784352d54a8.jpg
2702,C:\Users\Setekh\Desktop\ISY5002-Project\datasets\raw-2026-week1\2702\20260919T055545Z_2702_0555_8d739b88ae81.jpg
2702,C:\Users\Setekh\Desktop\ISY5002-Project\datasets\raw-2026-week1\2702\20260919T061046Z_2702_0610_2d990f4d265e.jpg
2702,C:\Users\Setekh\Desktop\ISY5002-Project\datasets\raw-2026-week1\2702\20260919T062046Z_2702_0620_584d967e45a3.jpg
2702,C:\Users\Setekh\Desktop\ISY5002-Project\datasets\raw-2026-week1\2702\20260919T062546Z_2702_0625_ae7af5c887f5.jpg
2702,C:\Users\Setekh\Desktop\ISY5002-Project\datasets\raw-2026-week1\2702\20260919T063527Z_2702_0635_0d0c03a0aedc.jpg
2702,C:\Users\Setekh\Desktop\ISY5002-Project\datasets\raw-2026-week1\2702\20260919T065047Z_2702_0650_d4067070d37a.jpg
2702,C:\Users\Setekh\Desktop\ISY5002-Project\datasets\raw-2026-week1\2702\20260919T070048Z_2702_0700_27811d6de7b8.jpg
2702,C:\Users\Setekh\Desktop\ISY5002-Project\datasets\raw-2026-week1\2702\20260919T071048Z_2702_0710_86f35828df95.jpg
2702,C:\Users\Setekh\Desktop\ISY5002-Project\datasets\raw-2026-week1\2702\20260919T072048Z_2702_0720_ba24cfbec90e.jpg
2702,C:\Users\Setekh\Desktop\ISY5002-Project\datasets\raw-2026-week1\2702\20260919T073029Z_2702_0730_1f60dac38a97.jpg
2702,C:\Users\Setekh\Desktop\ISY5002-Project\datasets\raw-2026-week1\2702\20260919T074049Z_2702_0740_cb7d503e1883.jpg
2702,C:\Users\Setekh\Desktop\ISY5002-Project\datasets\raw-2026-week1\2702\20260919T075049Z_2702_0750_2ea92d477141.jpg
2702,C:\Users\Setekh\Desktop\ISY5002-Project\datasets\raw-2026-week1\2702\20260919T080030Z_2702_0800_13dde4340bd5.jpg
2702,C:\Users\Setekh\Desktop\ISY5002-Project\datasets\raw-2026-week1\2702\20260919T080530Z_2702_0805_f862fc43dbb8.jpg
2702,C:\Users\Setekh\Desktop\ISY5002-Project\datasets\raw-2026-week1\2702\20260919T081550Z_2702_0815_a151a7a9b69f.jpg
2702,C:\Users\Setekh\Desktop\ISY5002-Project\datasets\raw-2026-week1\2702\20260919T083031Z_2702_0830_11fae93d2ef4.jpg
2702,C:\Users\Setekh\Desktop\ISY5002-Project\datasets\raw-2026-week1\2702\20260919T084051Z_2702_0840_50d3464b89ba.jpg
2702,C:\Users\Setekh\Desktop\ISY5002-Project\datasets\raw-2026-week1\2702\20260919T085032Z_2702_0850_d7c3e4ad29dc.jpg
2702,C:\Users\Setekh\Desktop\ISY5002-Project\datasets\raw-2026-week1\2702\20260919T090032Z_2702_0900_eb1ca91176db.jpg
2702,C:\Users\Setekh\Desktop\ISY5002-Project\datasets\raw-2026-week1\2702\20260919T091052Z_2702_0910_084eadb2eb51.jpg
2702,C:\Users\Setekh\Desktop\ISY5002-Project\datasets\raw-2026-week1\2702\20260919T092033Z_2702_0920_2c025c189b64.jpg
2702,C:\Users\Setekh\Desktop\ISY5002-Project\datasets\raw-2026-week1\2702\20260919T093033Z_2702_0930_ff3da76db314.jpg
2702,C:\Users\Setekh\Desktop\ISY5002-Project\datasets\raw-2026-week1\2702\20260919T093553Z_2702_0935_6aba90913c1d.jpg
2702,C:\Users\Setekh\Desktop\ISY5002-Project\datasets\raw-2026-week1\2702\20260919T095054Z_2702_0950_475326d37a08.jpg
2702,C:\Users\Setekh\Desktop\ISY5002-Project\datasets\raw-2026-week1\2702\20260919T100054Z_2702_1000_a6ad55bcd27a.jpg
2702,C:\Users\Setekh\Desktop\ISY5002-Project\datasets\raw-2026-week1\2702\20260919T101035Z_2702_1010_7ef67df6324b.jpg
2702,C:\Users\Setekh\Desktop\ISY5002-Project\datasets\raw-2026-week1\2702\20260919T102035Z_2702_1020_7372b85db0a4.jpg
2702,C:\Users\Setekh\Desktop\ISY5002-Project\datasets\raw-2026-week1\2702\20260919T103035Z_2702_1030_2ea60df4e051.jpg
2702,C:\Users\Setekh\Desktop\ISY5002-Project\datasets\raw-2026-week1\2702\20260919T104036Z_2702_1040_6ff34a8936db.jpg
2702,C:\Users\Setekh\Desktop\ISY5002-Project\datasets\raw-2026-week1\2702\20260919T105056Z_2702_1050_e3ced9d751b3.jpg
2702,C:\Users\Setekh\Desktop\ISY5002-Project\datasets\raw-2026-week1\2702\20260919T110036Z_2702_1100_f949a9450eff.jpg
2702,C:\Users\Setekh\Desktop\ISY5002-Project\datasets\raw-2026-week1\2702\20260919T110557Z_2702_1105_f80a1966cc7c.jpg
2702,C:\Users\Setekh\Desktop\ISY5002-Project\datasets\raw-2026-week1\2702\20260919T111537Z_2702_1115_1d2b04a4ac6d.jpg
2702,C:\Users\Setekh\Desktop\ISY5002-Project\datasets\raw-2026-week1\2702\20260919T112117Z_2702_1121_7cb4a7216f47.jpg
2702,C:\Users\Setekh\Desktop\ISY5002-Project\datasets\raw-2026-week1\2702\20260919T113038Z_2702_1130_1162db285278.jpg
2702,C:\Users\Setekh\Desktop\ISY5002-Project\datasets\raw-2026-week1\2702\20260919T113538Z_2702_1135_4bcccdecceca.jpg
2702,C:\Users\Setekh\Desktop\ISY5002-Project\datasets\raw-2026-week1\2702\20260919T115038Z_2702_1150_b3dfa49f7df9.jpg
2702,C:\Users\Setekh\Desktop\ISY5002-Project\datasets\raw-2026-week1\2702\20260919T115619Z_2702_1156_6cd304430d31.jpg
2702,C:\Users\Setekh\Desktop\ISY5002-Project\datasets\raw-2026-week1\2702\20260919T120559Z_2702_1205_c111cd0103cf.jpg
2702,C:\Users\Setekh\Desktop\ISY5002-Project\datasets\raw-2026-week1\2702\20260919T121559Z_2702_1215_a14b3aed6548.jpg
2702,C:\Users\Setekh\Desktop\ISY5002-Project\datasets\raw-2026-week1\2702\20260919T123040Z_2702_1230_98acee4efbd2.jpg
2702,C:\Users\Setekh\Desktop\ISY5002-Project\datasets\raw-2026-week1\2702\20260919T124040Z_2702_1240_5f27ccdbc6e7.jpg
2702,C:\Users\Setekh\Desktop\ISY5002-Project\datasets\raw-2026-week1\2702\20260919T124541Z_2702_1245_a822093d911e.jpg
2702,C:\Users\Setekh\Desktop\ISY5002-Project\datasets\raw-2026-week1\2702\20260919T130041Z_2702_1300_dfff51573b01.jpg
2702,C:\Users\Setekh\Desktop\ISY5002-Project\datasets\raw-2026-week1\2702\20260919T131041Z_2702_1310_03349d9c2eb4.jpg
2702,C:\Users\Setekh\Desktop\ISY5002-Project\datasets\raw-2026-week1\2702\20260919T131542Z_2702_1315_27ab29963121.jpg
2702,C:\Users\Setekh\Desktop\ISY5002-Project\datasets\raw-2026-week1\2702\20260919T133042Z_2702_1330_591fe9f363e1.jpg
2702,C:\Users\Setekh\Desktop\ISY5002-Project\datasets\raw-2026-week1\2702\20260919T133542Z_2702_1335_bc46478ce340.jpg
2702,C:\Users\Setekh\Desktop\ISY5002-Project\datasets\raw-2026-week1\2702\20260919T135043Z_2702_1350_f9400714faba.jpg
2702,C:\Users\Setekh\Desktop\ISY5002-Project\datasets\raw-2026-week1\2702\20260919T135603Z_2702_1356_8d22a861d218.jpg
2702,C:\Users\Setekh\Desktop\ISY5002-Project\datasets\raw-2026-week1\2702\20260919T141043Z_2702_1410_d74415e7eeae.jpg
2702,C:\Users\Setekh\Desktop\ISY5002-Project\datasets\raw-2026-week1\2702\20260919T142024Z_2702_1420_7d05883f2be3.jpg
2702,C:\Users\Setekh\Desktop\ISY5002-Project\datasets\raw-2026-week1\2702\20260919T142524Z_2702_1425_e19028d53b81.jpg
2702,C:\Users\Setekh\Desktop\ISY5002-Project\datasets\raw-2026-week1\2702\20260919T144045Z_2702_1440_8674028fa63c.jpg
2702,C:\Users\Setekh\Desktop\ISY5002-Project\datasets\raw-2026-week1\2702\20260919T145045Z_2702_1450_f57dc542ea95.jpg
2702,C:\Users\Setekh\Desktop\ISY5002-Project\datasets\raw-2026-week1\2702\20260919T145605Z_2702_1456_873473f8b88e.jpg
2702,C:\Users\Setekh\Desktop\ISY5002-Project\datasets\raw-2026-week1\2702\20260919T151026Z_2702_1510_9b28218bc09d.jpg
2702,C:\Users\Setekh\Desktop\ISY5002-Project\datasets\raw-2026-week1\2702\20260919T152046Z_2702_1520_f05f97cc765d.jpg
2702,C:\Users\Setekh\Desktop\ISY5002-Project\datasets\raw-2026-week1\2702\20260919T153046Z_2702_1530_0e6f59952e67.jpg
2702,C:\Users\Setekh\Desktop\ISY5002-Project\datasets\raw-2026-week1\2702\20260919T154027Z_2702_1540_6b2c1d63b3b9.jpg
2702,C:\Users\Setekh\Desktop\ISY5002-Project\datasets\raw-2026-week1\2702\20260919T155047Z_2702_1550_68fef95d6688.jpg
2702,C:\Users\Setekh\Desktop\ISY5002-Project\datasets\raw-2026-week1\2702\20260919T160028Z_2702_1600_20092b89a08e.jpg
2702,C:\Users\Setekh\Desktop\ISY5002-Project\datasets\raw-2026-week1\2702\20260919T161028Z_2702_1610_035320824bfe.jpg
2702,C:\Users\Setekh\Desktop\ISY5002-Project\datasets\raw-2026-week1\2702\20260919T162028Z_2702_1620_d8a2a45e7b7f.jpg
2702,C:\Users\Setekh\Desktop\ISY5002-Project\datasets\raw-2026-week1\2702\20260919T162548Z_2702_1625_cdf4dc13d97c.jpg
2702,C:\Users\Setekh\Desktop\ISY5002-Project\datasets\raw-2026-week1\2702\20260919T164049Z_2702_1640_82d31da59751.jpg
2702,C:\Users\Setekh\Desktop\ISY5002-Project\datasets\raw-2026-week1\2702\20260919T165029Z_2702_1650_0578d525e762.jpg
2702,C:\Users\Setekh\Desktop\ISY5002-Project\datasets\raw-2026-week1\2702\20260919T170030Z_2702_1700_60a13d4f223c.jpg
2702,C:\Users\Setekh\Desktop\ISY5002-Project\datasets\raw-2026-week1\2702\20260919T173051Z_2702_1730_5f212c031472.jpg
2702,C:\Users\Setekh\Desktop\ISY5002-Project\datasets\raw-2026-week1\2702\20260919T174031Z_2702_1740_781a35e7b518.jpg
2702,C:\Users\Setekh\Desktop\ISY5002-Project\datasets\raw-2026-week1\2702\20260919T174532Z_2702_1745_995aba99d9de.jpg
2702,C:\Users\Setekh\Desktop\ISY5002-Project\datasets\raw-2026-week1\2702\20260919T180032Z_2702_1800_87d171867ba3.jpg
2702,C:\Users\Setekh\Desktop\ISY5002-Project\datasets\raw-2026-week1\2702\20260919T181032Z_2702_1810_6aad0946bcfb.jpg
2702,C:\Users\Setekh\Desktop\ISY5002-Project\datasets\raw-2026-week1\2702\20260919T182033Z_2702_1820_361a42be2d68.jpg
2702,C:\Users\Setekh\Desktop\ISY5002-Project\datasets\raw-2026-week1\2702\20260919T183033Z_2702_1830_55a8be295a94.jpg
2702,C:\Users\Setekh\Desktop\ISY5002-Project\datasets\raw-2026-week1\2702\20260919T184034Z_2702_1840_e1b627308fbc.jpg
2702,C:\Users\Setekh\Desktop\ISY5002-Project\datasets\raw-2026-week1\2702\20260919T192035Z_2702_1920_12c271eaeea2.jpg
2702,C:\Users\Setekh\Desktop\ISY5002-Project\datasets\raw-2026-week1\2702\20260919T193035Z_2702_1930_c4d02fa71243.jpg
2702,C:\Users\Setekh\Desktop\ISY5002-Project\datasets\raw-2026-week1\2702\20260919T195036Z_2702_1950_79828bd1a5f2.jpg
2702,C:\Users\Setekh\Desktop\ISY5002-Project\datasets\raw-2026-week1\2702\20260919T200057Z_2702_2000_92c5c75eb5b9.jpg
2702,C:\Users\Setekh\Desktop\ISY5002-Project\datasets\raw-2026-week1\2702\20260919T200557Z_2702_2005_6293c35a6b83.jpg
2702,C:\Users\Setekh\Desktop\ISY5002-Project\datasets\raw-2026-week1\2702\20260919T201537Z_2702_2015_e59d34e41c4b.jpg
2702,C:\Users\Setekh\Desktop\ISY5002-Project\datasets\raw-2026-week1\2702\20260919T203038Z_2702_2030_39069069c3db.jpg
2702,C:\Users\Setekh\Desktop\ISY5002-Project\datasets\raw-2026-week1\2702\20260919T204038Z_2702_2040_e96a38840f97.jpg
2702,C:\Users\Setekh\Desktop\ISY5002-Project\datasets\raw-2026-week1\2702\20260919T205038Z_2702_2050_0c9f99a452ce.jpg
2702,C:\Users\Setekh\Desktop\ISY5002-Project\datasets\raw-2026-week1\2702\20260919T205539Z_2702_2055_d563ec7dbd47.jpg
2702,C:\Users\Setekh\Desktop\ISY5002-Project\datasets\raw-2026-week1\2702\20260919T211039Z_2702_2110_eab3375e5e31.jpg
2702,C:\Users\Setekh\Desktop\ISY5002-Project\datasets\raw-2026-week1\2702\20260919T211539Z_2702_2115_739452de6d62.jpg
2702,C:\Users\Setekh\Desktop\ISY5002-Project\datasets\raw-2026-week1\2702\20260919T213040Z_2702_2130_64075dfea5f6.jpg
2702,C:\Users\Setekh\Desktop\ISY5002-Project\datasets\raw-2026-week1\2702\20260919T214040Z_2702_2140_1bdc1fa16a8d.jpg
2702,C:\Users\Setekh\Desktop\ISY5002-Project\datasets\raw-2026-week1\2702\20260919T215041Z_2702_2150_86542ac9e93e.jpg
2702,C:\Users\Setekh\Desktop\ISY5002-Project\datasets\raw-2026-week1\2702\20260919T220041Z_2702_2200_216d1c687724.jpg
2702,C:\Users\Setekh\Desktop\ISY5002-Project\datasets\raw-2026-week1\2702\20260919T220601Z_2702_2206_f6e6e29ee999.jpg
2702,C:\Users\Setekh\Desktop\ISY5002-Project\datasets\raw-2026-week1\2702\20260919T222042Z_2702_2220_c4de1b698d4c.jpg
2702,C:\Users\Setekh\Desktop\ISY5002-Project\datasets\raw-2026-week1\2702\20260919T222542Z_2702_2225_8a8d8a4719d5.jpg
2702,C:\Users\Setekh\Desktop\ISY5002-Project\datasets\raw-2026-week1\2702\20260919T224043Z_2702_2240_319b474b0f1d.jpg
2702,C:\Users\Setekh\Desktop\ISY5002-Project\datasets\raw-2026-week1\2702\20260919T225043Z_2702_2250_3d30d0d7a9c6.jpg
2702,C:\Users\Setekh\Desktop\ISY5002-Project\datasets\raw-2026-week1\2702\20260919T231044Z_2702_2310_579efaacdf92.jpg
2702,C:\Users\Setekh\Desktop\ISY5002-Project\datasets\raw-2026-week1\2702\20260919T231544Z_2702_2315_6c643c176a52.jpg
2702,C:\Users\Setekh\Desktop\ISY5002-Project\datasets\raw-2026-week1\2702\20260919T233024Z_2702_2330_dd9a5efc2685.jpg
2702,C:\Users\Setekh\Desktop\ISY5002-Project\datasets\raw-2026-week1\2702\20260919T234045Z_2702_2340_fe4934bcc639.jpg
2702,C:\Users\Setekh\Desktop\ISY5002-Project\datasets\raw-2026-week1\2702\20260919T235045Z_2702_2350_6eb37d44f386.jpg
2702,C:\Users\Setekh\Desktop\ISY5002-Project\datasets\raw-2026-week1\2702\20260920T000046Z_2702_0000_cda140afed21.jpg
2702,C:\Users\Setekh\Desktop\ISY5002-Project\datasets\raw-2026-week1\2702\20260920T001046Z_2702_0010_0521c4f13fd7.jpg
2702,C:\Users\Setekh\Desktop\ISY5002-Project\datasets\raw-2026-week1\2702\20260920T002046Z_2702_0020_4daa55f9bc26.jpg
2702,C:\Users\Setekh\Desktop\ISY5002-Project\datasets\raw-2026-week1\2702\20260920T003027Z_2702_0030_44989686476c.jpg
2702,C:\Users\Setekh\Desktop\ISY5002-Project\datasets\raw-2026-week1\2702\20260920T004027Z_2702_0040_004cbcdf731a.jpg
2702,C:\Users\Setekh\Desktop\ISY5002-Project\datasets\raw-2026-week1\2702\20260920T011548Z_2702_0115_f6758e4d2d5c.jpg
2702,C:\Users\Setekh\Desktop\ISY5002-Project\datasets\raw-2026-week1\2702\20260920T013029Z_2702_0130_9c754c43e953.jpg
2702,C:\Users\Setekh\Desktop\ISY5002-Project\datasets\raw-2026-week1\2702\20260920T014049Z_2702_0140_48ea6b68742b.jpg
2702,C:\Users\Setekh\Desktop\ISY5002-Project\datasets\raw-2026-week1\2702\20260920T015030Z_2702_0150_0db36ef0ad3a.jpg
2702,C:\Users\Setekh\Desktop\ISY5002-Project\datasets\raw-2026-week1\2702\20260920T020030Z_2702_0200_66b02941cda6.jpg
2702,C:\Users\Setekh\Desktop\ISY5002-Project\datasets\raw-2026-week1\2702\20260920T021051Z_2702_0210_533a4c3ec876.jpg
2702,C:\Users\Setekh\Desktop\ISY5002-Project\datasets\raw-2026-week1\2702\20260920T021531Z_2702_0215_6d9b73bad3c7.jpg
2702,C:\Users\Setekh\Desktop\ISY5002-Project\datasets\raw-2026-week1\2702\20260920T023031Z_2702_0230_dba1835b8ece.jpg
2702,C:\Users\Setekh\Desktop\ISY5002-Project\datasets\raw-2026-week1\2702\20260920T024031Z_2702_0240_c69b9a811cc4.jpg
2702,C:\Users\Setekh\Desktop\ISY5002-Project\datasets\raw-2026-week1\2702\20260920T025032Z_2702_0250_e15d8f831485.jpg
2702,C:\Users\Setekh\Desktop\ISY5002-Project\datasets\raw-2026-week1\2702\20260920T030052Z_2702_0300_ddb2805067b3.jpg
2702,C:\Users\Setekh\Desktop\ISY5002-Project\datasets\raw-2026-week1\2702\20260920T031033Z_2702_0310_3a255ff3754d.jpg
2702,C:\Users\Setekh\Desktop\ISY5002-Project\datasets\raw-2026-week1\2702\20260920T032033Z_2702_0320_07d6fba3405a.jpg
2702,C:\Users\Setekh\Desktop\ISY5002-Project\datasets\raw-2026-week1\2702\20260920T033033Z_2702_0330_9a9e28edfffb.jpg
2702,C:\Users\Setekh\Desktop\ISY5002-Project\datasets\raw-2026-week1\2702\20260920T034054Z_2702_0340_80c024572042.jpg
2702,C:\Users\Setekh\Desktop\ISY5002-Project\datasets\raw-2026-week1\2702\20260920T035034Z_2702_0350_21abca443bd5.jpg
2702,C:\Users\Setekh\Desktop\ISY5002-Project\datasets\raw-2026-week1\2702\20260920T040034Z_2702_0400_e2f195cae44a.jpg
2702,C:\Users\Setekh\Desktop\ISY5002-Project\datasets\raw-2026-week1\2702\20260920T041055Z_2702_0410_28a3e0c4bc36.jpg
2702,C:\Users\Setekh\Desktop\ISY5002-Project\datasets\raw-2026-week1\2702\20260920T042035Z_2702_0420_17e66d9bbbc0.jpg
2702,C:\Users\Setekh\Desktop\ISY5002-Project\datasets\raw-2026-week1\2702\20260920T043036Z_2702_0430_606f412d1d92.jpg
2702,C:\Users\Setekh\Desktop\ISY5002-Project\datasets\raw-2026-week1\2702\20260920T043556Z_2702_0435_f16a4f1f5592.jpg
2702,C:\Users\Setekh\Desktop\ISY5002-Project\datasets\raw-2026-week1\2702\20260920T045036Z_2702_0450_93c01b61a735.jpg
2702,C:\Users\Setekh\Desktop\ISY5002-Project\datasets\raw-2026-week1\2702\20260920T045536Z_2702_0455_db0cad320a8e.jpg
2702,C:\Users\Setekh\Desktop\ISY5002-Project\datasets\raw-2026-week1\2702\20260920T050557Z_2702_0505_a284b4212728.jpg
2702,C:\Users\Setekh\Desktop\ISY5002-Project\datasets\raw-2026-week1\2702\20260920T052037Z_2702_0520_9f60b8f8af98.jpg
2702,C:\Users\Setekh\Desktop\ISY5002-Project\datasets\raw-2026-week1\2702\20260920T053038Z_2702_0530_b1aabfc2181f.jpg
2702,C:\Users\Setekh\Desktop\ISY5002-Project\datasets\raw-2026-week1\2702\20260920T053558Z_2702_0535_e44173b0a5b3.jpg
2702,C:\Users\Setekh\Desktop\ISY5002-Project\datasets\raw-2026-week1\2702\20260920T054558Z_2702_0545_2140c05c6844.jpg
2702,C:\Users\Setekh\Desktop\ISY5002-Project\datasets\raw-2026-week1\2702\20260920T060019Z_2702_0600_e9fc21dd6f7c.jpg
2702,C:\Users\Setekh\Desktop\ISY5002-Project\datasets\raw-2026-week1\2702\20260920T060559Z_2702_0605_35908484345f.jpg
2702,C:\Users\Setekh\Desktop\ISY5002-Project\datasets\raw-2026-week1\2702\20260920T061539Z_2702_0615_a3bab8e5d943.jpg
2702,C:\Users\Setekh\Desktop\ISY5002-Project\datasets\raw-2026-week1\2702\20260920T063040Z_2702_0630_b68400d5f028.jpg
2702,C:\Users\Setekh\Desktop\ISY5002-Project\datasets\raw-2026-week1\2702\20260920T064040Z_2702_0640_b5ed523bdbf7.jpg
2702,C:\Users\Setekh\Desktop\ISY5002-Project\datasets\raw-2026-week1\2702\20260920T065041Z_2702_0650_18d34531d12f.jpg
2702,C:\Users\Setekh\Desktop\ISY5002-Project\datasets\raw-2026-week1\2702\20260920T070021Z_2702_0700_9a12f2c9269d.jpg
2702,C:\Users\Setekh\Desktop\ISY5002-Project\datasets\raw-2026-week1\2702\20260920T070601Z_2702_0706_b143eb0dad26.jpg
2702,C:\Users\Setekh\Desktop\ISY5002-Project\datasets\raw-2026-week1\2702\20260920T071602Z_2702_0716_1b4d644cf93d.jpg
2702,C:\Users\Setekh\Desktop\ISY5002-Project\datasets\raw-2026-week1\2702\20260920T073042Z_2702_0730_ef1fb96372fb.jpg
2702,C:\Users\Setekh\Desktop\ISY5002-Project\datasets\raw-2026-week1\2702\20260920T074042Z_2702_0740_0de933c3fc95.jpg
2702,C:\Users\Setekh\Desktop\ISY5002-Project\datasets\raw-2026-week1\2702\20260920T075023Z_2702_0750_c11e77954f59.jpg
2702,C:\Users\Setekh\Desktop\ISY5002-Project\datasets\raw-2026-week1\2702\20260920T080043Z_2702_0800_e83e5dceec98.jpg
2702,C:\Users\Setekh\Desktop\ISY5002-Project\datasets\raw-2026-week1\2702\20260920T081044Z_2702_0810_371b6ac79420.jpg
2702,C:\Users\Setekh\Desktop\ISY5002-Project\datasets\raw-2026-week1\2702\20260920T082044Z_2702_0820_e41dbab88a16.jpg
2702,C:\Users\Setekh\Desktop\ISY5002-Project\datasets\raw-2026-week1\2702\20260920T083044Z_2702_0830_3eeb0dcd2cd8.jpg
2702,C:\Users\Setekh\Desktop\ISY5002-Project\datasets\raw-2026-week1\2702\20260920T084045Z_2702_0840_4dca7a92edfb.jpg
2702,C:\Users\Setekh\Desktop\ISY5002-Project\datasets\raw-2026-week1\2702\20260920T085045Z_2702_0850_6af95e2fb458.jpg
2702,C:\Users\Setekh\Desktop\ISY5002-Project\datasets\raw-2026-week1\2702\20260920T090045Z_2702_0900_ad0847c6cb21.jpg
2702,C:\Users\Setekh\Desktop\ISY5002-Project\datasets\raw-2026-week1\2702\20260920T091046Z_2702_0910_a718e9c9c9d3.jpg
2702,C:\Users\Setekh\Desktop\ISY5002-Project\datasets\raw-2026-week1\2702\20260920T092046Z_2702_0920_731803bbe9d3.jpg
2702,C:\Users\Setekh\Desktop\ISY5002-Project\datasets\raw-2026-week1\2702\20260920T093027Z_2702_0930_0f98dd76bc86.jpg
2702,C:\Users\Setekh\Desktop\ISY5002-Project\datasets\raw-2026-week1\2702\20260920T094027Z_2702_0940_1fe62121a0b8.jpg
2702,C:\Users\Setekh\Desktop\ISY5002-Project\datasets\raw-2026-week1\2702\20260920T095027Z_2702_0950_1e5a28c17e0b.jpg
2702,C:\Users\Setekh\Desktop\ISY5002-Project\datasets\raw-2026-week1\2702\20260920T100028Z_2702_1000_c622bae3db16.jpg
2702,C:\Users\Setekh\Desktop\ISY5002-Project\datasets\raw-2026-week1\2702\20260920T101028Z_2702_1010_735743750df7.jpg
2702,C:\Users\Setekh\Desktop\ISY5002-Project\datasets\raw-2026-week1\2702\20260920T102048Z_2702_1020_c8af7f83223a.jpg
2702,C:\Users\Setekh\Desktop\ISY5002-Project\datasets\raw-2026-week1\2702\20260920T103029Z_2702_1030_806fcb09d37c.jpg
2702,C:\Users\Setekh\Desktop\ISY5002-Project\datasets\raw-2026-week1\2702\20260920T104029Z_2702_1040_b3783fd5593f.jpg
2702,C:\Users\Setekh\Desktop\ISY5002-Project\datasets\raw-2026-week1\2702\20260920T105029Z_2702_1050_a4c209ccc8c3.jpg
2702,C:\Users\Setekh\Desktop\ISY5002-Project\datasets\raw-2026-week1\2702\20260920T110030Z_2702_1100_ec5cbb77c0e0.jpg
2702,C:\Users\Setekh\Desktop\ISY5002-Project\datasets\raw-2026-week1\2702\20260920T111030Z_2702_1110_c6932a6abd25.jpg
2702,C:\Users\Setekh\Desktop\ISY5002-Project\datasets\raw-2026-week1\2702\20260920T112031Z_2702_1120_de3a120ef58e.jpg
2702,C:\Users\Setekh\Desktop\ISY5002-Project\datasets\raw-2026-week1\2702\20260920T113051Z_2702_1130_567b9a49500f.jpg
2702,C:\Users\Setekh\Desktop\ISY5002-Project\datasets\raw-2026-week1\2702\20260920T114031Z_2702_1140_44db035f49fc.jpg
2702,C:\Users\Setekh\Desktop\ISY5002-Project\datasets\raw-2026-week1\2702\20260920T115052Z_2702_1150_7e6e7878c66e.jpg
2702,C:\Users\Setekh\Desktop\ISY5002-Project\datasets\raw-2026-week1\2702\20260920T120052Z_2702_1200_e7392c153fdc.jpg
2702,C:\Users\Setekh\Desktop\ISY5002-Project\datasets\raw-2026-week1\2702\20260920T121052Z_2702_1210_0351d2bd752e.jpg
2702,C:\Users\Setekh\Desktop\ISY5002-Project\datasets\raw-2026-week1\2702\20260920T121553Z_2702_1215_473dbb70edd3.jpg
2702,C:\Users\Setekh\Desktop\ISY5002-Project\datasets\raw-2026-week1\2702\20260920T123053Z_2702_1230_7a47ec3c586e.jpg
2702,C:\Users\Setekh\Desktop\ISY5002-Project\datasets\raw-2026-week1\2702\20260920T124034Z_2702_1240_ed752f888930.jpg
2702,C:\Users\Setekh\Desktop\ISY5002-Project\datasets\raw-2026-week1\2702\20260920T125034Z_2702_1250_406569496a87.jpg
2702,C:\Users\Setekh\Desktop\ISY5002-Project\datasets\raw-2026-week1\2702\20260920T130054Z_2702_1300_61c164b10544.jpg
2702,C:\Users\Setekh\Desktop\ISY5002-Project\datasets\raw-2026-week1\2702\20260920T130615Z_2702_1306_5ae31be7eff5.jpg
2702,C:\Users\Setekh\Desktop\ISY5002-Project\datasets\raw-2026-week1\2702\20260920T131555Z_2702_1315_c67c1d478a5d.jpg
2702,C:\Users\Setekh\Desktop\ISY5002-Project\datasets\raw-2026-week1\2702\20260920T133055Z_2702_1330_2f5bc7636f07.jpg
2702,C:\Users\Setekh\Desktop\ISY5002-Project\datasets\raw-2026-week1\2702\20260920T133556Z_2702_1335_a25d588f13a7.jpg
2702,C:\Users\Setekh\Desktop\ISY5002-Project\datasets\raw-2026-week1\2702\20260920T135036Z_2702_1350_8b2370a3811d.jpg
2702,C:\Users\Setekh\Desktop\ISY5002-Project\datasets\raw-2026-week1\2702\20260920T135556Z_2702_1355_533477411d8a.jpg
2702,C:\Users\Setekh\Desktop\ISY5002-Project\datasets\raw-2026-week1\2702\20260920T140537Z_2702_1405_0cec09e4c40c.jpg
2702,C:\Users\Setekh\Desktop\ISY5002-Project\datasets\raw-2026-week1\2702\20260920T142037Z_2702_1420_096c2c2b38b2.jpg
2702,C:\Users\Setekh\Desktop\ISY5002-Project\datasets\raw-2026-week1\2702\20260920T142537Z_2702_1425_705e7669832e.jpg
2702,C:\Users\Setekh\Desktop\ISY5002-Project\datasets\raw-2026-week1\2702\20260920T143538Z_2702_1435_58f9b7507f03.jpg
2702,C:\Users\Setekh\Desktop\ISY5002-Project\datasets\raw-2026-week1\2702\20260920T145018Z_2702_1450_7d482e680b01.jpg
2702,C:\Users\Setekh\Desktop\ISY5002-Project\datasets\raw-2026-week1\2702\20260920T145619Z_2702_1456_af2e89e45f6b.jpg
2702,C:\Users\Setekh\Desktop\ISY5002-Project\datasets\raw-2026-week1\2702\20260920T150559Z_2702_1505_92c938fc325a.jpg
2702,C:\Users\Setekh\Desktop\ISY5002-Project\datasets\raw-2026-week1\2702\20260920T152039Z_2702_1520_1ca2dee02544.jpg
2702,C:\Users\Setekh\Desktop\ISY5002-Project\datasets\raw-2026-week1\2702\20260920T152600Z_2702_1526_0ee4203c1391.jpg
2702,C:\Users\Setekh\Desktop\ISY5002-Project\datasets\raw-2026-week1\2702\20260920T154040Z_2702_1540_5cf3fa03a0d0.jpg
2704,C:\Users\Setekh\Desktop\ISY5002-Project\datasets\raw-2026-week1\2704\20260913T124023Z_2704_1240_ae30859ac8b8.jpg
2704,C:\Users\Setekh\Desktop\ISY5002-Project\datasets\raw-2026-week1\2704\20260913T164052Z_2704_1640_a100e348ab19.jpg
2704,C:\Users\Setekh\Desktop\ISY5002-Project\datasets\raw-2026-week1\2704\20260913T165033Z_2704_1650_1548022db485.jpg
2704,C:\Users\Setekh\Desktop\ISY5002-Project\datasets\raw-2026-week1\2704\20260913T165553Z_2704_1655_26856ec73c8b.jpg
2704,C:\Users\Setekh\Desktop\ISY5002-Project\datasets\raw-2026-week1\2704\20260913T170053Z_2704_1700_015cd28e8940.jpg
2704,C:\Users\Setekh\Desktop\ISY5002-Project\datasets\raw-2026-week1\2704\20260913T171053Z_2704_1710_7a69ac32ad69.jpg
2704,C:\Users\Setekh\Desktop\ISY5002-Project\datasets\raw-2026-week1\2704\20260913T172054Z_2704_1720_e6df38395b2b.jpg
2704,C:\Users\Setekh\Desktop\ISY5002-Project\datasets\raw-2026-week1\2704\20260913T172554Z_2704_1725_33f47e8f5c59.jpg
2704,C:\Users\Setekh\Desktop\ISY5002-Project\datasets\raw-2026-week1\2704\20260913T173034Z_2704_1730_2608b6068cc5.jpg
2704,C:\Users\Setekh\Desktop\ISY5002-Project\datasets\raw-2026-week1\2704\20260913T174034Z_2704_1740_ac7896956f36.jpg
2704,C:\Users\Setekh\Desktop\ISY5002-Project\datasets\raw-2026-week1\2704\20260913T175055Z_2704_1750_4966221b2e74.jpg
2704,C:\Users\Setekh\Desktop\ISY5002-Project\datasets\raw-2026-week1\2704\20260913T180055Z_2704_1800_efec1b1edfde.jpg
2704,C:\Users\Setekh\Desktop\ISY5002-Project\datasets\raw-2026-week1\2704\20260913T180535Z_2704_1805_822f6b707824.jpg
2704,C:\Users\Setekh\Desktop\ISY5002-Project\datasets\raw-2026-week1\2704\20260913T181556Z_2704_1815_8bb5b106089b.jpg
2704,C:\Users\Setekh\Desktop\ISY5002-Project\datasets\raw-2026-week1\2704\20260913T191038Z_2704_1910_6dd6312a6390.jpg
2704,C:\Users\Setekh\Desktop\ISY5002-Project\datasets\raw-2026-week1\2704\20260913T192018Z_2704_1920_1e6505747e19.jpg
2704,C:\Users\Setekh\Desktop\ISY5002-Project\datasets\raw-2026-week1\2704\20260913T212103Z_2704_2121_303b0ce5b0cb.jpg
2704,C:\Users\Setekh\Desktop\ISY5002-Project\datasets\raw-2026-week1\2704\20260913T212603Z_2704_2126_5e766e25c8fd.jpg
2704,C:\Users\Setekh\Desktop\ISY5002-Project\datasets\raw-2026-week1\2704\20260913T231547Z_2704_2315_60aa5779c3b3.jpg
2704,C:\Users\Setekh\Desktop\ISY5002-Project\datasets\raw-2026-week1\2704\20260913T232027Z_2704_2320_2d884db24423.jpg
2704,C:\Users\Setekh\Desktop\ISY5002-Project\datasets\raw-2026-week1\2704\20260914T005550Z_2704_0055_3bfdfee2770d.jpg
2704,C:\Users\Setekh\Desktop\ISY5002-Project\datasets\raw-2026-week1\2704\20260914T010031Z_2704_0100_1799f28de954.jpg
2704,C:\Users\Setekh\Desktop\ISY5002-Project\datasets\raw-2026-week1\2704\20260914T011031Z_2704_0110_419646e57063.jpg
2704,C:\Users\Setekh\Desktop\ISY5002-Project\datasets\raw-2026-week1\2704\20260914T012051Z_2704_0120_70c5841fb117.jpg
2704,C:\Users\Setekh\Desktop\ISY5002-Project\datasets\raw-2026-week1\2704\20260914T013032Z_2704_0130_8a6f2fc5cb55.jpg
2704,C:\Users\Setekh\Desktop\ISY5002-Project\datasets\raw-2026-week1\2704\20260914T014052Z_2704_0140_e31ebccbf43a.jpg
2704,C:\Users\Setekh\Desktop\ISY5002-Project\datasets\raw-2026-week1\2704\20260914T015052Z_2704_0150_42671489ad62.jpg
2704,C:\Users\Setekh\Desktop\ISY5002-Project\datasets\raw-2026-week1\2704\20260914T020033Z_2704_0200_8e32db403bea.jpg
2704,C:\Users\Setekh\Desktop\ISY5002-Project\datasets\raw-2026-week1\2704\20260914T021033Z_2704_0210_5c45a6595a1c.jpg
2704,C:\Users\Setekh\Desktop\ISY5002-Project\datasets\raw-2026-week1\2704\20260914T022053Z_2704_0220_c98b3d7f46fe.jpg
2704,C:\Users\Setekh\Desktop\ISY5002-Project\datasets\raw-2026-week1\2704\20260914T023034Z_2704_0230_099aeed2ba53.jpg
2704,C:\Users\Setekh\Desktop\ISY5002-Project\datasets\raw-2026-week1\2704\20260914T024034Z_2704_0240_2b31f79510a3.jpg
2704,C:\Users\Setekh\Desktop\ISY5002-Project\datasets\raw-2026-week1\2704\20260914T025055Z_2704_0250_896c4017a19e.jpg
2704,C:\Users\Setekh\Desktop\ISY5002-Project\datasets\raw-2026-week1\2704\20260914T030035Z_2704_0300_24ccb099cb03.jpg
2704,C:\Users\Setekh\Desktop\ISY5002-Project\datasets\raw-2026-week1\2704\20260914T031055Z_2704_0310_aad8e9c821f8.jpg
2704,C:\Users\Setekh\Desktop\ISY5002-Project\datasets\raw-2026-week1\2704\20260914T033056Z_2704_0330_a97eebdfb29c.jpg
2704,C:\Users\Setekh\Desktop\ISY5002-Project\datasets\raw-2026-week1\2704\20260914T034056Z_2704_0340_26ac37682baf.jpg
2704,C:\Users\Setekh\Desktop\ISY5002-Project\datasets\raw-2026-week1\2704\20260914T034617Z_2704_0346_7ceb7562d66b.jpg
2704,C:\Users\Setekh\Desktop\ISY5002-Project\datasets\raw-2026-week1\2704\20260914T035557Z_2704_0355_aecb46f82673.jpg
2704,C:\Users\Setekh\Desktop\ISY5002-Project\datasets\raw-2026-week1\2704\20260914T040557Z_2704_0405_2e5606bf7817.jpg
2704,C:\Users\Setekh\Desktop\ISY5002-Project\datasets\raw-2026-week1\2704\20260914T041558Z_2704_0415_7cfb7b520d71.jpg
2704,C:\Users\Setekh\Desktop\ISY5002-Project\datasets\raw-2026-week1\2704\20260914T043018Z_2704_0430_52ab5facf973.jpg
2704,C:\Users\Setekh\Desktop\ISY5002-Project\datasets\raw-2026-week1\2704\20260914T043559Z_2704_0435_5c659fd2fdf3.jpg
2704,C:\Users\Setekh\Desktop\ISY5002-Project\datasets\raw-2026-week1\2704\20260914T045039Z_2704_0450_ec8c0f3c7d90.jpg
2704,C:\Users\Setekh\Desktop\ISY5002-Project\datasets\raw-2026-week1\2704\20260914T045559Z_2704_0455_8c60dab707a0.jpg
2704,C:\Users\Setekh\Desktop\ISY5002-Project\datasets\raw-2026-week1\2704\20260914T051040Z_2704_0510_8c3db017acc7.jpg
2704,C:\Users\Setekh\Desktop\ISY5002-Project\datasets\raw-2026-week1\2704\20260914T051540Z_2704_0515_3eb3a165b024.jpg
2704,C:\Users\Setekh\Desktop\ISY5002-Project\datasets\raw-2026-week1\2704\20260914T052600Z_2704_0526_6a528c13a010.jpg
2704,C:\Users\Setekh\Desktop\ISY5002-Project\datasets\raw-2026-week1\2704\20260914T054041Z_2704_0540_de2de2c2ecf7.jpg
2704,C:\Users\Setekh\Desktop\ISY5002-Project\datasets\raw-2026-week1\2704\20260914T054601Z_2704_0546_f416bdb1f080.jpg
2704,C:\Users\Setekh\Desktop\ISY5002-Project\datasets\raw-2026-week1\2704\20260914T060042Z_2704_0600_e66ded1b2434.jpg
2704,C:\Users\Setekh\Desktop\ISY5002-Project\datasets\raw-2026-week1\2704\20260914T060542Z_2704_0605_4f977b0837ad.jpg
2704,C:\Users\Setekh\Desktop\ISY5002-Project\datasets\raw-2026-week1\2704\20260914T061602Z_2704_0616_762c74f57465.jpg
2704,C:\Users\Setekh\Desktop\ISY5002-Project\datasets\raw-2026-week1\2704\20260914T063043Z_2704_0630_e2de05ff95e4.jpg
2704,C:\Users\Setekh\Desktop\ISY5002-Project\datasets\raw-2026-week1\2704\20260914T063543Z_2704_0635_93a64981be7f.jpg
2704,C:\Users\Setekh\Desktop\ISY5002-Project\datasets\raw-2026-week1\2704\20260914T064043Z_2704_0640_0b233234b60d.jpg
2704,C:\Users\Setekh\Desktop\ISY5002-Project\datasets\raw-2026-week1\2704\20260914T064603Z_2704_0646_e8f6c0493b1e.jpg
2704,C:\Users\Setekh\Desktop\ISY5002-Project\datasets\raw-2026-week1\2704\20260914T070024Z_2704_0700_ef00bd040abd.jpg
2704,C:\Users\Setekh\Desktop\ISY5002-Project\datasets\raw-2026-week1\2704\20260914T071024Z_2704_0710_a131f27d1efd.jpg
2704,C:\Users\Setekh\Desktop\ISY5002-Project\datasets\raw-2026-week1\2704\20260914T071524Z_2704_0715_59cb5a67cd5b.jpg
2704,C:\Users\Setekh\Desktop\ISY5002-Project\datasets\raw-2026-week1\2704\20260914T073025Z_2704_0730_9c7908296f7d.jpg
2704,C:\Users\Setekh\Desktop\ISY5002-Project\datasets\raw-2026-week1\2704\20260914T074045Z_2704_0740_f04f1b74e3b8.jpg
2704,C:\Users\Setekh\Desktop\ISY5002-Project\datasets\raw-2026-week1\2704\20260914T075046Z_2704_0750_1762f8bf71bd.jpg
2704,C:\Users\Setekh\Desktop\ISY5002-Project\datasets\raw-2026-week1\2704\20260914T080046Z_2704_0800_41fabff6c392.jpg
2704,C:\Users\Setekh\Desktop\ISY5002-Project\datasets\raw-2026-week1\2704\20260914T081046Z_2704_0810_a8764a91690a.jpg
2704,C:\Users\Setekh\Desktop\ISY5002-Project\datasets\raw-2026-week1\2704\20260914T081547Z_2704_0815_7db15ff84413.jpg
2704,C:\Users\Setekh\Desktop\ISY5002-Project\datasets\raw-2026-week1\2704\20260914T083047Z_2704_0830_054a7fdcd3ed.jpg
2704,C:\Users\Setekh\Desktop\ISY5002-Project\datasets\raw-2026-week1\2704\20260914T084047Z_2704_0840_7b11f5dac3f3.jpg
2704,C:\Users\Setekh\Desktop\ISY5002-Project\datasets\raw-2026-week1\2704\20260914T085028Z_2704_0850_c5b24b434050.jpg
2704,C:\Users\Setekh\Desktop\ISY5002-Project\datasets\raw-2026-week1\2704\20260914T091049Z_2704_0910_a8745421eba9.jpg
2704,C:\Users\Setekh\Desktop\ISY5002-Project\datasets\raw-2026-week1\2704\20260914T092029Z_2704_0920_de32601ad21b.jpg
2704,C:\Users\Setekh\Desktop\ISY5002-Project\datasets\raw-2026-week1\2704\20260914T092549Z_2704_0925_c4ea19df200a.jpg
2704,C:\Users\Setekh\Desktop\ISY5002-Project\datasets\raw-2026-week1\2704\20260914T094030Z_2704_0940_5bfe95772114.jpg
2704,C:\Users\Setekh\Desktop\ISY5002-Project\datasets\raw-2026-week1\2704\20260914T095050Z_2704_0950_a93ec8d78ca3.jpg
2704,C:\Users\Setekh\Desktop\ISY5002-Project\datasets\raw-2026-week1\2704\20260914T100030Z_2704_1000_8bc29961db79.jpg
2704,C:\Users\Setekh\Desktop\ISY5002-Project\datasets\raw-2026-week1\2704\20260914T101051Z_2704_1010_772b327314e1.jpg
2704,C:\Users\Setekh\Desktop\ISY5002-Project\datasets\raw-2026-week1\2704\20260914T102051Z_2704_1020_8a6ed45ca5eb.jpg
2704,C:\Users\Setekh\Desktop\ISY5002-Project\datasets\raw-2026-week1\2704\20260914T103052Z_2704_1030_2c91ccb6d8f6.jpg
2704,C:\Users\Setekh\Desktop\ISY5002-Project\datasets\raw-2026-week1\2704\20260914T104052Z_2704_1040_98e08844eca2.jpg
2704,C:\Users\Setekh\Desktop\ISY5002-Project\datasets\raw-2026-week1\2704\20260914T105032Z_2704_1050_5a774eb52dd5.jpg
2704,C:\Users\Setekh\Desktop\ISY5002-Project\datasets\raw-2026-week1\2704\20260914T110053Z_2704_1100_457836b2fe7e.jpg
2704,C:\Users\Setekh\Desktop\ISY5002-Project\datasets\raw-2026-week1\2704\20260914T111053Z_2704_1110_cea4a506a4ec.jpg
2704,C:\Users\Setekh\Desktop\ISY5002-Project\datasets\raw-2026-week1\2704\20260914T111553Z_2704_1115_9df8bb27cf28.jpg
2704,C:\Users\Setekh\Desktop\ISY5002-Project\datasets\raw-2026-week1\2704\20260914T113054Z_2704_1130_f523cadf270b.jpg
2704,C:\Users\Setekh\Desktop\ISY5002-Project\datasets\raw-2026-week1\2704\20260914T114054Z_2704_1140_15259f5f27f1.jpg
2704,C:\Users\Setekh\Desktop\ISY5002-Project\datasets\raw-2026-week1\2704\20260914T115034Z_2704_1150_9b5bcc7e874f.jpg
2704,C:\Users\Setekh\Desktop\ISY5002-Project\datasets\raw-2026-week1\2704\20260914T120035Z_2704_1200_9bba3294a329.jpg
2704,C:\Users\Setekh\Desktop\ISY5002-Project\datasets\raw-2026-week1\2704\20260914T121055Z_2704_1210_9f7a175f08da.jpg
2704,C:\Users\Setekh\Desktop\ISY5002-Project\datasets\raw-2026-week1\2704\20260914T121555Z_2704_1215_e7cc35731f22.jpg
2704,C:\Users\Setekh\Desktop\ISY5002-Project\datasets\raw-2026-week1\2704\20260914T123036Z_2704_1230_8b14e2ce35db.jpg
2704,C:\Users\Setekh\Desktop\ISY5002-Project\datasets\raw-2026-week1\2704\20260914T123556Z_2704_1235_c7b26669691b.jpg
2704,C:\Users\Setekh\Desktop\ISY5002-Project\datasets\raw-2026-week1\2704\20260914T124557Z_2704_1245_536b3e6b3152.jpg
2704,C:\Users\Setekh\Desktop\ISY5002-Project\datasets\raw-2026-week1\2704\20260914T125557Z_2704_1255_66dbd72dc7fc.jpg
2704,C:\Users\Setekh\Desktop\ISY5002-Project\datasets\raw-2026-week1\2704\20260914T130557Z_2704_1305_1008a9181bf6.jpg
2704,C:\Users\Setekh\Desktop\ISY5002-Project\datasets\raw-2026-week1\2704\20260914T131558Z_2704_1315_4fe367c4ffcb.jpg
2704,C:\Users\Setekh\Desktop\ISY5002-Project\datasets\raw-2026-week1\2704\20260914T133038Z_2704_1330_0ac527e72397.jpg
2704,C:\Users\Setekh\Desktop\ISY5002-Project\datasets\raw-2026-week1\2704\20260914T133538Z_2704_1335_339b6e359299.jpg
2704,C:\Users\Setekh\Desktop\ISY5002-Project\datasets\raw-2026-week1\2704\20260914T134559Z_2704_1345_584a4b428d2d.jpg
2704,C:\Users\Setekh\Desktop\ISY5002-Project\datasets\raw-2026-week1\2704\20260914T140039Z_2704_1400_487bdc99c322.jpg
2704,C:\Users\Setekh\Desktop\ISY5002-Project\datasets\raw-2026-week1\2704\20260914T141040Z_2704_1410_791b43ea502d.jpg
2704,C:\Users\Setekh\Desktop\ISY5002-Project\datasets\raw-2026-week1\2704\20260914T141600Z_2704_1416_3a886b4ebc13.jpg
2704,C:\Users\Setekh\Desktop\ISY5002-Project\datasets\raw-2026-week1\2704\20260914T143040Z_2704_1430_a095a988cacb.jpg
2704,C:\Users\Setekh\Desktop\ISY5002-Project\datasets\raw-2026-week1\2704\20260914T143541Z_2704_1435_04f15be08970.jpg
2704,C:\Users\Setekh\Desktop\ISY5002-Project\datasets\raw-2026-week1\2704\20260914T144601Z_2704_1446_43d428bd48e7.jpg
2704,C:\Users\Setekh\Desktop\ISY5002-Project\datasets\raw-2026-week1\2704\20260914T150022Z_2704_1500_659dde9152dd.jpg
2704,C:\Users\Setekh\Desktop\ISY5002-Project\datasets\raw-2026-week1\2704\20260914T151042Z_2704_1510_8bb53499fd5d.jpg
2704,C:\Users\Setekh\Desktop\ISY5002-Project\datasets\raw-2026-week1\2704\20260914T151602Z_2704_1516_a5ef0d6eed4b.jpg
2704,C:\Users\Setekh\Desktop\ISY5002-Project\datasets\raw-2026-week1\2704\20260914T153043Z_2704_1530_16b042f02d49.jpg
2704,C:\Users\Setekh\Desktop\ISY5002-Project\datasets\raw-2026-week1\2704\20260914T154043Z_2704_1540_62235d85170d.jpg
2704,C:\Users\Setekh\Desktop\ISY5002-Project\datasets\raw-2026-week1\2704\20260914T155043Z_2704_1550_89619be6bc00.jpg
2704,C:\Users\Setekh\Desktop\ISY5002-Project\datasets\raw-2026-week1\2704\20260914T155604Z_2704_1556_b0be441b17d9.jpg
2704,C:\Users\Setekh\Desktop\ISY5002-Project\datasets\raw-2026-week1\2704\20260914T161044Z_2704_1610_39f0f59aac67.jpg
2704,C:\Users\Setekh\Desktop\ISY5002-Project\datasets\raw-2026-week1\2704\20260914T161604Z_2704_1616_6a567191307f.jpg
2704,C:\Users\Setekh\Desktop\ISY5002-Project\datasets\raw-2026-week1\2704\20260914T162545Z_2704_1625_e47b076609c8.jpg
2704,C:\Users\Setekh\Desktop\ISY5002-Project\datasets\raw-2026-week1\2704\20260914T163545Z_2704_1635_298a59c85299.jpg
2704,C:\Users\Setekh\Desktop\ISY5002-Project\datasets\raw-2026-week1\2704\20260914T165046Z_2704_1650_5e97ba081dda.jpg
2704,C:\Users\Setekh\Desktop\ISY5002-Project\datasets\raw-2026-week1\2704\20260914T165546Z_2704_1655_1bdbc4346520.jpg
2704,C:\Users\Setekh\Desktop\ISY5002-Project\datasets\raw-2026-week1\2704\20260914T171046Z_2704_1710_fcc783aca8bc.jpg
2704,C:\Users\Setekh\Desktop\ISY5002-Project\datasets\raw-2026-week1\2704\20260914T172027Z_2704_1720_8faf4bd19af8.jpg
2704,C:\Users\Setekh\Desktop\ISY5002-Project\datasets\raw-2026-week1\2704\20260914T172547Z_2704_1725_c88155debc02.jpg
2704,C:\Users\Setekh\Desktop\ISY5002-Project\datasets\raw-2026-week1\2704\20260914T210555Z_2704_2105_62a9f22de159.jpg
2704,C:\Users\Setekh\Desktop\ISY5002-Project\datasets\raw-2026-week1\2704\20260914T211536Z_2704_2115_3d1ec6afb030.jpg
2704,C:\Users\Setekh\Desktop\ISY5002-Project\datasets\raw-2026-week1\2704\20260914T213556Z_2704_2135_66907d986f2c.jpg
2704,C:\Users\Setekh\Desktop\ISY5002-Project\datasets\raw-2026-week1\2704\20260914T214557Z_2704_2145_4829b1017479.jpg
2704,C:\Users\Setekh\Desktop\ISY5002-Project\datasets\raw-2026-week1\2704\20260914T224039Z_2704_2240_7b3a47cad791.jpg
2704,C:\Users\Setekh\Desktop\ISY5002-Project\datasets\raw-2026-week1\2704\20260914T233041Z_2704_2330_eedf23e6a45c.jpg
2704,C:\Users\Setekh\Desktop\ISY5002-Project\datasets\raw-2026-week1\2704\20260914T233521Z_2704_2335_43adb5c5bfce.jpg
2704,C:\Users\Setekh\Desktop\ISY5002-Project\datasets\raw-2026-week1\2704\20260914T234521Z_2704_2345_48a7cd4ee23f.jpg
2704,C:\Users\Setekh\Desktop\ISY5002-Project\datasets\raw-2026-week1\2704\20260915T000042Z_2704_0000_91e205ebe939.jpg
2704,C:\Users\Setekh\Desktop\ISY5002-Project\datasets\raw-2026-week1\2704\20260915T001042Z_2704_0010_28f6c235fc37.jpg
2704,C:\Users\Setekh\Desktop\ISY5002-Project\datasets\raw-2026-week1\2704\20260915T002042Z_2704_0020_f1213f075203.jpg
2704,C:\Users\Setekh\Desktop\ISY5002-Project\datasets\raw-2026-week1\2704\20260915T002543Z_2704_0025_9a73df363c15.jpg
2704,C:\Users\Setekh\Desktop\ISY5002-Project\datasets\raw-2026-week1\2704\20260915T004043Z_2704_0040_7ba0bc6bf7ad.jpg
2704,C:\Users\Setekh\Desktop\ISY5002-Project\datasets\raw-2026-week1\2704\20260915T004603Z_2704_0046_0cb09748f19f.jpg
2704,C:\Users\Setekh\Desktop\ISY5002-Project\datasets\raw-2026-week1\2704\20260915T010024Z_2704_0100_c41a0abeec37.jpg
2704,C:\Users\Setekh\Desktop\ISY5002-Project\datasets\raw-2026-week1\2704\20260915T010544Z_2704_0105_99019dece039.jpg
2704,C:\Users\Setekh\Desktop\ISY5002-Project\datasets\raw-2026-week1\2704\20260915T011544Z_2704_0115_900ff0a2ea5a.jpg
2704,C:\Users\Setekh\Desktop\ISY5002-Project\datasets\raw-2026-week1\2704\20260915T012545Z_2704_0125_9c1e6f30247f.jpg
2704,C:\Users\Setekh\Desktop\ISY5002-Project\datasets\raw-2026-week1\2704\20260915T013545Z_2704_0135_00fbeb04e9b0.jpg
2704,C:\Users\Setekh\Desktop\ISY5002-Project\datasets\raw-2026-week1\2704\20260915T015546Z_2704_0155_433d62dcdd3b.jpg
2704,C:\Users\Setekh\Desktop\ISY5002-Project\datasets\raw-2026-week1\2704\20260915T021046Z_2704_0210_a0a1fb762ec8.jpg
2704,C:\Users\Setekh\Desktop\ISY5002-Project\datasets\raw-2026-week1\2704\20260915T023547Z_2704_0235_2c96651e76a8.jpg
2704,C:\Users\Setekh\Desktop\ISY5002-Project\datasets\raw-2026-week1\2704\20260915T033550Z_2704_0335_70a185ae28d1.jpg
2704,C:\Users\Setekh\Desktop\ISY5002-Project\datasets\raw-2026-week1\2704\20260915T040051Z_2704_0400_8900703fb5d6.jpg
2704,C:\Users\Setekh\Desktop\ISY5002-Project\datasets\raw-2026-week1\2704\20260915T041031Z_2704_0410_39b8b1e2f50b.jpg
2704,C:\Users\Setekh\Desktop\ISY5002-Project\datasets\raw-2026-week1\2704\20260915T042552Z_2704_0425_d26e41e74471.jpg
2704,C:\Users\Setekh\Desktop\ISY5002-Project\datasets\raw-2026-week1\2704\20260915T044532Z_2704_0445_b43b02bd7b09.jpg
2704,C:\Users\Setekh\Desktop\ISY5002-Project\datasets\raw-2026-week1\2704\20260915T050533Z_2704_0505_5859b9f1e005.jpg
2704,C:\Users\Setekh\Desktop\ISY5002-Project\datasets\raw-2026-week1\2704\20260915T052534Z_2704_0525_0554884c69db.jpg
2704,C:\Users\Setekh\Desktop\ISY5002-Project\datasets\raw-2026-week1\2704\20260915T054034Z_2704_0540_4367c61c1063.jpg
2704,C:\Users\Setekh\Desktop\ISY5002-Project\datasets\raw-2026-week1\2704\20260915T060055Z_2704_0600_6cee8bee87da.jpg
2704,C:\Users\Setekh\Desktop\ISY5002-Project\datasets\raw-2026-week1\2704\20260915T060535Z_2704_0605_825934d2f6fb.jpg
2704,C:\Users\Setekh\Desktop\ISY5002-Project\datasets\raw-2026-week1\2704\20260915T062036Z_2704_0620_71266a18e0f3.jpg
2704,C:\Users\Setekh\Desktop\ISY5002-Project\datasets\raw-2026-week1\2704\20260915T063016Z_2704_0630_ed6adf7dfb3f.jpg
2704,C:\Users\Setekh\Desktop\ISY5002-Project\datasets\raw-2026-week1\2704\20260915T064036Z_2704_0640_cde6de6db3c1.jpg
2704,C:\Users\Setekh\Desktop\ISY5002-Project\datasets\raw-2026-week1\2704\20260915T065057Z_2704_0650_15fff3aaaeda.jpg
2704,C:\Users\Setekh\Desktop\ISY5002-Project\datasets\raw-2026-week1\2704\20260915T070057Z_2704_0700_2b64502ce2ac.jpg
2704,C:\Users\Setekh\Desktop\ISY5002-Project\datasets\raw-2026-week1\2704\20260915T071038Z_2704_0710_9f2348eff11a.jpg
2704,C:\Users\Setekh\Desktop\ISY5002-Project\datasets\raw-2026-week1\2704\20260915T072038Z_2704_0720_095d60ebec10.jpg
2704,C:\Users\Setekh\Desktop\ISY5002-Project\datasets\raw-2026-week1\2704\20260915T072538Z_2704_0725_0bad0afd2b72.jpg
2704,C:\Users\Setekh\Desktop\ISY5002-Project\datasets\raw-2026-week1\2704\20260915T073559Z_2704_0735_029ccc7d448e.jpg
2704,C:\Users\Setekh\Desktop\ISY5002-Project\datasets\raw-2026-week1\2704\20260915T075039Z_2704_0750_b5c98c18fd24.jpg
2704,C:\Users\Setekh\Desktop\ISY5002-Project\datasets\raw-2026-week1\2704\20260915T075559Z_2704_0755_8276aee22d5b.jpg
2704,C:\Users\Setekh\Desktop\ISY5002-Project\datasets\raw-2026-week1\2704\20260915T080600Z_2704_0806_b3b85e5aa3d0.jpg
2704,C:\Users\Setekh\Desktop\ISY5002-Project\datasets\raw-2026-week1\2704\20260915T081600Z_2704_0816_c14fe6395b82.jpg
2704,C:\Users\Setekh\Desktop\ISY5002-Project\datasets\raw-2026-week1\2704\20260915T082600Z_2704_0826_c6f36429a72b.jpg
2704,C:\Users\Setekh\Desktop\ISY5002-Project\datasets\raw-2026-week1\2704\20260915T084041Z_2704_0840_9975e850b487.jpg
2704,C:\Users\Setekh\Desktop\ISY5002-Project\datasets\raw-2026-week1\2704\20260915T084541Z_2704_0845_29b635cc9850.jpg
2704,C:\Users\Setekh\Desktop\ISY5002-Project\datasets\raw-2026-week1\2704\20260915T085541Z_2704_0855_70981312d6ab.jpg
2704,C:\Users\Setekh\Desktop\ISY5002-Project\datasets\raw-2026-week1\2704\20260915T091042Z_2704_0910_34c63849d6d3.jpg
2704,C:\Users\Setekh\Desktop\ISY5002-Project\datasets\raw-2026-week1\2704\20260915T092042Z_2704_0920_67991710a819.jpg
2704,C:\Users\Setekh\Desktop\ISY5002-Project\datasets\raw-2026-week1\2704\20260915T092543Z_2704_0925_071d3f832779.jpg
2704,C:\Users\Setekh\Desktop\ISY5002-Project\datasets\raw-2026-week1\2704\20260915T094603Z_2704_0946_ee0a51167a4f.jpg
2704,C:\Users\Setekh\Desktop\ISY5002-Project\datasets\raw-2026-week1\2704\20260915T095544Z_2704_0955_9c84d4c64ee2.jpg
2704,C:\Users\Setekh\Desktop\ISY5002-Project\datasets\raw-2026-week1\2704\20260915T100544Z_2704_1005_de3d46843111.jpg
2704,C:\Users\Setekh\Desktop\ISY5002-Project\datasets\raw-2026-week1\2704\20260915T101544Z_2704_1015_edfc566f0263.jpg
2704,C:\Users\Setekh\Desktop\ISY5002-Project\datasets\raw-2026-week1\2704\20260915T103045Z_2704_1030_825aea845a96.jpg
2704,C:\Users\Setekh\Desktop\ISY5002-Project\datasets\raw-2026-week1\2704\20260915T103545Z_2704_1035_7e3d8034805a.jpg
2704,C:\Users\Setekh\Desktop\ISY5002-Project\datasets\raw-2026-week1\2704\20260915T105046Z_2704_1050_87ef0ae06f19.jpg
2704,C:\Users\Setekh\Desktop\ISY5002-Project\datasets\raw-2026-week1\2704\20260915T105546Z_2704_1055_8f93d102693e.jpg
2704,C:\Users\Setekh\Desktop\ISY5002-Project\datasets\raw-2026-week1\2704\20260915T110046Z_2704_1100_a90567317176.jpg
2704,C:\Users\Setekh\Desktop\ISY5002-Project\datasets\raw-2026-week1\2704\20260915T111026Z_2704_1110_a9da9e5e15b2.jpg
2704,C:\Users\Setekh\Desktop\ISY5002-Project\datasets\raw-2026-week1\2704\20260915T111547Z_2704_1115_e298aa0c3e5e.jpg
2704,C:\Users\Setekh\Desktop\ISY5002-Project\datasets\raw-2026-week1\2704\20260915T113027Z_2704_1130_11fa7b22977e.jpg
2704,C:\Users\Setekh\Desktop\ISY5002-Project\datasets\raw-2026-week1\2704\20260915T114047Z_2704_1140_b614bf8dea6e.jpg
2704,C:\Users\Setekh\Desktop\ISY5002-Project\datasets\raw-2026-week1\2704\20260915T115028Z_2704_1150_14eca4dd2d5a.jpg
2704,C:\Users\Setekh\Desktop\ISY5002-Project\datasets\raw-2026-week1\2704\20260915T120028Z_2704_1200_5a13a2796d7f.jpg
2704,C:\Users\Setekh\Desktop\ISY5002-Project\datasets\raw-2026-week1\2704\20260915T121049Z_2704_1210_c38d1e72412b.jpg
2704,C:\Users\Setekh\Desktop\ISY5002-Project\datasets\raw-2026-week1\2704\20260915T122049Z_2704_1220_4e960fc5f38a.jpg
2704,C:\Users\Setekh\Desktop\ISY5002-Project\datasets\raw-2026-week1\2704\20260915T123049Z_2704_1230_f3e1b98ed44a.jpg
2704,C:\Users\Setekh\Desktop\ISY5002-Project\datasets\raw-2026-week1\2704\20260915T124030Z_2704_1240_29888033e0ab.jpg
2704,C:\Users\Setekh\Desktop\ISY5002-Project\datasets\raw-2026-week1\2704\20260915T125030Z_2704_1250_9d97c759d01f.jpg
2704,C:\Users\Setekh\Desktop\ISY5002-Project\datasets\raw-2026-week1\2704\20260915T130030Z_2704_1300_711f12fa2375.jpg
2704,C:\Users\Setekh\Desktop\ISY5002-Project\datasets\raw-2026-week1\2704\20260915T131031Z_2704_1310_3472845ea474.jpg
2704,C:\Users\Setekh\Desktop\ISY5002-Project\datasets\raw-2026-week1\2704\20260915T132031Z_2704_1320_1c9065601340.jpg
2704,C:\Users\Setekh\Desktop\ISY5002-Project\datasets\raw-2026-week1\2704\20260915T133031Z_2704_1330_1ce86e152e84.jpg
2704,C:\Users\Setekh\Desktop\ISY5002-Project\datasets\raw-2026-week1\2704\20260915T134052Z_2704_1340_c4f0e5dd7ea4.jpg
2704,C:\Users\Setekh\Desktop\ISY5002-Project\datasets\raw-2026-week1\2704\20260915T135052Z_2704_1350_625f19e2c894.jpg
2704,C:\Users\Setekh\Desktop\ISY5002-Project\datasets\raw-2026-week1\2704\20260915T140053Z_2704_1400_792acaf8da86.jpg
2704,C:\Users\Setekh\Desktop\ISY5002-Project\datasets\raw-2026-week1\2704\20260915T141053Z_2704_1410_3ceeb19a3d66.jpg
2704,C:\Users\Setekh\Desktop\ISY5002-Project\datasets\raw-2026-week1\2704\20260915T142054Z_2704_1420_5a5113850078.jpg
2704,C:\Users\Setekh\Desktop\ISY5002-Project\datasets\raw-2026-week1\2704\20260915T143034Z_2704_1430_4eae968297f6.jpg
2704,C:\Users\Setekh\Desktop\ISY5002-Project\datasets\raw-2026-week1\2704\20260915T144034Z_2704_1440_073a8cd002a0.jpg
2704,C:\Users\Setekh\Desktop\ISY5002-Project\datasets\raw-2026-week1\2704\20260915T145055Z_2704_1450_41d7ba6e0d91.jpg
2704,C:\Users\Setekh\Desktop\ISY5002-Project\datasets\raw-2026-week1\2704\20260915T150055Z_2704_1500_f8cfcf1f6dcd.jpg
2704,C:\Users\Setekh\Desktop\ISY5002-Project\datasets\raw-2026-week1\2704\20260915T150555Z_2704_1505_006bfcf8556d.jpg
2704,C:\Users\Setekh\Desktop\ISY5002-Project\datasets\raw-2026-week1\2704\20260915T152036Z_2704_1520_83f34c8e2b8d.jpg
2704,C:\Users\Setekh\Desktop\ISY5002-Project\datasets\raw-2026-week1\2704\20260915T153036Z_2704_1530_e221fabfc0b9.jpg
2704,C:\Users\Setekh\Desktop\ISY5002-Project\datasets\raw-2026-week1\2704\20260915T154056Z_2704_1540_317f23e11958.jpg
2704,C:\Users\Setekh\Desktop\ISY5002-Project\datasets\raw-2026-week1\2704\20260915T155057Z_2704_1550_f779e233e5c0.jpg
2704,C:\Users\Setekh\Desktop\ISY5002-Project\datasets\raw-2026-week1\2704\20260915T160037Z_2704_1600_9c7477e6fc09.jpg
2704,C:\Users\Setekh\Desktop\ISY5002-Project\datasets\raw-2026-week1\2704\20260915T160537Z_2704_1605_df6da364ff51.jpg
2704,C:\Users\Setekh\Desktop\ISY5002-Project\datasets\raw-2026-week1\2704\20260915T162038Z_2704_1620_031a45682ad6.jpg
2704,C:\Users\Setekh\Desktop\ISY5002-Project\datasets\raw-2026-week1\2704\20260915T162558Z_2704_1625_fcaea5a32493.jpg
2704,C:\Users\Setekh\Desktop\ISY5002-Project\datasets\raw-2026-week1\2704\20260915T163558Z_2704_1635_d245900f0137.jpg
2704,C:\Users\Setekh\Desktop\ISY5002-Project\datasets\raw-2026-week1\2704\20260915T164039Z_2704_1640_120ebdcd9495.jpg
2704,C:\Users\Setekh\Desktop\ISY5002-Project\datasets\raw-2026-week1\2704\20260915T165039Z_2704_1650_c971819ff07e.jpg
2704,C:\Users\Setekh\Desktop\ISY5002-Project\datasets\raw-2026-week1\2704\20260915T165559Z_2704_1655_8076be5d54a5.jpg
2704,C:\Users\Setekh\Desktop\ISY5002-Project\datasets\raw-2026-week1\2704\20260915T170520Z_2704_1705_02677d00af51.jpg
2704,C:\Users\Setekh\Desktop\ISY5002-Project\datasets\raw-2026-week1\2704\20260915T172040Z_2704_1720_75f7affbd39e.jpg
2704,C:\Users\Setekh\Desktop\ISY5002-Project\datasets\raw-2026-week1\2704\20260915T172540Z_2704_1725_b4ae2c7740f0.jpg
2704,C:\Users\Setekh\Desktop\ISY5002-Project\datasets\raw-2026-week1\2704\20260915T173601Z_2704_1736_f8a0503c99ad.jpg
2704,C:\Users\Setekh\Desktop\ISY5002-Project\datasets\raw-2026-week1\2704\20260915T174601Z_2704_1746_e67a55154fd0.jpg
2704,C:\Users\Setekh\Desktop\ISY5002-Project\datasets\raw-2026-week1\2704\20260915T175541Z_2704_1755_745c7f9e8d90.jpg
2704,C:\Users\Setekh\Desktop\ISY5002-Project\datasets\raw-2026-week1\2704\20260915T181042Z_2704_1810_ef5ceb61d9fa.jpg
2704,C:\Users\Setekh\Desktop\ISY5002-Project\datasets\raw-2026-week1\2704\20260915T182042Z_2704_1820_4edc7a16d562.jpg
2704,C:\Users\Setekh\Desktop\ISY5002-Project\datasets\raw-2026-week1\2704\20260915T183023Z_2704_1830_c07646f4363f.jpg
2704,C:\Users\Setekh\Desktop\ISY5002-Project\datasets\raw-2026-week1\2704\20260915T183543Z_2704_1835_e043437a5210.jpg
2704,C:\Users\Setekh\Desktop\ISY5002-Project\datasets\raw-2026-week1\2704\20260915T184103Z_2704_1841_22afd5dcaecd.jpg
2704,C:\Users\Setekh\Desktop\ISY5002-Project\datasets\raw-2026-week1\2704\20260915T192525Z_2704_1925_5d47c8d6f036.jpg
2704,C:\Users\Setekh\Desktop\ISY5002-Project\datasets\raw-2026-week1\2704\20260915T194046Z_2704_1940_65466aefd32f.jpg
2704,C:\Users\Setekh\Desktop\ISY5002-Project\datasets\raw-2026-week1\2704\20260915T195046Z_2704_1950_55c856949870.jpg
2704,C:\Users\Setekh\Desktop\ISY5002-Project\datasets\raw-2026-week1\2704\20260915T200046Z_2704_2000_725d01b23fe5.jpg
2704,C:\Users\Setekh\Desktop\ISY5002-Project\datasets\raw-2026-week1\2704\20260915T201047Z_2704_2010_719cf1f5873c.jpg
2704,C:\Users\Setekh\Desktop\ISY5002-Project\datasets\raw-2026-week1\2704\20260915T202027Z_2704_2020_ad0b5e533085.jpg
2704,C:\Users\Setekh\Desktop\ISY5002-Project\datasets\raw-2026-week1\2704\20260915T203027Z_2704_2030_c0329f4e10c9.jpg
2704,C:\Users\Setekh\Desktop\ISY5002-Project\datasets\raw-2026-week1\2704\20260915T204028Z_2704_2040_22fd9d500f7a.jpg
2704,C:\Users\Setekh\Desktop\ISY5002-Project\datasets\raw-2026-week1\2704\20260915T205028Z_2704_2050_109e6fcd6c62.jpg
2704,C:\Users\Setekh\Desktop\ISY5002-Project\datasets\raw-2026-week1\2704\20260915T210028Z_2704_2100_185e3413f56f.jpg
2704,C:\Users\Setekh\Desktop\ISY5002-Project\datasets\raw-2026-week1\2704\20260915T210529Z_2704_2105_efeb1d95c51f.jpg
2704,C:\Users\Setekh\Desktop\ISY5002-Project\datasets\raw-2026-week1\2704\20260915T212049Z_2704_2120_9df11f72605d.jpg
2704,C:\Users\Setekh\Desktop\ISY5002-Project\datasets\raw-2026-week1\2704\20260915T212549Z_2704_2125_c816e962615e.jpg
2704,C:\Users\Setekh\Desktop\ISY5002-Project\datasets\raw-2026-week1\2704\20260915T213550Z_2704_2135_12dce561de0a.jpg
2704,C:\Users\Setekh\Desktop\ISY5002-Project\datasets\raw-2026-week1\2704\20260915T215050Z_2704_2150_75efc4e5c7c5.jpg
2704,C:\Users\Setekh\Desktop\ISY5002-Project\datasets\raw-2026-week1\2704\20260915T220031Z_2704_2200_3f2e3dfcd44f.jpg
2704,C:\Users\Setekh\Desktop\ISY5002-Project\datasets\raw-2026-week1\2704\20260915T221031Z_2704_2210_afb1fe2fa423.jpg
2704,C:\Users\Setekh\Desktop\ISY5002-Project\datasets\raw-2026-week1\2704\20260915T221551Z_2704_2215_2dcdf2efbe67.jpg
2704,C:\Users\Setekh\Desktop\ISY5002-Project\datasets\raw-2026-week1\2704\20260915T222031Z_2704_2220_1a100565eb73.jpg
2704,C:\Users\Setekh\Desktop\ISY5002-Project\datasets\raw-2026-week1\2704\20260915T223032Z_2704_2230_89738c78f2fd.jpg
2704,C:\Users\Setekh\Desktop\ISY5002-Project\datasets\raw-2026-week1\2704\20260915T224032Z_2704_2240_aa26ca51d277.jpg
2704,C:\Users\Setekh\Desktop\ISY5002-Project\datasets\raw-2026-week1\2704\20260915T225032Z_2704_2250_a09b1aabeffe.jpg
2704,C:\Users\Setekh\Desktop\ISY5002-Project\datasets\raw-2026-week1\2704\20260915T230053Z_2704_2300_e243833bf24d.jpg
2704,C:\Users\Setekh\Desktop\ISY5002-Project\datasets\raw-2026-week1\2704\20260915T231033Z_2704_2310_28a9b76546ce.jpg
2704,C:\Users\Setekh\Desktop\ISY5002-Project\datasets\raw-2026-week1\2704\20260915T232034Z_2704_2320_9efb3b3ececc.jpg
2704,C:\Users\Setekh\Desktop\ISY5002-Project\datasets\raw-2026-week1\2704\20260915T233054Z_2704_2330_45ef5bd20e7d.jpg
2704,C:\Users\Setekh\Desktop\ISY5002-Project\datasets\raw-2026-week1\2704\20260915T234054Z_2704_2340_6e0f5d921068.jpg
2704,C:\Users\Setekh\Desktop\ISY5002-Project\datasets\raw-2026-week1\2704\20260915T235035Z_2704_2350_9b7927006ebc.jpg
2704,C:\Users\Setekh\Desktop\ISY5002-Project\datasets\raw-2026-week1\2704\20260916T000055Z_2704_0000_d075fce4851f.jpg
2704,C:\Users\Setekh\Desktop\ISY5002-Project\datasets\raw-2026-week1\2704\20260916T001035Z_2704_0010_1ab67db829e7.jpg
2704,C:\Users\Setekh\Desktop\ISY5002-Project\datasets\raw-2026-week1\2704\20260916T002056Z_2704_0020_61d427b4a0f5.jpg
2704,C:\Users\Setekh\Desktop\ISY5002-Project\datasets\raw-2026-week1\2704\20260916T003036Z_2704_0030_4c3084483309.jpg
2704,C:\Users\Setekh\Desktop\ISY5002-Project\datasets\raw-2026-week1\2704\20260916T003536Z_2704_0035_0335379b9939.jpg
2704,C:\Users\Setekh\Desktop\ISY5002-Project\datasets\raw-2026-week1\2704\20260916T005037Z_2704_0050_7966ce1ffacf.jpg
2704,C:\Users\Setekh\Desktop\ISY5002-Project\datasets\raw-2026-week1\2704\20260916T005557Z_2704_0055_472da9b75d0c.jpg
2704,C:\Users\Setekh\Desktop\ISY5002-Project\datasets\raw-2026-week1\2704\20260916T011058Z_2704_0110_b02476279935.jpg
2704,C:\Users\Setekh\Desktop\ISY5002-Project\datasets\raw-2026-week1\2704\20260916T012038Z_2704_0120_c14908d8a893.jpg
2704,C:\Users\Setekh\Desktop\ISY5002-Project\datasets\raw-2026-week1\2704\20260916T013018Z_2704_0130_0e4fee00e69d.jpg
2704,C:\Users\Setekh\Desktop\ISY5002-Project\datasets\raw-2026-week1\2704\20260916T014039Z_2704_0140_891bcac7c223.jpg
2704,C:\Users\Setekh\Desktop\ISY5002-Project\datasets\raw-2026-week1\2704\20260916T015039Z_2704_0150_3e1e53ca85b1.jpg
2704,C:\Users\Setekh\Desktop\ISY5002-Project\datasets\raw-2026-week1\2704\20260916T020039Z_2704_0200_cc1e35143c56.jpg
2704,C:\Users\Setekh\Desktop\ISY5002-Project\datasets\raw-2026-week1\2704\20260916T021040Z_2704_0210_82499ae729b2.jpg
2704,C:\Users\Setekh\Desktop\ISY5002-Project\datasets\raw-2026-week1\2704\20260916T022040Z_2704_0220_6270e124f583.jpg
2704,C:\Users\Setekh\Desktop\ISY5002-Project\datasets\raw-2026-week1\2704\20260916T023040Z_2704_0230_c405244787c2.jpg
2704,C:\Users\Setekh\Desktop\ISY5002-Project\datasets\raw-2026-week1\2704\20260916T024041Z_2704_0240_b48c691f86b3.jpg
2704,C:\Users\Setekh\Desktop\ISY5002-Project\datasets\raw-2026-week1\2704\20260916T024521Z_2704_0245_cc847da93b9d.jpg
2704,C:\Users\Setekh\Desktop\ISY5002-Project\datasets\raw-2026-week1\2704\20260916T030522Z_2704_0305_b4c63c2bf61d.jpg
2704,C:\Users\Setekh\Desktop\ISY5002-Project\datasets\raw-2026-week1\2704\20260916T032042Z_2704_0320_6466c692ce75.jpg
2704,C:\Users\Setekh\Desktop\ISY5002-Project\datasets\raw-2026-week1\2704\20260916T032542Z_2704_0325_b695512af709.jpg
2704,C:\Users\Setekh\Desktop\ISY5002-Project\datasets\raw-2026-week1\2704\20260916T033543Z_2704_0335_387ed00d5295.jpg
2704,C:\Users\Setekh\Desktop\ISY5002-Project\datasets\raw-2026-week1\2704\20260916T034603Z_2704_0346_35aeefdaa32f.jpg
2704,C:\Users\Setekh\Desktop\ISY5002-Project\datasets\raw-2026-week1\2704\20260916T035544Z_2704_0355_855c5b4a27d7.jpg
2704,C:\Users\Setekh\Desktop\ISY5002-Project\datasets\raw-2026-week1\2704\20260916T040044Z_2704_0400_70059f864e93.jpg
2704,C:\Users\Setekh\Desktop\ISY5002-Project\datasets\raw-2026-week1\2704\20260916T041024Z_2704_0410_a43833101f54.jpg
2704,C:\Users\Setekh\Desktop\ISY5002-Project\datasets\raw-2026-week1\2704\20260916T042044Z_2704_0420_cfbab54027e1.jpg
2704,C:\Users\Setekh\Desktop\ISY5002-Project\datasets\raw-2026-week1\2704\20260916T043025Z_2704_0430_6fdd3e9174b4.jpg
2704,C:\Users\Setekh\Desktop\ISY5002-Project\datasets\raw-2026-week1\2704\20260916T044045Z_2704_0440_552167f08c7c.jpg
2704,C:\Users\Setekh\Desktop\ISY5002-Project\datasets\raw-2026-week1\2704\20260916T045025Z_2704_0450_ef86caa222a9.jpg
2704,C:\Users\Setekh\Desktop\ISY5002-Project\datasets\raw-2026-week1\2704\20260916T050046Z_2704_0500_c12dce30efff.jpg
2704,C:\Users\Setekh\Desktop\ISY5002-Project\datasets\raw-2026-week1\2704\20260916T050526Z_2704_0505_1b56cee22685.jpg
2704,C:\Users\Setekh\Desktop\ISY5002-Project\datasets\raw-2026-week1\2704\20260916T052047Z_2704_0520_f35507b6d533.jpg
2704,C:\Users\Setekh\Desktop\ISY5002-Project\datasets\raw-2026-week1\2704\20260916T053027Z_2704_0530_f366abf98207.jpg
2704,C:\Users\Setekh\Desktop\ISY5002-Project\datasets\raw-2026-week1\2704\20260916T054047Z_2704_0540_d0b1edc0d1d7.jpg
2704,C:\Users\Setekh\Desktop\ISY5002-Project\datasets\raw-2026-week1\2704\20260916T055028Z_2704_0550_27ff0ed36fe6.jpg
2704,C:\Users\Setekh\Desktop\ISY5002-Project\datasets\raw-2026-week1\2704\20260916T060028Z_2704_0600_549605a735c3.jpg
2704,C:\Users\Setekh\Desktop\ISY5002-Project\datasets\raw-2026-week1\2704\20260916T061028Z_2704_0610_354ff50b5eda.jpg
2704,C:\Users\Setekh\Desktop\ISY5002-Project\datasets\raw-2026-week1\2704\20260916T062049Z_2704_0620_d72b15704439.jpg
2704,C:\Users\Setekh\Desktop\ISY5002-Project\datasets\raw-2026-week1\2704\20260916T063049Z_2704_0630_1201cb5003cf.jpg
2704,C:\Users\Setekh\Desktop\ISY5002-Project\datasets\raw-2026-week1\2704\20260916T064050Z_2704_0640_55149ba7fce9.jpg
2704,C:\Users\Setekh\Desktop\ISY5002-Project\datasets\raw-2026-week1\2704\20260916T065030Z_2704_0650_284e9f720fcb.jpg
2704,C:\Users\Setekh\Desktop\ISY5002-Project\datasets\raw-2026-week1\2704\20260916T070030Z_2704_0700_fdb074cf6e85.jpg
2704,C:\Users\Setekh\Desktop\ISY5002-Project\datasets\raw-2026-week1\2704\20260916T071051Z_2704_0710_d23b23dcfa76.jpg
2704,C:\Users\Setekh\Desktop\ISY5002-Project\datasets\raw-2026-week1\2704\20260916T072051Z_2704_0720_2f3696c7189f.jpg
2704,C:\Users\Setekh\Desktop\ISY5002-Project\datasets\raw-2026-week1\2704\20260916T073051Z_2704_0730_2215750d2645.jpg
2704,C:\Users\Setekh\Desktop\ISY5002-Project\datasets\raw-2026-week1\2704\20260916T074052Z_2704_0740_9a7de8c5d32c.jpg
2704,C:\Users\Setekh\Desktop\ISY5002-Project\datasets\raw-2026-week1\2704\20260916T075052Z_2704_0750_24f70f1a308e.jpg
2704,C:\Users\Setekh\Desktop\ISY5002-Project\datasets\raw-2026-week1\2704\20260916T080052Z_2704_0800_33cc7d66d6e7.jpg
2704,C:\Users\Setekh\Desktop\ISY5002-Project\datasets\raw-2026-week1\2704\20260916T080533Z_2704_0805_97469f2c09a1.jpg
2704,C:\Users\Setekh\Desktop\ISY5002-Project\datasets\raw-2026-week1\2704\20260916T082033Z_2704_0820_5a8d76ff099d.jpg
2704,C:\Users\Setekh\Desktop\ISY5002-Project\datasets\raw-2026-week1\2704\20260916T083034Z_2704_0830_000d4ea994f4.jpg
2704,C:\Users\Setekh\Desktop\ISY5002-Project\datasets\raw-2026-week1\2704\20260916T084054Z_2704_0840_b3a536281018.jpg
2704,C:\Users\Setekh\Desktop\ISY5002-Project\datasets\raw-2026-week1\2704\20260916T085034Z_2704_0850_ed7e6f10563e.jpg
2704,C:\Users\Setekh\Desktop\ISY5002-Project\datasets\raw-2026-week1\2704\20260916T090035Z_2704_0900_6d1db9fd955b.jpg
2704,C:\Users\Setekh\Desktop\ISY5002-Project\datasets\raw-2026-week1\2704\20260916T091035Z_2704_0910_8fb9a7a40efb.jpg
2704,C:\Users\Setekh\Desktop\ISY5002-Project\datasets\raw-2026-week1\2704\20260916T092035Z_2704_0920_a7b711bfe4b1.jpg
2704,C:\Users\Setekh\Desktop\ISY5002-Project\datasets\raw-2026-week1\2704\20260916T093036Z_2704_0930_75210dcaf34c.jpg
2704,C:\Users\Setekh\Desktop\ISY5002-Project\datasets\raw-2026-week1\2704\20260916T093556Z_2704_0935_bb8585cd06d8.jpg
2704,C:\Users\Setekh\Desktop\ISY5002-Project\datasets\raw-2026-week1\2704\20260916T094036Z_2704_0940_12d0a958653f.jpg
2704,C:\Users\Setekh\Desktop\ISY5002-Project\datasets\raw-2026-week1\2704\20260916T094536Z_2704_0945_03cc8567aa6d.jpg
2704,C:\Users\Setekh\Desktop\ISY5002-Project\datasets\raw-2026-week1\2704\20260916T100037Z_2704_1000_4475fc97822e.jpg
2704,C:\Users\Setekh\Desktop\ISY5002-Project\datasets\raw-2026-week1\2704\20260916T101037Z_2704_1010_7f3facd80294.jpg
2704,C:\Users\Setekh\Desktop\ISY5002-Project\datasets\raw-2026-week1\2704\20260916T102037Z_2704_1020_6a4934e9b8c2.jpg
2704,C:\Users\Setekh\Desktop\ISY5002-Project\datasets\raw-2026-week1\2704\20260916T103038Z_2704_1030_152c5906f250.jpg
2704,C:\Users\Setekh\Desktop\ISY5002-Project\datasets\raw-2026-week1\2704\20260916T104038Z_2704_1040_a5ce5071a1bc.jpg
2704,C:\Users\Setekh\Desktop\ISY5002-Project\datasets\raw-2026-week1\2704\20260916T105038Z_2704_1050_1716d114a510.jpg
2704,C:\Users\Setekh\Desktop\ISY5002-Project\datasets\raw-2026-week1\2704\20260916T105559Z_2704_1055_b717f9bc0ac0.jpg
2704,C:\Users\Setekh\Desktop\ISY5002-Project\datasets\raw-2026-week1\2704\20260916T111039Z_2704_1110_6bc2322e4b8f.jpg
2704,C:\Users\Setekh\Desktop\ISY5002-Project\datasets\raw-2026-week1\2704\20260916T111539Z_2704_1115_d967d1192b52.jpg
2704,C:\Users\Setekh\Desktop\ISY5002-Project\datasets\raw-2026-week1\2704\20260916T113020Z_2704_1130_27233883fe3b.jpg
2704,C:\Users\Setekh\Desktop\ISY5002-Project\datasets\raw-2026-week1\2704\20260916T114040Z_2704_1140_48bcb234e039.jpg
2704,C:\Users\Setekh\Desktop\ISY5002-Project\datasets\raw-2026-week1\2704\20260916T115041Z_2704_1150_51657a5c8916.jpg
2704,C:\Users\Setekh\Desktop\ISY5002-Project\datasets\raw-2026-week1\2704\20260916T120041Z_2704_1200_e4e5f28a3574.jpg
2704,C:\Users\Setekh\Desktop\ISY5002-Project\datasets\raw-2026-week1\2704\20260916T121041Z_2704_1210_388dadbae75b.jpg
2704,C:\Users\Setekh\Desktop\ISY5002-Project\datasets\raw-2026-week1\2704\20260916T121542Z_2704_1215_a2266969c537.jpg
2704,C:\Users\Setekh\Desktop\ISY5002-Project\datasets\raw-2026-week1\2704\20260916T123042Z_2704_1230_766fd99cb6ee.jpg
2704,C:\Users\Setekh\Desktop\ISY5002-Project\datasets\raw-2026-week1\2704\20260916T124042Z_2704_1240_cc6d4956f5b2.jpg
2704,C:\Users\Setekh\Desktop\ISY5002-Project\datasets\raw-2026-week1\2704\20260916T124603Z_2704_1246_3cb9ceb357c6.jpg
2704,C:\Users\Setekh\Desktop\ISY5002-Project\datasets\raw-2026-week1\2704\20260916T130043Z_2704_1300_936df63d1ef5.jpg
2704,C:\Users\Setekh\Desktop\ISY5002-Project\datasets\raw-2026-week1\2704\20260916T130543Z_2704_1305_b0e3fb73753d.jpg
2704,C:\Users\Setekh\Desktop\ISY5002-Project\datasets\raw-2026-week1\2704\20260916T132044Z_2704_1320_b9b26057c2ec.jpg
2704,C:\Users\Setekh\Desktop\ISY5002-Project\datasets\raw-2026-week1\2704\20260916T133044Z_2704_1330_0f4a1fae55e2.jpg
2704,C:\Users\Setekh\Desktop\ISY5002-Project\datasets\raw-2026-week1\2704\20260916T134045Z_2704_1340_b7888df49b6d.jpg
2704,C:\Users\Setekh\Desktop\ISY5002-Project\datasets\raw-2026-week1\2704\20260916T135045Z_2704_1350_118a22526313.jpg
2704,C:\Users\Setekh\Desktop\ISY5002-Project\datasets\raw-2026-week1\2704\20260916T140045Z_2704_1400_126328b7e3b0.jpg
2704,C:\Users\Setekh\Desktop\ISY5002-Project\datasets\raw-2026-week1\2704\20260916T141606Z_2704_1416_1fce691606d9.jpg
2704,C:\Users\Setekh\Desktop\ISY5002-Project\datasets\raw-2026-week1\2704\20260916T143046Z_2704_1430_dfce86179272.jpg
2704,C:\Users\Setekh\Desktop\ISY5002-Project\datasets\raw-2026-week1\2704\20260916T145047Z_2704_1450_eb862202b585.jpg
2704,C:\Users\Setekh\Desktop\ISY5002-Project\datasets\raw-2026-week1\2704\20260916T150048Z_2704_1500_887b8c90d6b7.jpg
2704,C:\Users\Setekh\Desktop\ISY5002-Project\datasets\raw-2026-week1\2704\20260916T151048Z_2704_1510_7a49f02a97e8.jpg
2704,C:\Users\Setekh\Desktop\ISY5002-Project\datasets\raw-2026-week1\2704\20260916T151548Z_2704_1515_dc74dcc31b75.jpg
2704,C:\Users\Setekh\Desktop\ISY5002-Project\datasets\raw-2026-week1\2704\20260916T152048Z_2704_1520_f5a967e2285b.jpg
2704,C:\Users\Setekh\Desktop\ISY5002-Project\datasets\raw-2026-week1\2704\20260916T153049Z_2704_1530_f7e0f7f3371b.jpg
2704,C:\Users\Setekh\Desktop\ISY5002-Project\datasets\raw-2026-week1\2704\20260916T154049Z_2704_1540_42ac812e2b19.jpg
2704,C:\Users\Setekh\Desktop\ISY5002-Project\datasets\raw-2026-week1\2704\20260916T155049Z_2704_1550_728e11c499ed.jpg
2704,C:\Users\Setekh\Desktop\ISY5002-Project\datasets\raw-2026-week1\2704\20260916T160030Z_2704_1600_e58c1352bd9e.jpg
2704,C:\Users\Setekh\Desktop\ISY5002-Project\datasets\raw-2026-week1\2704\20260916T160550Z_2704_1605_dc01284ff78c.jpg
2704,C:\Users\Setekh\Desktop\ISY5002-Project\datasets\raw-2026-week1\2704\20260916T162031Z_2704_1620_23cdc425a952.jpg
2704,C:\Users\Setekh\Desktop\ISY5002-Project\datasets\raw-2026-week1\2704\20260916T163031Z_2704_1630_84c48d444ff4.jpg
2704,C:\Users\Setekh\Desktop\ISY5002-Project\datasets\raw-2026-week1\2704\20260916T164031Z_2704_1640_5445e1779e7f.jpg
2704,C:\Users\Setekh\Desktop\ISY5002-Project\datasets\raw-2026-week1\2704\20260916T165032Z_2704_1650_9514cc76cf24.jpg
2704,C:\Users\Setekh\Desktop\ISY5002-Project\datasets\raw-2026-week1\2704\20260916T170032Z_2704_1700_a2f3c16823ef.jpg
2704,C:\Users\Setekh\Desktop\ISY5002-Project\datasets\raw-2026-week1\2704\20260916T171052Z_2704_1710_80f5b55f6f18.jpg
2704,C:\Users\Setekh\Desktop\ISY5002-Project\datasets\raw-2026-week1\2704\20260916T172033Z_2704_1720_85807a517232.jpg
2704,C:\Users\Setekh\Desktop\ISY5002-Project\datasets\raw-2026-week1\2704\20260916T173033Z_2704_1730_c2f4529c4b73.jpg
2704,C:\Users\Setekh\Desktop\ISY5002-Project\datasets\raw-2026-week1\2704\20260916T174033Z_2704_1740_055fca349f69.jpg
2704,C:\Users\Setekh\Desktop\ISY5002-Project\datasets\raw-2026-week1\2704\20260916T175034Z_2704_1750_83b14ce25ac2.jpg
2704,C:\Users\Setekh\Desktop\ISY5002-Project\datasets\raw-2026-week1\2704\20260916T180034Z_2704_1800_e4374feff2c0.jpg
2704,C:\Users\Setekh\Desktop\ISY5002-Project\datasets\raw-2026-week1\2704\20260916T181035Z_2704_1810_40972b7f96b1.jpg
2704,C:\Users\Setekh\Desktop\ISY5002-Project\datasets\raw-2026-week1\2704\20260916T182035Z_2704_1820_e0966c36827b.jpg
2704,C:\Users\Setekh\Desktop\ISY5002-Project\datasets\raw-2026-week1\2704\20260916T183035Z_2704_1830_bd2d5fc5275d.jpg
2704,C:\Users\Setekh\Desktop\ISY5002-Project\datasets\raw-2026-week1\2704\20260916T184036Z_2704_1840_4c17dec79cb1.jpg
2704,C:\Users\Setekh\Desktop\ISY5002-Project\datasets\raw-2026-week1\2704\20260916T184556Z_2704_1845_507249ca0272.jpg
2704,C:\Users\Setekh\Desktop\ISY5002-Project\datasets\raw-2026-week1\2704\20260916T190036Z_2704_1900_2d952a4136f3.jpg
2704,C:\Users\Setekh\Desktop\ISY5002-Project\datasets\raw-2026-week1\2704\20260916T191037Z_2704_1910_8eea2a225322.jpg
2704,C:\Users\Setekh\Desktop\ISY5002-Project\datasets\raw-2026-week1\2704\20260916T192037Z_2704_1920_b16573edb2d3.jpg
2704,C:\Users\Setekh\Desktop\ISY5002-Project\datasets\raw-2026-week1\2704\20260916T193038Z_2704_1930_0cc6fc1b2d1d.jpg
2704,C:\Users\Setekh\Desktop\ISY5002-Project\datasets\raw-2026-week1\2704\20260916T194038Z_2704_1940_c65813fb6d61.jpg
2704,C:\Users\Setekh\Desktop\ISY5002-Project\datasets\raw-2026-week1\2704\20260916T195038Z_2704_1950_cdb50c06178f.jpg
2704,C:\Users\Setekh\Desktop\ISY5002-Project\datasets\raw-2026-week1\2704\20260916T200039Z_2704_2000_537898ebe502.jpg
2704,C:\Users\Setekh\Desktop\ISY5002-Project\datasets\raw-2026-week1\2704\20260916T201039Z_2704_2010_475d5c62725d.jpg
2704,C:\Users\Setekh\Desktop\ISY5002-Project\datasets\raw-2026-week1\2704\20260916T202039Z_2704_2020_c980be0462fe.jpg
2704,C:\Users\Setekh\Desktop\ISY5002-Project\datasets\raw-2026-week1\2704\20260916T203040Z_2704_2030_add8be7da05b.jpg
2704,C:\Users\Setekh\Desktop\ISY5002-Project\datasets\raw-2026-week1\2704\20260916T204040Z_2704_2040_4f4086a856b8.jpg
2704,C:\Users\Setekh\Desktop\ISY5002-Project\datasets\raw-2026-week1\2704\20260916T205041Z_2704_2050_dd3cf43d7fd5.jpg
2704,C:\Users\Setekh\Desktop\ISY5002-Project\datasets\raw-2026-week1\2704\20260916T205601Z_2704_2056_fb47a46c8bb4.jpg
2704,C:\Users\Setekh\Desktop\ISY5002-Project\datasets\raw-2026-week1\2704\20260916T210541Z_2704_2105_793455d7a3cb.jpg
2704,C:\Users\Setekh\Desktop\ISY5002-Project\datasets\raw-2026-week1\2704\20260916T212042Z_2704_2120_0c1f2766a6f6.jpg
2704,C:\Users\Setekh\Desktop\ISY5002-Project\datasets\raw-2026-week1\2704\20260916T212542Z_2704_2125_34720a0aa985.jpg
2704,C:\Users\Setekh\Desktop\ISY5002-Project\datasets\raw-2026-week1\2704\20260916T214043Z_2704_2140_51a5ace2fa23.jpg
2704,C:\Users\Setekh\Desktop\ISY5002-Project\datasets\raw-2026-week1\2704\20260916T214603Z_2704_2146_08a25d32e91d.jpg
2704,C:\Users\Setekh\Desktop\ISY5002-Project\datasets\raw-2026-week1\2704\20260916T220023Z_2704_2200_eb2e4d3dd814.jpg
2704,C:\Users\Setekh\Desktop\ISY5002-Project\datasets\raw-2026-week1\2704\20260916T220523Z_2704_2205_9096cd140379.jpg
2704,C:\Users\Setekh\Desktop\ISY5002-Project\datasets\raw-2026-week1\2704\20260916T222044Z_2704_2220_f8d0af30bea9.jpg
2704,C:\Users\Setekh\Desktop\ISY5002-Project\datasets\raw-2026-week1\2704\20260916T223024Z_2704_2230_f4f4cb0c410a.jpg
2704,C:\Users\Setekh\Desktop\ISY5002-Project\datasets\raw-2026-week1\2704\20260916T224045Z_2704_2240_851993fe9a25.jpg
2704,C:\Users\Setekh\Desktop\ISY5002-Project\datasets\raw-2026-week1\2704\20260916T225045Z_2704_2250_d9890296be78.jpg
2704,C:\Users\Setekh\Desktop\ISY5002-Project\datasets\raw-2026-week1\2704\20260916T230025Z_2704_2300_43d4291617a5.jpg
2704,C:\Users\Setekh\Desktop\ISY5002-Project\datasets\raw-2026-week1\2704\20260916T231046Z_2704_2310_df88a0d1dd1b.jpg
2704,C:\Users\Setekh\Desktop\ISY5002-Project\datasets\raw-2026-week1\2704\20260916T232026Z_2704_2320_cf24e109fd27.jpg
2704,C:\Users\Setekh\Desktop\ISY5002-Project\datasets\raw-2026-week1\2704\20260916T233027Z_2704_2330_98db78fd4926.jpg
2704,C:\Users\Setekh\Desktop\ISY5002-Project\datasets\raw-2026-week1\2704\20260916T234047Z_2704_2340_de71e4314eb4.jpg
2704,C:\Users\Setekh\Desktop\ISY5002-Project\datasets\raw-2026-week1\2704\20260916T235027Z_2704_2350_323b6e58fd4a.jpg
2704,C:\Users\Setekh\Desktop\ISY5002-Project\datasets\raw-2026-week1\2704\20260917T000028Z_2704_0000_e2209dea106b.jpg
2704,C:\Users\Setekh\Desktop\ISY5002-Project\datasets\raw-2026-week1\2704\20260917T001028Z_2704_0010_9192151b070e.jpg
2704,C:\Users\Setekh\Desktop\ISY5002-Project\datasets\raw-2026-week1\2704\20260917T002028Z_2704_0020_7aa84bd1d205.jpg
2704,C:\Users\Setekh\Desktop\ISY5002-Project\datasets\raw-2026-week1\2704\20260917T003029Z_2704_0030_e6af4c6a495d.jpg
2704,C:\Users\Setekh\Desktop\ISY5002-Project\datasets\raw-2026-week1\2704\20260917T004029Z_2704_0040_f7d57eb29fd1.jpg
2704,C:\Users\Setekh\Desktop\ISY5002-Project\datasets\raw-2026-week1\2704\20260917T005029Z_2704_0050_43f25c1e946d.jpg
2704,C:\Users\Setekh\Desktop\ISY5002-Project\datasets\raw-2026-week1\2704\20260917T010050Z_2704_0100_5ba0993d2213.jpg
2704,C:\Users\Setekh\Desktop\ISY5002-Project\datasets\raw-2026-week1\2704\20260917T011050Z_2704_0110_1d70463e7b98.jpg
2704,C:\Users\Setekh\Desktop\ISY5002-Project\datasets\raw-2026-week1\2704\20260917T011530Z_2704_0115_9e497ca4d63b.jpg
2704,C:\Users\Setekh\Desktop\ISY5002-Project\datasets\raw-2026-week1\2704\20260917T012531Z_2704_0125_4ec903a628d0.jpg
2704,C:\Users\Setekh\Desktop\ISY5002-Project\datasets\raw-2026-week1\2704\20260917T014031Z_2704_0140_d6ac091a02c6.jpg
2704,C:\Users\Setekh\Desktop\ISY5002-Project\datasets\raw-2026-week1\2704\20260917T015052Z_2704_0150_b4a5ec627e9f.jpg
2704,C:\Users\Setekh\Desktop\ISY5002-Project\datasets\raw-2026-week1\2704\20260917T020032Z_2704_0200_252e775f144d.jpg
2704,C:\Users\Setekh\Desktop\ISY5002-Project\datasets\raw-2026-week1\2704\20260917T021052Z_2704_0210_dbda15e314bc.jpg
2704,C:\Users\Setekh\Desktop\ISY5002-Project\datasets\raw-2026-week1\2704\20260917T021553Z_2704_0215_7b53e5c8f04f.jpg
2704,C:\Users\Setekh\Desktop\ISY5002-Project\datasets\raw-2026-week1\2704\20260917T023033Z_2704_0230_dbc301362495.jpg
2704,C:\Users\Setekh\Desktop\ISY5002-Project\datasets\raw-2026-week1\2704\20260917T023533Z_2704_0235_c2acb7d6bd88.jpg
2704,C:\Users\Setekh\Desktop\ISY5002-Project\datasets\raw-2026-week1\2704\20260917T024054Z_2704_0240_8847cf93949c.jpg
2704,C:\Users\Setekh\Desktop\ISY5002-Project\datasets\raw-2026-week1\2704\20260917T025034Z_2704_0250_8a3b2857eecc.jpg
2704,C:\Users\Setekh\Desktop\ISY5002-Project\datasets\raw-2026-week1\2704\20260917T030034Z_2704_0300_d48ae223a76d.jpg
2704,C:\Users\Setekh\Desktop\ISY5002-Project\datasets\raw-2026-week1\2704\20260917T031035Z_2704_0310_3dd28463d62c.jpg
2704,C:\Users\Setekh\Desktop\ISY5002-Project\datasets\raw-2026-week1\2704\20260917T032035Z_2704_0320_25d600f726eb.jpg
2704,C:\Users\Setekh\Desktop\ISY5002-Project\datasets\raw-2026-week1\2704\20260917T033055Z_2704_0330_511db6e0f4a1.jpg
2704,C:\Users\Setekh\Desktop\ISY5002-Project\datasets\raw-2026-week1\2704\20260917T033536Z_2704_0335_87e41241f758.jpg
2704,C:\Users\Setekh\Desktop\ISY5002-Project\datasets\raw-2026-week1\2704\20260917T035036Z_2704_0350_7b5c81ccfd8b.jpg
2704,C:\Users\Setekh\Desktop\ISY5002-Project\datasets\raw-2026-week1\2704\20260917T040056Z_2704_0400_a6bd090fa1b6.jpg
2704,C:\Users\Setekh\Desktop\ISY5002-Project\datasets\raw-2026-week1\2704\20260917T040537Z_2704_0405_3304257b2417.jpg
2704,C:\Users\Setekh\Desktop\ISY5002-Project\datasets\raw-2026-week1\2704\20260917T042037Z_2704_0420_97adfe3e7e4a.jpg
2704,C:\Users\Setekh\Desktop\ISY5002-Project\datasets\raw-2026-week1\2704\20260917T043038Z_2704_0430_2d73db8ca88f.jpg
2704,C:\Users\Setekh\Desktop\ISY5002-Project\datasets\raw-2026-week1\2704\20260917T043538Z_2704_0435_8aa6955f85cd.jpg
2704,C:\Users\Setekh\Desktop\ISY5002-Project\datasets\raw-2026-week1\2704\20260917T045038Z_2704_0450_48bb83f916e5.jpg
2704,C:\Users\Setekh\Desktop\ISY5002-Project\datasets\raw-2026-week1\2704\20260917T045558Z_2704_0455_fa498b4c98f4.jpg
2704,C:\Users\Setekh\Desktop\ISY5002-Project\datasets\raw-2026-week1\2704\20260917T051039Z_2704_0510_8e34fb5b30d1.jpg
2704,C:\Users\Setekh\Desktop\ISY5002-Project\datasets\raw-2026-week1\2704\20260917T051559Z_2704_0515_a8007a9c2971.jpg
2704,C:\Users\Setekh\Desktop\ISY5002-Project\datasets\raw-2026-week1\2704\20260917T052600Z_2704_0526_05641f895e8c.jpg
2704,C:\Users\Setekh\Desktop\ISY5002-Project\datasets\raw-2026-week1\2704\20260917T053600Z_2704_0536_361f90485c1c.jpg
2704,C:\Users\Setekh\Desktop\ISY5002-Project\datasets\raw-2026-week1\2704\20260917T054540Z_2704_0545_0f53febb9589.jpg
2704,C:\Users\Setekh\Desktop\ISY5002-Project\datasets\raw-2026-week1\2704\20260917T055601Z_2704_0556_d0283d38a0b2.jpg
2704,C:\Users\Setekh\Desktop\ISY5002-Project\datasets\raw-2026-week1\2704\20260917T061021Z_2704_0610_5520492daa68.jpg
2704,C:\Users\Setekh\Desktop\ISY5002-Project\datasets\raw-2026-week1\2704\20260917T062041Z_2704_0620_2c5bf1811195.jpg
2704,C:\Users\Setekh\Desktop\ISY5002-Project\datasets\raw-2026-week1\2704\20260917T063022Z_2704_0630_68dcd23cc776.jpg
2704,C:\Users\Setekh\Desktop\ISY5002-Project\datasets\raw-2026-week1\2704\20260917T063542Z_2704_0635_8726b94fdd58.jpg
2704,C:\Users\Setekh\Desktop\ISY5002-Project\datasets\raw-2026-week1\2704\20260917T065022Z_2704_0650_26ab4075d38a.jpg
2704,C:\Users\Setekh\Desktop\ISY5002-Project\datasets\raw-2026-week1\2704\20260917T070023Z_2704_0700_38881dd740a7.jpg
2704,C:\Users\Setekh\Desktop\ISY5002-Project\datasets\raw-2026-week1\2704\20260917T070523Z_2704_0705_a239a374d6b3.jpg
2704,C:\Users\Setekh\Desktop\ISY5002-Project\datasets\raw-2026-week1\2704\20260917T072044Z_2704_0720_e08f39ad5308.jpg
2704,C:\Users\Setekh\Desktop\ISY5002-Project\datasets\raw-2026-week1\2704\20260917T072604Z_2704_0726_0c6c2a89524c.jpg
2704,C:\Users\Setekh\Desktop\ISY5002-Project\datasets\raw-2026-week1\2704\20260917T073544Z_2704_0735_d9078e7b4c93.jpg
2704,C:\Users\Setekh\Desktop\ISY5002-Project\datasets\raw-2026-week1\2704\20260917T075025Z_2704_0750_23c1e2e86092.jpg
2704,C:\Users\Setekh\Desktop\ISY5002-Project\datasets\raw-2026-week1\2704\20260917T080025Z_2704_0800_1b6c8a9fcd76.jpg
2704,C:\Users\Setekh\Desktop\ISY5002-Project\datasets\raw-2026-week1\2704\20260917T081045Z_2704_0810_82b7e4c27b48.jpg
2704,C:\Users\Setekh\Desktop\ISY5002-Project\datasets\raw-2026-week1\2704\20260917T081546Z_2704_0815_fa1e62fc7a0e.jpg
2704,C:\Users\Setekh\Desktop\ISY5002-Project\datasets\raw-2026-week1\2704\20260917T082046Z_2704_0820_d0218289e71c.jpg
2704,C:\Users\Setekh\Desktop\ISY5002-Project\datasets\raw-2026-week1\2704\20260917T082546Z_2704_0825_2a08feb7cdf9.jpg
2704,C:\Users\Setekh\Desktop\ISY5002-Project\datasets\raw-2026-week1\2704\20260917T084046Z_2704_0840_0b47a1c9347d.jpg
2704,C:\Users\Setekh\Desktop\ISY5002-Project\datasets\raw-2026-week1\2704\20260917T085047Z_2704_0850_1ff4cf99cafa.jpg
2704,C:\Users\Setekh\Desktop\ISY5002-Project\datasets\raw-2026-week1\2704\20260917T090027Z_2704_0900_e846e2760dd8.jpg
2704,C:\Users\Setekh\Desktop\ISY5002-Project\datasets\raw-2026-week1\2704\20260917T091048Z_2704_0910_d90429442ffe.jpg
2704,C:\Users\Setekh\Desktop\ISY5002-Project\datasets\raw-2026-week1\2704\20260917T092048Z_2704_0920_aa51fc508aa2.jpg
2704,C:\Users\Setekh\Desktop\ISY5002-Project\datasets\raw-2026-week1\2704\20260917T092548Z_2704_0925_fc0a0a8eaeca.jpg
2704,C:\Users\Setekh\Desktop\ISY5002-Project\datasets\raw-2026-week1\2704\20260917T094049Z_2704_0940_7039a4cce66b.jpg
2704,C:\Users\Setekh\Desktop\ISY5002-Project\datasets\raw-2026-week1\2704\20260917T095029Z_2704_0950_5b3e62fb0729.jpg
2704,C:\Users\Setekh\Desktop\ISY5002-Project\datasets\raw-2026-week1\2704\20260917T095549Z_2704_0955_75783ab4693f.jpg
2704,C:\Users\Setekh\Desktop\ISY5002-Project\datasets\raw-2026-week1\2704\20260917T101050Z_2704_1010_47c2d1e26480.jpg
2704,C:\Users\Setekh\Desktop\ISY5002-Project\datasets\raw-2026-week1\2704\20260917T102030Z_2704_1020_45d1ab0868eb.jpg
2704,C:\Users\Setekh\Desktop\ISY5002-Project\datasets\raw-2026-week1\2704\20260917T103051Z_2704_1030_653b5558f93e.jpg
2704,C:\Users\Setekh\Desktop\ISY5002-Project\datasets\raw-2026-week1\2704\20260917T104031Z_2704_1040_acc2e564618b.jpg
2704,C:\Users\Setekh\Desktop\ISY5002-Project\datasets\raw-2026-week1\2704\20260917T105031Z_2704_1050_b2c19d11a26d.jpg
2704,C:\Users\Setekh\Desktop\ISY5002-Project\datasets\raw-2026-week1\2704\20260917T110052Z_2704_1100_a792996dcd0d.jpg
2704,C:\Users\Setekh\Desktop\ISY5002-Project\datasets\raw-2026-week1\2704\20260917T111032Z_2704_1110_9a63a46b37e0.jpg
2704,C:\Users\Setekh\Desktop\ISY5002-Project\datasets\raw-2026-week1\2704\20260917T112052Z_2704_1120_edfa3752412f.jpg
2704,C:\Users\Setekh\Desktop\ISY5002-Project\datasets\raw-2026-week1\2704\20260917T113033Z_2704_1130_7a930d5a7a34.jpg
2704,C:\Users\Setekh\Desktop\ISY5002-Project\datasets\raw-2026-week1\2704\20260917T114033Z_2704_1140_db5d9fdee554.jpg
2704,C:\Users\Setekh\Desktop\ISY5002-Project\datasets\raw-2026-week1\2704\20260917T115054Z_2704_1150_705c39f7ae3c.jpg
2704,C:\Users\Setekh\Desktop\ISY5002-Project\datasets\raw-2026-week1\2704\20260917T115534Z_2704_1155_ad22b9356c85.jpg
2704,C:\Users\Setekh\Desktop\ISY5002-Project\datasets\raw-2026-week1\2704\20260917T121034Z_2704_1210_4d628dded76d.jpg
2704,C:\Users\Setekh\Desktop\ISY5002-Project\datasets\raw-2026-week1\2704\20260917T122035Z_2704_1220_f89c20a58d27.jpg
2704,C:\Users\Setekh\Desktop\ISY5002-Project\datasets\raw-2026-week1\2704\20260917T123055Z_2704_1230_b457e8b58968.jpg
2704,C:\Users\Setekh\Desktop\ISY5002-Project\datasets\raw-2026-week1\2704\20260917T124036Z_2704_1240_845d44dffd06.jpg
2704,C:\Users\Setekh\Desktop\ISY5002-Project\datasets\raw-2026-week1\2704\20260917T124536Z_2704_1245_722d2d26dc77.jpg
2704,C:\Users\Setekh\Desktop\ISY5002-Project\datasets\raw-2026-week1\2704\20260917T130036Z_2704_1300_9101a8dd3f0b.jpg
2704,C:\Users\Setekh\Desktop\ISY5002-Project\datasets\raw-2026-week1\2704\20260917T131037Z_2704_1310_804c8fa02816.jpg
2704,C:\Users\Setekh\Desktop\ISY5002-Project\datasets\raw-2026-week1\2704\20260917T132057Z_2704_1320_ca1fd42afb56.jpg
2704,C:\Users\Setekh\Desktop\ISY5002-Project\datasets\raw-2026-week1\2704\20260917T133037Z_2704_1330_bcb7346bcc2c.jpg
2704,C:\Users\Setekh\Desktop\ISY5002-Project\datasets\raw-2026-week1\2704\20260917T134038Z_2704_1340_00449e1b5b9a.jpg
2704,C:\Users\Setekh\Desktop\ISY5002-Project\datasets\raw-2026-week1\2704\20260917T134538Z_2704_1345_dae0bc5c733b.jpg
2704,C:\Users\Setekh\Desktop\ISY5002-Project\datasets\raw-2026-week1\2704\20260917T135538Z_2704_1355_532c7bd180d8.jpg
2704,C:\Users\Setekh\Desktop\ISY5002-Project\datasets\raw-2026-week1\2704\20260917T140038Z_2704_1400_b7bbae7664cd.jpg
2704,C:\Users\Setekh\Desktop\ISY5002-Project\datasets\raw-2026-week1\2704\20260917T141039Z_2704_1410_82d78902dc0e.jpg
2704,C:\Users\Setekh\Desktop\ISY5002-Project\datasets\raw-2026-week1\2704\20260917T141559Z_2704_1415_d125896e107a.jpg
2704,C:\Users\Setekh\Desktop\ISY5002-Project\datasets\raw-2026-week1\2704\20260917T143040Z_2704_1430_026ea02cad33.jpg
2704,C:\Users\Setekh\Desktop\ISY5002-Project\datasets\raw-2026-week1\2704\20260917T144040Z_2704_1440_fe8deab4b3d6.jpg
2704,C:\Users\Setekh\Desktop\ISY5002-Project\datasets\raw-2026-week1\2704\20260917T144540Z_2704_1445_3ebec86eb771.jpg
2704,C:\Users\Setekh\Desktop\ISY5002-Project\datasets\raw-2026-week1\2704\20260917T150041Z_2704_1500_203664a54681.jpg
2704,C:\Users\Setekh\Desktop\ISY5002-Project\datasets\raw-2026-week1\2704\20260917T150601Z_2704_1506_0d5c5fff8774.jpg
2704,C:\Users\Setekh\Desktop\ISY5002-Project\datasets\raw-2026-week1\2704\20260917T151601Z_2704_1516_b1f29d3c00d8.jpg
2704,C:\Users\Setekh\Desktop\ISY5002-Project\datasets\raw-2026-week1\2704\20260917T153042Z_2704_1530_8317d0abad84.jpg
2704,C:\Users\Setekh\Desktop\ISY5002-Project\datasets\raw-2026-week1\2704\20260917T153542Z_2704_1535_b431cd7fb1a9.jpg
2704,C:\Users\Setekh\Desktop\ISY5002-Project\datasets\raw-2026-week1\2704\20260917T155042Z_2704_1550_59d8c1ad0aad.jpg
2704,C:\Users\Setekh\Desktop\ISY5002-Project\datasets\raw-2026-week1\2704\20260917T155603Z_2704_1556_40d0c2020638.jpg
2704,C:\Users\Setekh\Desktop\ISY5002-Project\datasets\raw-2026-week1\2704\20260917T160603Z_2704_1606_41645e803cf5.jpg
2704,C:\Users\Setekh\Desktop\ISY5002-Project\datasets\raw-2026-week1\2704\20260917T161603Z_2704_1616_29f05a0c3810.jpg
2704,C:\Users\Setekh\Desktop\ISY5002-Project\datasets\raw-2026-week1\2704\20260917T163044Z_2704_1630_2a05ee3f0003.jpg
2704,C:\Users\Setekh\Desktop\ISY5002-Project\datasets\raw-2026-week1\2704\20260917T164044Z_2704_1640_bd8bc79b35c5.jpg
2704,C:\Users\Setekh\Desktop\ISY5002-Project\datasets\raw-2026-week1\2704\20260917T165045Z_2704_1650_29bcd81990e8.jpg
2704,C:\Users\Setekh\Desktop\ISY5002-Project\datasets\raw-2026-week1\2704\20260917T170045Z_2704_1700_90423d7e5040.jpg
2704,C:\Users\Setekh\Desktop\ISY5002-Project\datasets\raw-2026-week1\2704\20260917T171045Z_2704_1710_4c7d37192cc1.jpg
2704,C:\Users\Setekh\Desktop\ISY5002-Project\datasets\raw-2026-week1\2704\20260917T172026Z_2704_1720_ab02799bd1b4.jpg
2704,C:\Users\Setekh\Desktop\ISY5002-Project\datasets\raw-2026-week1\2704\20260917T173046Z_2704_1730_3cc455d49bb1.jpg
2704,C:\Users\Setekh\Desktop\ISY5002-Project\datasets\raw-2026-week1\2704\20260917T174046Z_2704_1740_82621784d5eb.jpg
2704,C:\Users\Setekh\Desktop\ISY5002-Project\datasets\raw-2026-week1\2704\20260917T175047Z_2704_1750_d3183d11c07e.jpg
2704,C:\Users\Setekh\Desktop\ISY5002-Project\datasets\raw-2026-week1\2704\20260917T175607Z_2704_1756_ebb16f0fbfe6.jpg
2704,C:\Users\Setekh\Desktop\ISY5002-Project\datasets\raw-2026-week1\2704\20260917T181028Z_2704_1810_ab363ce906e3.jpg
2704,C:\Users\Setekh\Desktop\ISY5002-Project\datasets\raw-2026-week1\2704\20260917T182028Z_2704_1820_5b8fea369540.jpg
2704,C:\Users\Setekh\Desktop\ISY5002-Project\datasets\raw-2026-week1\2704\20260917T183028Z_2704_1830_f461bf152b0b.jpg
2704,C:\Users\Setekh\Desktop\ISY5002-Project\datasets\raw-2026-week1\2704\20260917T184029Z_2704_1840_49c3843e18fd.jpg
2704,C:\Users\Setekh\Desktop\ISY5002-Project\datasets\raw-2026-week1\2704\20260917T185029Z_2704_1850_5ec43921b974.jpg
2704,C:\Users\Setekh\Desktop\ISY5002-Project\datasets\raw-2026-week1\2704\20260917T185609Z_2704_1856_8aa5d72fcbaf.jpg
2704,C:\Users\Setekh\Desktop\ISY5002-Project\datasets\raw-2026-week1\2704\20260917T191030Z_2704_1910_054453d17464.jpg
2704,C:\Users\Setekh\Desktop\ISY5002-Project\datasets\raw-2026-week1\2704\20260917T192030Z_2704_1920_9515b618cb01.jpg
2704,C:\Users\Setekh\Desktop\ISY5002-Project\datasets\raw-2026-week1\2704\20260917T193051Z_2704_1930_1a0fdd7e0e24.jpg
2704,C:\Users\Setekh\Desktop\ISY5002-Project\datasets\raw-2026-week1\2704\20260917T193531Z_2704_1935_1b7b219c402a.jpg
2704,C:\Users\Setekh\Desktop\ISY5002-Project\datasets\raw-2026-week1\2704\20260917T194551Z_2704_1945_f70a7dfc553c.jpg
2704,C:\Users\Setekh\Desktop\ISY5002-Project\datasets\raw-2026-week1\2704\20260917T200032Z_2704_2000_c98b425114d5.jpg
2704,C:\Users\Setekh\Desktop\ISY5002-Project\datasets\raw-2026-week1\2704\20260917T201052Z_2704_2010_5a9795091555.jpg
2704,C:\Users\Setekh\Desktop\ISY5002-Project\datasets\raw-2026-week1\2704\20260917T202052Z_2704_2020_1ffea3e3b96c.jpg
2704,C:\Users\Setekh\Desktop\ISY5002-Project\datasets\raw-2026-week1\2704\20260917T203033Z_2704_2030_55cd7d8dc8da.jpg
2704,C:\Users\Setekh\Desktop\ISY5002-Project\datasets\raw-2026-week1\2704\20260917T204033Z_2704_2040_ccd75fc68386.jpg
2704,C:\Users\Setekh\Desktop\ISY5002-Project\datasets\raw-2026-week1\2704\20260917T205053Z_2704_2050_184ba2027a61.jpg
2704,C:\Users\Setekh\Desktop\ISY5002-Project\datasets\raw-2026-week1\2704\20260917T210054Z_2704_2100_a2908c7b84fd.jpg
2704,C:\Users\Setekh\Desktop\ISY5002-Project\datasets\raw-2026-week1\2704\20260917T211054Z_2704_2110_ae4c653ea631.jpg
2704,C:\Users\Setekh\Desktop\ISY5002-Project\datasets\raw-2026-week1\2704\20260917T212035Z_2704_2120_0bbec0efeab6.jpg
2704,C:\Users\Setekh\Desktop\ISY5002-Project\datasets\raw-2026-week1\2704\20260917T212555Z_2704_2125_38deaa76e7d9.jpg
2704,C:\Users\Setekh\Desktop\ISY5002-Project\datasets\raw-2026-week1\2704\20260917T214055Z_2704_2140_76c8634ea824.jpg
2704,C:\Users\Setekh\Desktop\ISY5002-Project\datasets\raw-2026-week1\2704\20260917T215056Z_2704_2150_036261d6a89e.jpg
2704,C:\Users\Setekh\Desktop\ISY5002-Project\datasets\raw-2026-week1\2704\20260917T220036Z_2704_2200_1329ae4cf87f.jpg
2704,C:\Users\Setekh\Desktop\ISY5002-Project\datasets\raw-2026-week1\2704\20260917T221036Z_2704_2210_c76f087237ab.jpg
2704,C:\Users\Setekh\Desktop\ISY5002-Project\datasets\raw-2026-week1\2704\20260917T221557Z_2704_2215_a0969b360b6f.jpg
2704,C:\Users\Setekh\Desktop\ISY5002-Project\datasets\raw-2026-week1\2704\20260917T223037Z_2704_2230_b63141c03257.jpg
2704,C:\Users\Setekh\Desktop\ISY5002-Project\datasets\raw-2026-week1\2704\20260917T223557Z_2704_2235_66660bc551d6.jpg
2704,C:\Users\Setekh\Desktop\ISY5002-Project\datasets\raw-2026-week1\2704\20260917T224558Z_2704_2245_58a44610e4ae.jpg
2704,C:\Users\Setekh\Desktop\ISY5002-Project\datasets\raw-2026-week1\2704\20260917T225538Z_2704_2255_c4231984c914.jpg
2704,C:\Users\Setekh\Desktop\ISY5002-Project\datasets\raw-2026-week1\2704\20260917T230558Z_2704_2305_ba02a0245299.jpg
2704,C:\Users\Setekh\Desktop\ISY5002-Project\datasets\raw-2026-week1\2704\20260917T232039Z_2704_2320_2e3d8386ff0f.jpg
2704,C:\Users\Setekh\Desktop\ISY5002-Project\datasets\raw-2026-week1\2704\20260917T233039Z_2704_2330_f4d33b34cfeb.jpg
2704,C:\Users\Setekh\Desktop\ISY5002-Project\datasets\raw-2026-week1\2704\20260917T234040Z_2704_2340_ffd6b7aa6a73.jpg
2704,C:\Users\Setekh\Desktop\ISY5002-Project\datasets\raw-2026-week1\2704\20260917T235040Z_2704_2350_25bd899a16cc.jpg
2704,C:\Users\Setekh\Desktop\ISY5002-Project\datasets\raw-2026-week1\2704\20260918T000040Z_2704_0000_4b922ce4b63c.jpg
2704,C:\Users\Setekh\Desktop\ISY5002-Project\datasets\raw-2026-week1\2704\20260918T001041Z_2704_0010_6022e458efbb.jpg
2704,C:\Users\Setekh\Desktop\ISY5002-Project\datasets\raw-2026-week1\2704\20260918T002041Z_2704_0020_11067502b812.jpg
2704,C:\Users\Setekh\Desktop\ISY5002-Project\datasets\raw-2026-week1\2704\20260918T003042Z_2704_0030_e5ca22d34274.jpg
2704,C:\Users\Setekh\Desktop\ISY5002-Project\datasets\raw-2026-week1\2704\20260918T004042Z_2704_0040_2e3fe365c6bb.jpg
2704,C:\Users\Setekh\Desktop\ISY5002-Project\datasets\raw-2026-week1\2704\20260918T005042Z_2704_0050_c110b458566f.jpg
2704,C:\Users\Setekh\Desktop\ISY5002-Project\datasets\raw-2026-week1\2704\20260918T010043Z_2704_0100_841074635910.jpg
2704,C:\Users\Setekh\Desktop\ISY5002-Project\datasets\raw-2026-week1\2704\20260918T011043Z_2704_0110_1057b3eff5a0.jpg
2704,C:\Users\Setekh\Desktop\ISY5002-Project\datasets\raw-2026-week1\2704\20260918T011543Z_2704_0115_777ed3990c5d.jpg
2704,C:\Users\Setekh\Desktop\ISY5002-Project\datasets\raw-2026-week1\2704\20260918T013044Z_2704_0130_fe9b1f50c663.jpg
2704,C:\Users\Setekh\Desktop\ISY5002-Project\datasets\raw-2026-week1\2704\20260918T014044Z_2704_0140_773f06eef2d6.jpg
2704,C:\Users\Setekh\Desktop\ISY5002-Project\datasets\raw-2026-week1\2704\20260918T015044Z_2704_0150_f9910c41a2ed.jpg
2704,C:\Users\Setekh\Desktop\ISY5002-Project\datasets\raw-2026-week1\2704\20260918T020045Z_2704_0200_3476ea73d2d4.jpg
2704,C:\Users\Setekh\Desktop\ISY5002-Project\datasets\raw-2026-week1\2704\20260918T020545Z_2704_0205_c970f9de8dbd.jpg
2704,C:\Users\Setekh\Desktop\ISY5002-Project\datasets\raw-2026-week1\2704\20260918T022026Z_2704_0220_8d3d1f60ee25.jpg
2704,C:\Users\Setekh\Desktop\ISY5002-Project\datasets\raw-2026-week1\2704\20260918T023046Z_2704_0230_b9b99ec12ddc.jpg
2704,C:\Users\Setekh\Desktop\ISY5002-Project\datasets\raw-2026-week1\2704\20260918T024046Z_2704_0240_fc98380ba909.jpg
2704,C:\Users\Setekh\Desktop\ISY5002-Project\datasets\raw-2026-week1\2704\20260918T025047Z_2704_0250_cdc9a7251898.jpg
2704,C:\Users\Setekh\Desktop\ISY5002-Project\datasets\raw-2026-week1\2704\20260918T025547Z_2704_0255_c1c923b54a5c.jpg
2704,C:\Users\Setekh\Desktop\ISY5002-Project\datasets\raw-2026-week1\2704\20260918T031047Z_2704_0310_86f122fe4b6d.jpg
2704,C:\Users\Setekh\Desktop\ISY5002-Project\datasets\raw-2026-week1\2704\20260918T032048Z_2704_0320_2cc4b1df8136.jpg
2704,C:\Users\Setekh\Desktop\ISY5002-Project\datasets\raw-2026-week1\2704\20260918T032608Z_2704_0326_0cb37087ff36.jpg
2704,C:\Users\Setekh\Desktop\ISY5002-Project\datasets\raw-2026-week1\2704\20260918T033548Z_2704_0335_719bc489d0d2.jpg
2704,C:\Users\Setekh\Desktop\ISY5002-Project\datasets\raw-2026-week1\2704\20260918T035049Z_2704_0350_fd594f79aadd.jpg
2704,C:\Users\Setekh\Desktop\ISY5002-Project\datasets\raw-2026-week1\2704\20260918T040029Z_2704_0400_5bd64f4c91e1.jpg
2704,C:\Users\Setekh\Desktop\ISY5002-Project\datasets\raw-2026-week1\2704\20260918T041030Z_2704_0410_3d3aaed16943.jpg
2704,C:\Users\Setekh\Desktop\ISY5002-Project\datasets\raw-2026-week1\2704\20260918T042050Z_2704_0420_0e4180a78b66.jpg
2704,C:\Users\Setekh\Desktop\ISY5002-Project\datasets\raw-2026-week1\2704\20260918T043050Z_2704_0430_95a486cbc5d2.jpg
2704,C:\Users\Setekh\Desktop\ISY5002-Project\datasets\raw-2026-week1\2704\20260918T044031Z_2704_0440_22e89521b9de.jpg
2704,C:\Users\Setekh\Desktop\ISY5002-Project\datasets\raw-2026-week1\2704\20260918T045031Z_2704_0450_beffa0544b1f.jpg
2704,C:\Users\Setekh\Desktop\ISY5002-Project\datasets\raw-2026-week1\2704\20260918T050031Z_2704_0500_00c2ad84375c.jpg
2704,C:\Users\Setekh\Desktop\ISY5002-Project\datasets\raw-2026-week1\2704\20260918T051052Z_2704_0510_8567dd012323.jpg
2704,C:\Users\Setekh\Desktop\ISY5002-Project\datasets\raw-2026-week1\2704\20260918T052052Z_2704_0520_6d95679b799e.jpg
2704,C:\Users\Setekh\Desktop\ISY5002-Project\datasets\raw-2026-week1\2704\20260918T053053Z_2704_0530_52ff00a33366.jpg
2704,C:\Users\Setekh\Desktop\ISY5002-Project\datasets\raw-2026-week1\2704\20260918T053553Z_2704_0535_c4149e5bd666.jpg
2704,C:\Users\Setekh\Desktop\ISY5002-Project\datasets\raw-2026-week1\2704\20260918T055033Z_2704_0550_a82afa2d6852.jpg
2704,C:\Users\Setekh\Desktop\ISY5002-Project\datasets\raw-2026-week1\2704\20260918T060034Z_2704_0600_71b3a1c61689.jpg
2704,C:\Users\Setekh\Desktop\ISY5002-Project\datasets\raw-2026-week1\2704\20260918T061034Z_2704_0610_d5e095d26abf.jpg
2704,C:\Users\Setekh\Desktop\ISY5002-Project\datasets\raw-2026-week1\2704\20260918T062034Z_2704_0620_4d1a71521cd4.jpg
2704,C:\Users\Setekh\Desktop\ISY5002-Project\datasets\raw-2026-week1\2704\20260918T063055Z_2704_0630_1670ac5c1553.jpg
2704,C:\Users\Setekh\Desktop\ISY5002-Project\datasets\raw-2026-week1\2704\20260918T064055Z_2704_0640_ecd891eee319.jpg
2704,C:\Users\Setekh\Desktop\ISY5002-Project\datasets\raw-2026-week1\2704\20260918T065035Z_2704_0650_13cd24307d14.jpg
2704,C:\Users\Setekh\Desktop\ISY5002-Project\datasets\raw-2026-week1\2704\20260918T065536Z_2704_0655_cb243e83437c.jpg
2704,C:\Users\Setekh\Desktop\ISY5002-Project\datasets\raw-2026-week1\2704\20260918T071056Z_2704_0710_ea3276a31287.jpg
2704,C:\Users\Setekh\Desktop\ISY5002-Project\datasets\raw-2026-week1\2704\20260918T072037Z_2704_0720_580041957de7.jpg
2704,C:\Users\Setekh\Desktop\ISY5002-Project\datasets\raw-2026-week1\2704\20260918T072537Z_2704_0725_6f7201ffaa5c.jpg
2704,C:\Users\Setekh\Desktop\ISY5002-Project\datasets\raw-2026-week1\2704\20260918T074037Z_2704_0740_26ff3743d00c.jpg
2704,C:\Users\Setekh\Desktop\ISY5002-Project\datasets\raw-2026-week1\2704\20260918T075038Z_2704_0750_ca20dfd93dab.jpg
2704,C:\Users\Setekh\Desktop\ISY5002-Project\datasets\raw-2026-week1\2704\20260918T080018Z_2704_0800_721dece1ea98.jpg
2704,C:\Users\Setekh\Desktop\ISY5002-Project\datasets\raw-2026-week1\2704\20260918T081038Z_2704_0810_b50489b304af.jpg
2704,C:\Users\Setekh\Desktop\ISY5002-Project\datasets\raw-2026-week1\2704\20260918T082039Z_2704_0820_346c824bb00f.jpg
2704,C:\Users\Setekh\Desktop\ISY5002-Project\datasets\raw-2026-week1\2704\20260918T083039Z_2704_0830_777a20163892.jpg
2704,C:\Users\Setekh\Desktop\ISY5002-Project\datasets\raw-2026-week1\2704\20260918T083559Z_2704_0835_ce512e5ab118.jpg
2704,C:\Users\Setekh\Desktop\ISY5002-Project\datasets\raw-2026-week1\2704\20260918T085040Z_2704_0850_f2f6d5447e9c.jpg
2704,C:\Users\Setekh\Desktop\ISY5002-Project\datasets\raw-2026-week1\2704\20260918T085540Z_2704_0855_6cab1d46e10e.jpg
2704,C:\Users\Setekh\Desktop\ISY5002-Project\datasets\raw-2026-week1\2704\20260918T091040Z_2704_0910_eac636472293.jpg
2704,C:\Users\Setekh\Desktop\ISY5002-Project\datasets\raw-2026-week1\2704\20260918T091541Z_2704_0915_70dc587c3d30.jpg
2704,C:\Users\Setekh\Desktop\ISY5002-Project\datasets\raw-2026-week1\2704\20260918T093041Z_2704_0930_26bc89e2f49d.jpg
2704,C:\Users\Setekh\Desktop\ISY5002-Project\datasets\raw-2026-week1\2704\20260918T094042Z_2704_0940_958fd3d2a56f.jpg
2704,C:\Users\Setekh\Desktop\ISY5002-Project\datasets\raw-2026-week1\2704\20260918T095042Z_2704_0950_7ceaa3a21a6a.jpg
2704,C:\Users\Setekh\Desktop\ISY5002-Project\datasets\raw-2026-week1\2704\20260918T100042Z_2704_1000_ae345478e75a.jpg
2704,C:\Users\Setekh\Desktop\ISY5002-Project\datasets\raw-2026-week1\2704\20260918T100522Z_2704_1005_5613c93f897b.jpg
2704,C:\Users\Setekh\Desktop\ISY5002-Project\datasets\raw-2026-week1\2704\20260918T101603Z_2704_1016_3f84e7607822.jpg
2704,C:\Users\Setekh\Desktop\ISY5002-Project\datasets\raw-2026-week1\2704\20260918T103043Z_2704_1030_668d7287597f.jpg
2704,C:\Users\Setekh\Desktop\ISY5002-Project\datasets\raw-2026-week1\2704\20260918T103544Z_2704_1035_c232ed2e1699.jpg
2704,C:\Users\Setekh\Desktop\ISY5002-Project\datasets\raw-2026-week1\2704\20260918T105044Z_2704_1050_17063b730a48.jpg
2704,C:\Users\Setekh\Desktop\ISY5002-Project\datasets\raw-2026-week1\2704\20260918T110044Z_2704_1100_77f614551a57.jpg
2704,C:\Users\Setekh\Desktop\ISY5002-Project\datasets\raw-2026-week1\2704\20260918T111045Z_2704_1110_ec040e74133f.jpg
2704,C:\Users\Setekh\Desktop\ISY5002-Project\datasets\raw-2026-week1\2704\20260918T112045Z_2704_1120_d77c466bb757.jpg
2704,C:\Users\Setekh\Desktop\ISY5002-Project\datasets\raw-2026-week1\2704\20260918T113026Z_2704_1130_931430536279.jpg
2704,C:\Users\Setekh\Desktop\ISY5002-Project\datasets\raw-2026-week1\2704\20260918T114046Z_2704_1140_8b60bb2cfb80.jpg
2704,C:\Users\Setekh\Desktop\ISY5002-Project\datasets\raw-2026-week1\2704\20260918T115026Z_2704_1150_700346d523d0.jpg
2704,C:\Users\Setekh\Desktop\ISY5002-Project\datasets\raw-2026-week1\2704\20260918T120047Z_2704_1200_e348323e4fbc.jpg
2704,C:\Users\Setekh\Desktop\ISY5002-Project\datasets\raw-2026-week1\2704\20260918T120547Z_2704_1205_21f52aab74cd.jpg
2704,C:\Users\Setekh\Desktop\ISY5002-Project\datasets\raw-2026-week1\2704\20260918T122027Z_2704_1220_80d151b70e43.jpg
2704,C:\Users\Setekh\Desktop\ISY5002-Project\datasets\raw-2026-week1\2704\20260918T122548Z_2704_1225_8facfb84bd36.jpg
2704,C:\Users\Setekh\Desktop\ISY5002-Project\datasets\raw-2026-week1\2704\20260918T123608Z_2704_1236_4f65e39028c4.jpg
2704,C:\Users\Setekh\Desktop\ISY5002-Project\datasets\raw-2026-week1\2704\20260918T124048Z_2704_1240_ae1856b17086.jpg
2704,C:\Users\Setekh\Desktop\ISY5002-Project\datasets\raw-2026-week1\2704\20260918T125029Z_2704_1250_14dd26ae84fc.jpg
2704,C:\Users\Setekh\Desktop\ISY5002-Project\datasets\raw-2026-week1\2704\20260918T125529Z_2704_1255_833c9ebfe254.jpg
2704,C:\Users\Setekh\Desktop\ISY5002-Project\datasets\raw-2026-week1\2704\20260918T131049Z_2704_1310_2a6f213d9566.jpg
2704,C:\Users\Setekh\Desktop\ISY5002-Project\datasets\raw-2026-week1\2704\20260918T132050Z_2704_1320_38f9d9b888b4.jpg
2704,C:\Users\Setekh\Desktop\ISY5002-Project\datasets\raw-2026-week1\2704\20260918T132550Z_2704_1325_308c9a554c4b.jpg
2704,C:\Users\Setekh\Desktop\ISY5002-Project\datasets\raw-2026-week1\2704\20260918T133550Z_2704_1335_4d3a14f97f66.jpg
2704,C:\Users\Setekh\Desktop\ISY5002-Project\datasets\raw-2026-week1\2704\20260918T134551Z_2704_1345_cdd4b9372a6a.jpg
2704,C:\Users\Setekh\Desktop\ISY5002-Project\datasets\raw-2026-week1\2704\20260918T140051Z_2704_1400_13884858594d.jpg
2704,C:\Users\Setekh\Desktop\ISY5002-Project\datasets\raw-2026-week1\2704\20260918T141051Z_2704_1410_aad7b0ef918f.jpg
2704,C:\Users\Setekh\Desktop\ISY5002-Project\datasets\raw-2026-week1\2704\20260918T142052Z_2704_1420_bc99d78048f5.jpg
2704,C:\Users\Setekh\Desktop\ISY5002-Project\datasets\raw-2026-week1\2704\20260918T143032Z_2704_1430_fc9057609590.jpg
2704,C:\Users\Setekh\Desktop\ISY5002-Project\datasets\raw-2026-week1\2704\20260918T143532Z_2704_1435_7372c199ae14.jpg
2704,C:\Users\Setekh\Desktop\ISY5002-Project\datasets\raw-2026-week1\2704\20260918T144552Z_2704_1445_2cf5b36db89e.jpg
2704,C:\Users\Setekh\Desktop\ISY5002-Project\datasets\raw-2026-week1\2704\20260918T145613Z_2704_1456_3aff9d508b46.jpg
2704,C:\Users\Setekh\Desktop\ISY5002-Project\datasets\raw-2026-week1\2704\20260918T150553Z_2704_1505_6bcc70dee416.jpg
2704,C:\Users\Setekh\Desktop\ISY5002-Project\datasets\raw-2026-week1\2704\20260918T151553Z_2704_1515_8feb838c61f3.jpg
2704,C:\Users\Setekh\Desktop\ISY5002-Project\datasets\raw-2026-week1\2704\20260918T152554Z_2704_1525_1abee6565500.jpg
2704,C:\Users\Setekh\Desktop\ISY5002-Project\datasets\raw-2026-week1\2704\20260918T154034Z_2704_1540_ac4a53893e97.jpg
2704,C:\Users\Setekh\Desktop\ISY5002-Project\datasets\raw-2026-week1\2704\20260918T155035Z_2704_1550_746b939a3e57.jpg
2704,C:\Users\Setekh\Desktop\ISY5002-Project\datasets\raw-2026-week1\2704\20260918T155615Z_2704_1556_de7551a2628e.jpg
2704,C:\Users\Setekh\Desktop\ISY5002-Project\datasets\raw-2026-week1\2704\20260918T161055Z_2704_1610_4a442583eefd.jpg
2704,C:\Users\Setekh\Desktop\ISY5002-Project\datasets\raw-2026-week1\2704\20260918T161555Z_2704_1615_dc16b5604189.jpg
2704,C:\Users\Setekh\Desktop\ISY5002-Project\datasets\raw-2026-week1\2704\20260918T162536Z_2704_1625_ddc4e8c789ac.jpg
2704,C:\Users\Setekh\Desktop\ISY5002-Project\datasets\raw-2026-week1\2704\20260918T164036Z_2704_1640_9829e81933fe.jpg
2704,C:\Users\Setekh\Desktop\ISY5002-Project\datasets\raw-2026-week1\2704\20260918T165036Z_2704_1650_0ff64b48adf4.jpg
2704,C:\Users\Setekh\Desktop\ISY5002-Project\datasets\raw-2026-week1\2704\20260918T170037Z_2704_1700_4fff4d525aed.jpg
2704,C:\Users\Setekh\Desktop\ISY5002-Project\datasets\raw-2026-week1\2704\20260918T171037Z_2704_1710_c64b22f44384.jpg
2704,C:\Users\Setekh\Desktop\ISY5002-Project\datasets\raw-2026-week1\2704\20260918T172037Z_2704_1720_cad028f7d73a.jpg
2704,C:\Users\Setekh\Desktop\ISY5002-Project\datasets\raw-2026-week1\2704\20260918T173038Z_2704_1730_9305129b9c38.jpg
2704,C:\Users\Setekh\Desktop\ISY5002-Project\datasets\raw-2026-week1\2704\20260918T174038Z_2704_1740_164d1ac9c869.jpg
2704,C:\Users\Setekh\Desktop\ISY5002-Project\datasets\raw-2026-week1\2704\20260918T175038Z_2704_1750_145171430a8f.jpg
2704,C:\Users\Setekh\Desktop\ISY5002-Project\datasets\raw-2026-week1\2704\20260918T180039Z_2704_1800_9e048307f96e.jpg
2704,C:\Users\Setekh\Desktop\ISY5002-Project\datasets\raw-2026-week1\2704\20260918T181039Z_2704_1810_8a5f9d0775ad.jpg
2704,C:\Users\Setekh\Desktop\ISY5002-Project\datasets\raw-2026-week1\2704\20260918T182040Z_2704_1820_5bdecd0af2b6.jpg
2704,C:\Users\Setekh\Desktop\ISY5002-Project\datasets\raw-2026-week1\2704\20260918T182600Z_2704_1826_d6e2352efd6f.jpg
2704,C:\Users\Setekh\Desktop\ISY5002-Project\datasets\raw-2026-week1\2704\20260918T184040Z_2704_1840_44bb7772db3b.jpg
2704,C:\Users\Setekh\Desktop\ISY5002-Project\datasets\raw-2026-week1\2704\20260918T185041Z_2704_1850_99336ec5d23f.jpg
2704,C:\Users\Setekh\Desktop\ISY5002-Project\datasets\raw-2026-week1\2704\20260918T190041Z_2704_1900_7588675e25f6.jpg
2704,C:\Users\Setekh\Desktop\ISY5002-Project\datasets\raw-2026-week1\2704\20260918T191042Z_2704_1910_ba547b3466c3.jpg
2704,C:\Users\Setekh\Desktop\ISY5002-Project\datasets\raw-2026-week1\2704\20260918T192042Z_2704_1920_3f0ed10dc746.jpg
2704,C:\Users\Setekh\Desktop\ISY5002-Project\datasets\raw-2026-week1\2704\20260918T193042Z_2704_1930_cc93243fced7.jpg
2704,C:\Users\Setekh\Desktop\ISY5002-Project\datasets\raw-2026-week1\2704\20260918T194043Z_2704_1940_8e0d79c01afe.jpg
2704,C:\Users\Setekh\Desktop\ISY5002-Project\datasets\raw-2026-week1\2704\20260918T194543Z_2704_1945_35b469b074fb.jpg
2704,C:\Users\Setekh\Desktop\ISY5002-Project\datasets\raw-2026-week1\2704\20260918T200043Z_2704_2000_546ee8938702.jpg
2704,C:\Users\Setekh\Desktop\ISY5002-Project\datasets\raw-2026-week1\2704\20260918T201044Z_2704_2010_9d1baef4a64f.jpg
2704,C:\Users\Setekh\Desktop\ISY5002-Project\datasets\raw-2026-week1\2704\20260918T202044Z_2704_2020_99a62a74d1bb.jpg
2704,C:\Users\Setekh\Desktop\ISY5002-Project\datasets\raw-2026-week1\2704\20260918T203044Z_2704_2030_3cd400d9f691.jpg
2704,C:\Users\Setekh\Desktop\ISY5002-Project\datasets\raw-2026-week1\2704\20260918T204045Z_2704_2040_564cdc19f51d.jpg
2704,C:\Users\Setekh\Desktop\ISY5002-Project\datasets\raw-2026-week1\2704\20260918T205045Z_2704_2050_8e60ff5853b3.jpg
2704,C:\Users\Setekh\Desktop\ISY5002-Project\datasets\raw-2026-week1\2704\20260918T205605Z_2704_2056_95868cbe6ce4.jpg
2704,C:\Users\Setekh\Desktop\ISY5002-Project\datasets\raw-2026-week1\2704\20260918T211046Z_2704_2110_8f2bc97ebe76.jpg
2704,C:\Users\Setekh\Desktop\ISY5002-Project\datasets\raw-2026-week1\2704\20260918T212046Z_2704_2120_85b98ea7239f.jpg
2704,C:\Users\Setekh\Desktop\ISY5002-Project\datasets\raw-2026-week1\2704\20260918T213047Z_2704_2130_98701235453c.jpg
2704,C:\Users\Setekh\Desktop\ISY5002-Project\datasets\raw-2026-week1\2704\20260918T213607Z_2704_2136_a7835f254d91.jpg
2704,C:\Users\Setekh\Desktop\ISY5002-Project\datasets\raw-2026-week1\2704\20260918T215107Z_2704_2151_0377dda856a8.jpg
2704,C:\Users\Setekh\Desktop\ISY5002-Project\datasets\raw-2026-week1\2704\20260918T215607Z_2704_2156_8e1134ee5c9f.jpg
2704,C:\Users\Setekh\Desktop\ISY5002-Project\datasets\raw-2026-week1\2704\20260918T221048Z_2704_2210_85839ab1a5ee.jpg
2704,C:\Users\Setekh\Desktop\ISY5002-Project\datasets\raw-2026-week1\2704\20260918T221608Z_2704_2216_9dfd85befa11.jpg
2704,C:\Users\Setekh\Desktop\ISY5002-Project\datasets\raw-2026-week1\2704\20260918T222549Z_2704_2225_14737103c4ec.jpg
2704,C:\Users\Setekh\Desktop\ISY5002-Project\datasets\raw-2026-week1\2704\20260918T223609Z_2704_2236_754ebc28c362.jpg
2704,C:\Users\Setekh\Desktop\ISY5002-Project\datasets\raw-2026-week1\2704\20260918T225049Z_2704_2250_400a02c064f3.jpg
2704,C:\Users\Setekh\Desktop\ISY5002-Project\datasets\raw-2026-week1\2704\20260918T230030Z_2704_2300_0d0936b957c9.jpg
2704,C:\Users\Setekh\Desktop\ISY5002-Project\datasets\raw-2026-week1\2704\20260918T231030Z_2704_2310_8e56601b076e.jpg
2704,C:\Users\Setekh\Desktop\ISY5002-Project\datasets\raw-2026-week1\2704\20260918T232051Z_2704_2320_f794dc8e7c9a.jpg
2704,C:\Users\Setekh\Desktop\ISY5002-Project\datasets\raw-2026-week1\2704\20260918T233031Z_2704_2330_7653f37ba7f0.jpg
2704,C:\Users\Setekh\Desktop\ISY5002-Project\datasets\raw-2026-week1\2704\20260918T234051Z_2704_2340_46b6fb23b5a6.jpg
2704,C:\Users\Setekh\Desktop\ISY5002-Project\datasets\raw-2026-week1\2704\20260918T235052Z_2704_2350_2595db9f7c1a.jpg
2704,C:\Users\Setekh\Desktop\ISY5002-Project\datasets\raw-2026-week1\2704\20260919T000052Z_2704_0000_93c5d0c748f6.jpg
2704,C:\Users\Setekh\Desktop\ISY5002-Project\datasets\raw-2026-week1\2704\20260919T001052Z_2704_0010_0d3512636015.jpg
2704,C:\Users\Setekh\Desktop\ISY5002-Project\datasets\raw-2026-week1\2704\20260919T002033Z_2704_0020_3252b61cf4c6.jpg
2704,C:\Users\Setekh\Desktop\ISY5002-Project\datasets\raw-2026-week1\2704\20260919T003033Z_2704_0030_c0a30aaeb804.jpg
2704,C:\Users\Setekh\Desktop\ISY5002-Project\datasets\raw-2026-week1\2704\20260919T004054Z_2704_0040_a659ca600cad.jpg
2704,C:\Users\Setekh\Desktop\ISY5002-Project\datasets\raw-2026-week1\2704\20260919T004554Z_2704_0045_00e0c050a410.jpg
2704,C:\Users\Setekh\Desktop\ISY5002-Project\datasets\raw-2026-week1\2704\20260919T010054Z_2704_0100_eac315f9d5a7.jpg
2704,C:\Users\Setekh\Desktop\ISY5002-Project\datasets\raw-2026-week1\2704\20260919T010614Z_2704_0106_fe60bb71fa15.jpg
2704,C:\Users\Setekh\Desktop\ISY5002-Project\datasets\raw-2026-week1\2704\20260919T011555Z_2704_0115_5ffd616387f6.jpg
2704,C:\Users\Setekh\Desktop\ISY5002-Project\datasets\raw-2026-week1\2704\20260919T012555Z_2704_0125_d2c1a50d6594.jpg
2704,C:\Users\Setekh\Desktop\ISY5002-Project\datasets\raw-2026-week1\2704\20260919T014036Z_2704_0140_62f3b573db07.jpg
2704,C:\Users\Setekh\Desktop\ISY5002-Project\datasets\raw-2026-week1\2704\20260919T015056Z_2704_0150_295ddd3cde4a.jpg
2704,C:\Users\Setekh\Desktop\ISY5002-Project\datasets\raw-2026-week1\2704\20260919T020036Z_2704_0200_7f9407b6b5c0.jpg
2704,C:\Users\Setekh\Desktop\ISY5002-Project\datasets\raw-2026-week1\2704\20260919T020617Z_2704_0206_63818b7b2cb6.jpg
2704,C:\Users\Setekh\Desktop\ISY5002-Project\datasets\raw-2026-week1\2704\20260919T021557Z_2704_0215_bcdbd265514d.jpg
2704,C:\Users\Setekh\Desktop\ISY5002-Project\datasets\raw-2026-week1\2704\20260919T022557Z_2704_0225_7dd512d5c15b.jpg
2704,C:\Users\Setekh\Desktop\ISY5002-Project\datasets\raw-2026-week1\2704\20260919T023538Z_2704_0235_cb1d4fa79e3c.jpg
2704,C:\Users\Setekh\Desktop\ISY5002-Project\datasets\raw-2026-week1\2704\20260919T025038Z_2704_0250_a5778fac7ac1.jpg
2704,C:\Users\Setekh\Desktop\ISY5002-Project\datasets\raw-2026-week1\2704\20260919T025559Z_2704_0255_11253c45236e.jpg
2704,C:\Users\Setekh\Desktop\ISY5002-Project\datasets\raw-2026-week1\2704\20260919T030539Z_2704_0305_5d89067fd265.jpg
2704,C:\Users\Setekh\Desktop\ISY5002-Project\datasets\raw-2026-week1\2704\20260919T031539Z_2704_0315_744a3089be94.jpg
2704,C:\Users\Setekh\Desktop\ISY5002-Project\datasets\raw-2026-week1\2704\20260919T033040Z_2704_0330_79f1bd4ac354.jpg
2704,C:\Users\Setekh\Desktop\ISY5002-Project\datasets\raw-2026-week1\2704\20260919T033600Z_2704_0336_dc8d6c246fd2.jpg
2704,C:\Users\Setekh\Desktop\ISY5002-Project\datasets\raw-2026-week1\2704\20260919T035041Z_2704_0350_9298c9a90bbd.jpg
2704,C:\Users\Setekh\Desktop\ISY5002-Project\datasets\raw-2026-week1\2704\20260919T035541Z_2704_0355_bffbb35c6bf1.jpg
2704,C:\Users\Setekh\Desktop\ISY5002-Project\datasets\raw-2026-week1\2704\20260919T040521Z_2704_0405_a93bceccf482.jpg
2704,C:\Users\Setekh\Desktop\ISY5002-Project\datasets\raw-2026-week1\2704\20260919T042042Z_2704_0420_c8d9abed4fca.jpg
2704,C:\Users\Setekh\Desktop\ISY5002-Project\datasets\raw-2026-week1\2704\20260919T042602Z_2704_0426_d7a2ddf60c20.jpg
2704,C:\Users\Setekh\Desktop\ISY5002-Project\datasets\raw-2026-week1\2704\20260919T043602Z_2704_0436_df7410da16a5.jpg
2704,C:\Users\Setekh\Desktop\ISY5002-Project\datasets\raw-2026-week1\2704\20260919T044543Z_2704_0445_c2ce72edaae8.jpg
2704,C:\Users\Setekh\Desktop\ISY5002-Project\datasets\raw-2026-week1\2704\20260919T045543Z_2704_0455_897e37df47d9.jpg
2704,C:\Users\Setekh\Desktop\ISY5002-Project\datasets\raw-2026-week1\2704\20260919T050543Z_2704_0505_457b33e9d084.jpg
2704,C:\Users\Setekh\Desktop\ISY5002-Project\datasets\raw-2026-week1\2704\20260919T052044Z_2704_0520_7c8f6ee3b984.jpg
2704,C:\Users\Setekh\Desktop\ISY5002-Project\datasets\raw-2026-week1\2704\20260919T053044Z_2704_0530_40ae5c2f1b60.jpg
2704,C:\Users\Setekh\Desktop\ISY5002-Project\datasets\raw-2026-week1\2704\20260919T054045Z_2704_0540_8b530dec8ad1.jpg
2704,C:\Users\Setekh\Desktop\ISY5002-Project\datasets\raw-2026-week1\2704\20260919T054545Z_2704_0545_3eb0f074df90.jpg
2704,C:\Users\Setekh\Desktop\ISY5002-Project\datasets\raw-2026-week1\2704\20260919T055545Z_2704_0555_a41435dec0d6.jpg
2704,C:\Users\Setekh\Desktop\ISY5002-Project\datasets\raw-2026-week1\2704\20260919T061046Z_2704_0610_a4b8124c39b2.jpg
2704,C:\Users\Setekh\Desktop\ISY5002-Project\datasets\raw-2026-week1\2704\20260919T062046Z_2704_0620_9035a0126cc0.jpg
2704,C:\Users\Setekh\Desktop\ISY5002-Project\datasets\raw-2026-week1\2704\20260919T062546Z_2704_0625_1612ed631e6f.jpg
2704,C:\Users\Setekh\Desktop\ISY5002-Project\datasets\raw-2026-week1\2704\20260919T063527Z_2704_0635_541d456e8c08.jpg
2704,C:\Users\Setekh\Desktop\ISY5002-Project\datasets\raw-2026-week1\2704\20260919T065047Z_2704_0650_7506266023e5.jpg
2704,C:\Users\Setekh\Desktop\ISY5002-Project\datasets\raw-2026-week1\2704\20260919T070048Z_2704_0700_b1edc4d8872f.jpg
2704,C:\Users\Setekh\Desktop\ISY5002-Project\datasets\raw-2026-week1\2704\20260919T071048Z_2704_0710_3887495ed03f.jpg
2704,C:\Users\Setekh\Desktop\ISY5002-Project\datasets\raw-2026-week1\2704\20260919T072048Z_2704_0720_17812f3bf4cb.jpg
2704,C:\Users\Setekh\Desktop\ISY5002-Project\datasets\raw-2026-week1\2704\20260919T073029Z_2704_0730_ad38a0c36a97.jpg
2704,C:\Users\Setekh\Desktop\ISY5002-Project\datasets\raw-2026-week1\2704\20260919T074049Z_2704_0740_8fa7a9e03c0d.jpg
2704,C:\Users\Setekh\Desktop\ISY5002-Project\datasets\raw-2026-week1\2704\20260919T075049Z_2704_0750_3d75adf900fb.jpg
2704,C:\Users\Setekh\Desktop\ISY5002-Project\datasets\raw-2026-week1\2704\20260919T080030Z_2704_0800_10c1f6ccc1b3.jpg
2704,C:\Users\Setekh\Desktop\ISY5002-Project\datasets\raw-2026-week1\2704\20260919T080530Z_2704_0805_d317dc9964be.jpg
2704,C:\Users\Setekh\Desktop\ISY5002-Project\datasets\raw-2026-week1\2704\20260919T081550Z_2704_0815_fc047b7ec2d6.jpg
2704,C:\Users\Setekh\Desktop\ISY5002-Project\datasets\raw-2026-week1\2704\20260919T083031Z_2704_0830_74f9ccb96f10.jpg
2704,C:\Users\Setekh\Desktop\ISY5002-Project\datasets\raw-2026-week1\2704\20260919T084051Z_2704_0840_e6effcfa1409.jpg
2704,C:\Users\Setekh\Desktop\ISY5002-Project\datasets\raw-2026-week1\2704\20260919T085032Z_2704_0850_9f040d78192d.jpg
2704,C:\Users\Setekh\Desktop\ISY5002-Project\datasets\raw-2026-week1\2704\20260919T090032Z_2704_0900_11f527d9149c.jpg
2704,C:\Users\Setekh\Desktop\ISY5002-Project\datasets\raw-2026-week1\2704\20260919T091052Z_2704_0910_c56e7bdb75bc.jpg
2704,C:\Users\Setekh\Desktop\ISY5002-Project\datasets\raw-2026-week1\2704\20260919T092033Z_2704_0920_57bf06a4af96.jpg
2704,C:\Users\Setekh\Desktop\ISY5002-Project\datasets\raw-2026-week1\2704\20260919T093033Z_2704_0930_c228a17fd564.jpg
2704,C:\Users\Setekh\Desktop\ISY5002-Project\datasets\raw-2026-week1\2704\20260919T093553Z_2704_0935_0304ba1a5202.jpg
2704,C:\Users\Setekh\Desktop\ISY5002-Project\datasets\raw-2026-week1\2704\20260919T095054Z_2704_0950_9838adbb3ea5.jpg
2704,C:\Users\Setekh\Desktop\ISY5002-Project\datasets\raw-2026-week1\2704\20260919T100054Z_2704_1000_87aab6ade5b1.jpg
2704,C:\Users\Setekh\Desktop\ISY5002-Project\datasets\raw-2026-week1\2704\20260919T101035Z_2704_1010_4b754fcfadac.jpg
2704,C:\Users\Setekh\Desktop\ISY5002-Project\datasets\raw-2026-week1\2704\20260919T102035Z_2704_1020_02ad58062f34.jpg
2704,C:\Users\Setekh\Desktop\ISY5002-Project\datasets\raw-2026-week1\2704\20260919T103035Z_2704_1030_046edb81afaf.jpg
2704,C:\Users\Setekh\Desktop\ISY5002-Project\datasets\raw-2026-week1\2704\20260919T104036Z_2704_1040_201c4c1653f4.jpg
2704,C:\Users\Setekh\Desktop\ISY5002-Project\datasets\raw-2026-week1\2704\20260919T105056Z_2704_1050_c8ac92230d1a.jpg
2704,C:\Users\Setekh\Desktop\ISY5002-Project\datasets\raw-2026-week1\2704\20260919T110036Z_2704_1100_1700b72c4c20.jpg
2704,C:\Users\Setekh\Desktop\ISY5002-Project\datasets\raw-2026-week1\2704\20260919T110557Z_2704_1105_6dac6835a33a.jpg
2704,C:\Users\Setekh\Desktop\ISY5002-Project\datasets\raw-2026-week1\2704\20260919T111537Z_2704_1115_f04290377d0e.jpg
2704,C:\Users\Setekh\Desktop\ISY5002-Project\datasets\raw-2026-week1\2704\20260919T112117Z_2704_1121_9218be5ac934.jpg
2704,C:\Users\Setekh\Desktop\ISY5002-Project\datasets\raw-2026-week1\2704\20260919T113038Z_2704_1130_65551c1d9a08.jpg
2704,C:\Users\Setekh\Desktop\ISY5002-Project\datasets\raw-2026-week1\2704\20260919T113538Z_2704_1135_742fd3ff201e.jpg
2704,C:\Users\Setekh\Desktop\ISY5002-Project\datasets\raw-2026-week1\2704\20260919T115038Z_2704_1150_2df9e1b20897.jpg
2704,C:\Users\Setekh\Desktop\ISY5002-Project\datasets\raw-2026-week1\2704\20260919T115619Z_2704_1156_b0b84f2e9b3a.jpg
2704,C:\Users\Setekh\Desktop\ISY5002-Project\datasets\raw-2026-week1\2704\20260919T120559Z_2704_1205_460797104ffc.jpg
2704,C:\Users\Setekh\Desktop\ISY5002-Project\datasets\raw-2026-week1\2704\20260919T121559Z_2704_1215_d7819e8fcad3.jpg
2704,C:\Users\Setekh\Desktop\ISY5002-Project\datasets\raw-2026-week1\2704\20260919T123040Z_2704_1230_608834ef7297.jpg
2704,C:\Users\Setekh\Desktop\ISY5002-Project\datasets\raw-2026-week1\2704\20260919T124040Z_2704_1240_325078b7c2a7.jpg
2704,C:\Users\Setekh\Desktop\ISY5002-Project\datasets\raw-2026-week1\2704\20260919T124541Z_2704_1245_f5413a429cb7.jpg
2704,C:\Users\Setekh\Desktop\ISY5002-Project\datasets\raw-2026-week1\2704\20260919T130041Z_2704_1300_aed42cbb6b09.jpg
2704,C:\Users\Setekh\Desktop\ISY5002-Project\datasets\raw-2026-week1\2704\20260919T131041Z_2704_1310_b64462e76fcf.jpg
2704,C:\Users\Setekh\Desktop\ISY5002-Project\datasets\raw-2026-week1\2704\20260919T131542Z_2704_1315_282c2a124d36.jpg
2704,C:\Users\Setekh\Desktop\ISY5002-Project\datasets\raw-2026-week1\2704\20260919T133042Z_2704_1330_304ec6020c6e.jpg
2704,C:\Users\Setekh\Desktop\ISY5002-Project\datasets\raw-2026-week1\2704\20260919T133542Z_2704_1335_1b89d06f222f.jpg
2704,C:\Users\Setekh\Desktop\ISY5002-Project\datasets\raw-2026-week1\2704\20260919T135043Z_2704_1350_ec21af3c2f6e.jpg
2704,C:\Users\Setekh\Desktop\ISY5002-Project\datasets\raw-2026-week1\2704\20260919T135603Z_2704_1356_6c199e2dd24d.jpg
2704,C:\Users\Setekh\Desktop\ISY5002-Project\datasets\raw-2026-week1\2704\20260919T141043Z_2704_1410_c79405a6838a.jpg
2704,C:\Users\Setekh\Desktop\ISY5002-Project\datasets\raw-2026-week1\2704\20260919T142024Z_2704_1420_50da7cce7ff2.jpg
2704,C:\Users\Setekh\Desktop\ISY5002-Project\datasets\raw-2026-week1\2704\20260919T142524Z_2704_1425_81e0ff5affc8.jpg
2704,C:\Users\Setekh\Desktop\ISY5002-Project\datasets\raw-2026-week1\2704\20260919T144045Z_2704_1440_9dd29fce0285.jpg
2704,C:\Users\Setekh\Desktop\ISY5002-Project\datasets\raw-2026-week1\2704\20260919T145045Z_2704_1450_6834fde7d7ce.jpg
2704,C:\Users\Setekh\Desktop\ISY5002-Project\datasets\raw-2026-week1\2704\20260919T145605Z_2704_1456_7ee1583e9dba.jpg
2704,C:\Users\Setekh\Desktop\ISY5002-Project\datasets\raw-2026-week1\2704\20260919T151026Z_2704_1510_91d43ea60bfb.jpg
2704,C:\Users\Setekh\Desktop\ISY5002-Project\datasets\raw-2026-week1\2704\20260919T152046Z_2704_1520_ee2c31172947.jpg
2704,C:\Users\Setekh\Desktop\ISY5002-Project\datasets\raw-2026-week1\2704\20260919T153046Z_2704_1530_bdc21c0308a8.jpg
2704,C:\Users\Setekh\Desktop\ISY5002-Project\datasets\raw-2026-week1\2704\20260919T154027Z_2704_1540_cfb0ef9d31da.jpg
2704,C:\Users\Setekh\Desktop\ISY5002-Project\datasets\raw-2026-week1\2704\20260919T155047Z_2704_1550_80d55afec3ea.jpg
2704,C:\Users\Setekh\Desktop\ISY5002-Project\datasets\raw-2026-week1\2704\20260919T160028Z_2704_1600_def0eac0efe4.jpg
2704,C:\Users\Setekh\Desktop\ISY5002-Project\datasets\raw-2026-week1\2704\20260919T161028Z_2704_1610_190ca83e7062.jpg
2704,C:\Users\Setekh\Desktop\ISY5002-Project\datasets\raw-2026-week1\2704\20260919T162028Z_2704_1620_083ffb35c0da.jpg
2704,C:\Users\Setekh\Desktop\ISY5002-Project\datasets\raw-2026-week1\2704\20260919T162548Z_2704_1625_fcd281fdcfe2.jpg
2704,C:\Users\Setekh\Desktop\ISY5002-Project\datasets\raw-2026-week1\2704\20260919T164049Z_2704_1640_95bae0c5946d.jpg
2704,C:\Users\Setekh\Desktop\ISY5002-Project\datasets\raw-2026-week1\2704\20260919T165029Z_2704_1650_33e1285bd28d.jpg
2704,C:\Users\Setekh\Desktop\ISY5002-Project\datasets\raw-2026-week1\2704\20260919T170030Z_2704_1700_e9c9a6b05a75.jpg
2704,C:\Users\Setekh\Desktop\ISY5002-Project\datasets\raw-2026-week1\2704\20260919T173051Z_2704_1730_884bfc78ec26.jpg
2704,C:\Users\Setekh\Desktop\ISY5002-Project\datasets\raw-2026-week1\2704\20260919T174031Z_2704_1740_c60b9bdb97bc.jpg
2704,C:\Users\Setekh\Desktop\ISY5002-Project\datasets\raw-2026-week1\2704\20260919T174532Z_2704_1745_80e8d99fcb44.jpg
2704,C:\Users\Setekh\Desktop\ISY5002-Project\datasets\raw-2026-week1\2704\20260919T180032Z_2704_1800_090f92b79f72.jpg
2704,C:\Users\Setekh\Desktop\ISY5002-Project\datasets\raw-2026-week1\2704\20260919T181032Z_2704_1810_1d4d05c8686f.jpg
2704,C:\Users\Setekh\Desktop\ISY5002-Project\datasets\raw-2026-week1\2704\20260919T182033Z_2704_1820_37b055b82e3a.jpg
2704,C:\Users\Setekh\Desktop\ISY5002-Project\datasets\raw-2026-week1\2704\20260919T183033Z_2704_1830_f81d947a0a17.jpg
2704,C:\Users\Setekh\Desktop\ISY5002-Project\datasets\raw-2026-week1\2704\20260919T184034Z_2704_1840_0d7a09d14030.jpg
2704,C:\Users\Setekh\Desktop\ISY5002-Project\datasets\raw-2026-week1\2704\20260919T192035Z_2704_1920_c9633879f286.jpg
2704,C:\Users\Setekh\Desktop\ISY5002-Project\datasets\raw-2026-week1\2704\20260919T193035Z_2704_1930_55ea2b48e6ed.jpg
2704,C:\Users\Setekh\Desktop\ISY5002-Project\datasets\raw-2026-week1\2704\20260919T195036Z_2704_1950_722eb290efe6.jpg
2704,C:\Users\Setekh\Desktop\ISY5002-Project\datasets\raw-2026-week1\2704\20260919T200057Z_2704_2000_db2993c874a1.jpg
2704,C:\Users\Setekh\Desktop\ISY5002-Project\datasets\raw-2026-week1\2704\20260919T200557Z_2704_2005_882b44758633.jpg
2704,C:\Users\Setekh\Desktop\ISY5002-Project\datasets\raw-2026-week1\2704\20260919T201537Z_2704_2015_75547ec5c5fa.jpg
2704,C:\Users\Setekh\Desktop\ISY5002-Project\datasets\raw-2026-week1\2704\20260919T203038Z_2704_2030_59d9f83a3937.jpg
2704,C:\Users\Setekh\Desktop\ISY5002-Project\datasets\raw-2026-week1\2704\20260919T204038Z_2704_2040_770a78b5a4dd.jpg
2704,C:\Users\Setekh\Desktop\ISY5002-Project\datasets\raw-2026-week1\2704\20260919T205038Z_2704_2050_c31da35530bd.jpg
2704,C:\Users\Setekh\Desktop\ISY5002-Project\datasets\raw-2026-week1\2704\20260919T205539Z_2704_2055_85349671618f.jpg
2704,C:\Users\Setekh\Desktop\ISY5002-Project\datasets\raw-2026-week1\2704\20260919T211039Z_2704_2110_3dddcf8a0ab2.jpg
2704,C:\Users\Setekh\Desktop\ISY5002-Project\datasets\raw-2026-week1\2704\20260919T211539Z_2704_2115_ea8f3c0bd161.jpg
2704,C:\Users\Setekh\Desktop\ISY5002-Project\datasets\raw-2026-week1\2704\20260919T213040Z_2704_2130_0b2cec25b1e4.jpg
2704,C:\Users\Setekh\Desktop\ISY5002-Project\datasets\raw-2026-week1\2704\20260919T214040Z_2704_2140_76a41ef12b3e.jpg
2704,C:\Users\Setekh\Desktop\ISY5002-Project\datasets\raw-2026-week1\2704\20260919T215041Z_2704_2150_15d530591992.jpg
2704,C:\Users\Setekh\Desktop\ISY5002-Project\datasets\raw-2026-week1\2704\20260919T220041Z_2704_2200_033c65a76aea.jpg
2704,C:\Users\Setekh\Desktop\ISY5002-Project\datasets\raw-2026-week1\2704\20260919T220601Z_2704_2206_b1c245870ffc.jpg
2704,C:\Users\Setekh\Desktop\ISY5002-Project\datasets\raw-2026-week1\2704\20260919T222042Z_2704_2220_7f3c747848f9.jpg
2704,C:\Users\Setekh\Desktop\ISY5002-Project\datasets\raw-2026-week1\2704\20260919T222542Z_2704_2225_39a4e2709902.jpg
2704,C:\Users\Setekh\Desktop\ISY5002-Project\datasets\raw-2026-week1\2704\20260919T224043Z_2704_2240_1b1f216e9d48.jpg
2704,C:\Users\Setekh\Desktop\ISY5002-Project\datasets\raw-2026-week1\2704\20260919T225043Z_2704_2250_8504be66fb67.jpg
2704,C:\Users\Setekh\Desktop\ISY5002-Project\datasets\raw-2026-week1\2704\20260919T231044Z_2704_2310_74ff16b1d19b.jpg
2704,C:\Users\Setekh\Desktop\ISY5002-Project\datasets\raw-2026-week1\2704\20260919T231544Z_2704_2315_042b2f7ae8e8.jpg
2704,C:\Users\Setekh\Desktop\ISY5002-Project\datasets\raw-2026-week1\2704\20260919T233024Z_2704_2330_17b09cd385d9.jpg
2704,C:\Users\Setekh\Desktop\ISY5002-Project\datasets\raw-2026-week1\2704\20260919T234045Z_2704_2340_44d7358c41af.jpg
2704,C:\Users\Setekh\Desktop\ISY5002-Project\datasets\raw-2026-week1\2704\20260919T235045Z_2704_2350_c2347923b2f2.jpg
2704,C:\Users\Setekh\Desktop\ISY5002-Project\datasets\raw-2026-week1\2704\20260920T000046Z_2704_0000_90d7b3ed4084.jpg
2704,C:\Users\Setekh\Desktop\ISY5002-Project\datasets\raw-2026-week1\2704\20260920T001046Z_2704_0010_6e81fe8edcc2.jpg
2704,C:\Users\Setekh\Desktop\ISY5002-Project\datasets\raw-2026-week1\2704\20260920T002046Z_2704_0020_c093cdb3928a.jpg
2704,C:\Users\Setekh\Desktop\ISY5002-Project\datasets\raw-2026-week1\2704\20260920T003027Z_2704_0030_b17ee9951fd4.jpg
2704,C:\Users\Setekh\Desktop\ISY5002-Project\datasets\raw-2026-week1\2704\20260920T004027Z_2704_0040_21944e99d1af.jpg
2704,C:\Users\Setekh\Desktop\ISY5002-Project\datasets\raw-2026-week1\2704\20260920T011548Z_2704_0115_ec557df00d48.jpg
2704,C:\Users\Setekh\Desktop\ISY5002-Project\datasets\raw-2026-week1\2704\20260920T013029Z_2704_0130_20cdcf421328.jpg
2704,C:\Users\Setekh\Desktop\ISY5002-Project\datasets\raw-2026-week1\2704\20260920T014049Z_2704_0140_f62da4fe9b6f.jpg
2704,C:\Users\Setekh\Desktop\ISY5002-Project\datasets\raw-2026-week1\2704\20260920T015030Z_2704_0150_5277779ef142.jpg
2704,C:\Users\Setekh\Desktop\ISY5002-Project\datasets\raw-2026-week1\2704\20260920T020030Z_2704_0200_8adff31b0e4b.jpg
2704,C:\Users\Setekh\Desktop\ISY5002-Project\datasets\raw-2026-week1\2704\20260920T021051Z_2704_0210_cad1ab252292.jpg
2704,C:\Users\Setekh\Desktop\ISY5002-Project\datasets\raw-2026-week1\2704\20260920T021531Z_2704_0215_40d1590b51b8.jpg
2704,C:\Users\Setekh\Desktop\ISY5002-Project\datasets\raw-2026-week1\2704\20260920T023031Z_2704_0230_06a8d7c11918.jpg
2704,C:\Users\Setekh\Desktop\ISY5002-Project\datasets\raw-2026-week1\2704\20260920T024031Z_2704_0240_d73019970021.jpg
2704,C:\Users\Setekh\Desktop\ISY5002-Project\datasets\raw-2026-week1\2704\20260920T025032Z_2704_0250_31b5379c06e7.jpg
2704,C:\Users\Setekh\Desktop\ISY5002-Project\datasets\raw-2026-week1\2704\20260920T030052Z_2704_0300_d13213fbf875.jpg
2704,C:\Users\Setekh\Desktop\ISY5002-Project\datasets\raw-2026-week1\2704\20260920T031033Z_2704_0310_d61cd43216b4.jpg
2704,C:\Users\Setekh\Desktop\ISY5002-Project\datasets\raw-2026-week1\2704\20260920T032033Z_2704_0320_5d6e175cf61a.jpg
2704,C:\Users\Setekh\Desktop\ISY5002-Project\datasets\raw-2026-week1\2704\20260920T033033Z_2704_0330_a4f8e98f0c49.jpg
2704,C:\Users\Setekh\Desktop\ISY5002-Project\datasets\raw-2026-week1\2704\20260920T034054Z_2704_0340_16a4572b6836.jpg
2704,C:\Users\Setekh\Desktop\ISY5002-Project\datasets\raw-2026-week1\2704\20260920T035034Z_2704_0350_cf1099d603d6.jpg
2704,C:\Users\Setekh\Desktop\ISY5002-Project\datasets\raw-2026-week1\2704\20260920T040034Z_2704_0400_1989caffe210.jpg
2704,C:\Users\Setekh\Desktop\ISY5002-Project\datasets\raw-2026-week1\2704\20260920T041055Z_2704_0410_08f760ec482e.jpg
2704,C:\Users\Setekh\Desktop\ISY5002-Project\datasets\raw-2026-week1\2704\20260920T042035Z_2704_0420_b3620279d685.jpg
2704,C:\Users\Setekh\Desktop\ISY5002-Project\datasets\raw-2026-week1\2704\20260920T043036Z_2704_0430_dc27869c9799.jpg
2704,C:\Users\Setekh\Desktop\ISY5002-Project\datasets\raw-2026-week1\2704\20260920T043556Z_2704_0435_d8d551cc5b44.jpg
2704,C:\Users\Setekh\Desktop\ISY5002-Project\datasets\raw-2026-week1\2704\20260920T045036Z_2704_0450_6dc8b1fe3662.jpg
2704,C:\Users\Setekh\Desktop\ISY5002-Project\datasets\raw-2026-week1\2704\20260920T045536Z_2704_0455_0a38ec257e1b.jpg
2704,C:\Users\Setekh\Desktop\ISY5002-Project\datasets\raw-2026-week1\2704\20260920T050557Z_2704_0505_78853dadd3bb.jpg
2704,C:\Users\Setekh\Desktop\ISY5002-Project\datasets\raw-2026-week1\2704\20260920T052037Z_2704_0520_f8cf73bbb613.jpg
2704,C:\Users\Setekh\Desktop\ISY5002-Project\datasets\raw-2026-week1\2704\20260920T053038Z_2704_0530_ca1aa1f57b96.jpg
2704,C:\Users\Setekh\Desktop\ISY5002-Project\datasets\raw-2026-week1\2704\20260920T053558Z_2704_0535_96783be79d5a.jpg
2704,C:\Users\Setekh\Desktop\ISY5002-Project\datasets\raw-2026-week1\2704\20260920T054558Z_2704_0545_e130d5f6ac14.jpg
2704,C:\Users\Setekh\Desktop\ISY5002-Project\datasets\raw-2026-week1\2704\20260920T060019Z_2704_0600_ac0ba4827d78.jpg
2704,C:\Users\Setekh\Desktop\ISY5002-Project\datasets\raw-2026-week1\2704\20260920T060559Z_2704_0605_f635d8cad64a.jpg
2704,C:\Users\Setekh\Desktop\ISY5002-Project\datasets\raw-2026-week1\2704\20260920T061539Z_2704_0615_9270a7d0b427.jpg
2704,C:\Users\Setekh\Desktop\ISY5002-Project\datasets\raw-2026-week1\2704\20260920T063040Z_2704_0630_0a93bcf2357b.jpg
2704,C:\Users\Setekh\Desktop\ISY5002-Project\datasets\raw-2026-week1\2704\20260920T064040Z_2704_0640_ad76a35369aa.jpg
2704,C:\Users\Setekh\Desktop\ISY5002-Project\datasets\raw-2026-week1\2704\20260920T065041Z_2704_0650_95ddbe785cbf.jpg
2704,C:\Users\Setekh\Desktop\ISY5002-Project\datasets\raw-2026-week1\2704\20260920T070021Z_2704_0700_cf8b771f2095.jpg
2704,C:\Users\Setekh\Desktop\ISY5002-Project\datasets\raw-2026-week1\2704\20260920T070601Z_2704_0706_688068df73b8.jpg
2704,C:\Users\Setekh\Desktop\ISY5002-Project\datasets\raw-2026-week1\2704\20260920T071602Z_2704_0716_26ef5dc5fce0.jpg
2704,C:\Users\Setekh\Desktop\ISY5002-Project\datasets\raw-2026-week1\2704\20260920T073042Z_2704_0730_c0b78a8c8e06.jpg
2704,C:\Users\Setekh\Desktop\ISY5002-Project\datasets\raw-2026-week1\2704\20260920T074042Z_2704_0740_5beb8954794e.jpg
2704,C:\Users\Setekh\Desktop\ISY5002-Project\datasets\raw-2026-week1\2704\20260920T075023Z_2704_0750_89473a27e579.jpg
2704,C:\Users\Setekh\Desktop\ISY5002-Project\datasets\raw-2026-week1\2704\20260920T080043Z_2704_0800_b85295e192ce.jpg
2704,C:\Users\Setekh\Desktop\ISY5002-Project\datasets\raw-2026-week1\2704\20260920T081044Z_2704_0810_e19b17153a3a.jpg
2704,C:\Users\Setekh\Desktop\ISY5002-Project\datasets\raw-2026-week1\2704\20260920T082044Z_2704_0820_9588b52fd611.jpg
2704,C:\Users\Setekh\Desktop\ISY5002-Project\datasets\raw-2026-week1\2704\20260920T083044Z_2704_0830_9797fe222977.jpg
2704,C:\Users\Setekh\Desktop\ISY5002-Project\datasets\raw-2026-week1\2704\20260920T084045Z_2704_0840_34b630d276a5.jpg
2704,C:\Users\Setekh\Desktop\ISY5002-Project\datasets\raw-2026-week1\2704\20260920T085045Z_2704_0850_5c5f5149e7e0.jpg
2704,C:\Users\Setekh\Desktop\ISY5002-Project\datasets\raw-2026-week1\2704\20260920T090045Z_2704_0900_b263e626d9d6.jpg
2704,C:\Users\Setekh\Desktop\ISY5002-Project\datasets\raw-2026-week1\2704\20260920T091046Z_2704_0910_797984b9f6ad.jpg
2704,C:\Users\Setekh\Desktop\ISY5002-Project\datasets\raw-2026-week1\2704\20260920T092046Z_2704_0920_c6ba723fbad3.jpg
2704,C:\Users\Setekh\Desktop\ISY5002-Project\datasets\raw-2026-week1\2704\20260920T093027Z_2704_0930_18a3e3814ae5.jpg
2704,C:\Users\Setekh\Desktop\ISY5002-Project\datasets\raw-2026-week1\2704\20260920T094027Z_2704_0940_b775d202a6e2.jpg
2704,C:\Users\Setekh\Desktop\ISY5002-Project\datasets\raw-2026-week1\2704\20260920T095027Z_2704_0950_9d328307c019.jpg
2704,C:\Users\Setekh\Desktop\ISY5002-Project\datasets\raw-2026-week1\2704\20260920T100028Z_2704_1000_b78615a13161.jpg
2704,C:\Users\Setekh\Desktop\ISY5002-Project\datasets\raw-2026-week1\2704\20260920T101028Z_2704_1010_fdbe8b00f643.jpg
2704,C:\Users\Setekh\Desktop\ISY5002-Project\datasets\raw-2026-week1\2704\20260920T102048Z_2704_1020_440a8131906d.jpg
2704,C:\Users\Setekh\Desktop\ISY5002-Project\datasets\raw-2026-week1\2704\20260920T103029Z_2704_1030_a87759cff97c.jpg
2704,C:\Users\Setekh\Desktop\ISY5002-Project\datasets\raw-2026-week1\2704\20260920T104029Z_2704_1040_ff5db2419435.jpg
2704,C:\Users\Setekh\Desktop\ISY5002-Project\datasets\raw-2026-week1\2704\20260920T105029Z_2704_1050_d6bf76646631.jpg
2704,C:\Users\Setekh\Desktop\ISY5002-Project\datasets\raw-2026-week1\2704\20260920T110030Z_2704_1100_f92a84624d12.jpg
2704,C:\Users\Setekh\Desktop\ISY5002-Project\datasets\raw-2026-week1\2704\20260920T111030Z_2704_1110_b3c3e249c8a1.jpg
2704,C:\Users\Setekh\Desktop\ISY5002-Project\datasets\raw-2026-week1\2704\20260920T112031Z_2704_1120_1772424273aa.jpg
2704,C:\Users\Setekh\Desktop\ISY5002-Project\datasets\raw-2026-week1\2704\20260920T113051Z_2704_1130_a882e4f6a011.jpg
2704,C:\Users\Setekh\Desktop\ISY5002-Project\datasets\raw-2026-week1\2704\20260920T114031Z_2704_1140_43a32864f48c.jpg
2704,C:\Users\Setekh\Desktop\ISY5002-Project\datasets\raw-2026-week1\2704\20260920T115052Z_2704_1150_f5f017d4d2f3.jpg
2704,C:\Users\Setekh\Desktop\ISY5002-Project\datasets\raw-2026-week1\2704\20260920T120052Z_2704_1200_e32ce2f65656.jpg
2704,C:\Users\Setekh\Desktop\ISY5002-Project\datasets\raw-2026-week1\2704\20260920T121052Z_2704_1210_1031efb0ee85.jpg
2704,C:\Users\Setekh\Desktop\ISY5002-Project\datasets\raw-2026-week1\2704\20260920T121553Z_2704_1215_95900362ac21.jpg
2704,C:\Users\Setekh\Desktop\ISY5002-Project\datasets\raw-2026-week1\2704\20260920T123053Z_2704_1230_f085e356f582.jpg
2704,C:\Users\Setekh\Desktop\ISY5002-Project\datasets\raw-2026-week1\2704\20260920T124034Z_2704_1240_a632cdd322ac.jpg
2704,C:\Users\Setekh\Desktop\ISY5002-Project\datasets\raw-2026-week1\2704\20260920T125034Z_2704_1250_4f271b615c83.jpg
2704,C:\Users\Setekh\Desktop\ISY5002-Project\datasets\raw-2026-week1\2704\20260920T130054Z_2704_1300_9a9909be5eb5.jpg
2704,C:\Users\Setekh\Desktop\ISY5002-Project\datasets\raw-2026-week1\2704\20260920T130615Z_2704_1306_d22b4ecb17fc.jpg
2704,C:\Users\Setekh\Desktop\ISY5002-Project\datasets\raw-2026-week1\2704\20260920T131555Z_2704_1315_1415436853ba.jpg
2704,C:\Users\Setekh\Desktop\ISY5002-Project\datasets\raw-2026-week1\2704\20260920T133055Z_2704_1330_c369f977b45c.jpg
2704,C:\Users\Setekh\Desktop\ISY5002-Project\datasets\raw-2026-week1\2704\20260920T133556Z_2704_1335_183b58720efb.jpg
2704,C:\Users\Setekh\Desktop\ISY5002-Project\datasets\raw-2026-week1\2704\20260920T135036Z_2704_1350_5621bcfb1bea.jpg
2704,C:\Users\Setekh\Desktop\ISY5002-Project\datasets\raw-2026-week1\2704\20260920T135556Z_2704_1355_91cf20becf95.jpg
2704,C:\Users\Setekh\Desktop\ISY5002-Project\datasets\raw-2026-week1\2704\20260920T140537Z_2704_1405_dba8bf8d9881.jpg
2704,C:\Users\Setekh\Desktop\ISY5002-Project\datasets\raw-2026-week1\2704\20260920T142037Z_2704_1420_ed3cebc7f59c.jpg
2704,C:\Users\Setekh\Desktop\ISY5002-Project\datasets\raw-2026-week1\2704\20260920T142537Z_2704_1425_ce3bab2ca33a.jpg
2704,C:\Users\Setekh\Desktop\ISY5002-Project\datasets\raw-2026-week1\2704\20260920T143538Z_2704_1435_3aeb35431497.jpg
2704,C:\Users\Setekh\Desktop\ISY5002-Project\datasets\raw-2026-week1\2704\20260920T145018Z_2704_1450_4e4960e4e29f.jpg
2704,C:\Users\Setekh\Desktop\ISY5002-Project\datasets\raw-2026-week1\2704\20260920T145619Z_2704_1456_b373deda6c48.jpg
2704,C:\Users\Setekh\Desktop\ISY5002-Project\datasets\raw-2026-week1\2704\20260920T150559Z_2704_1505_701f7246e456.jpg
2704,C:\Users\Setekh\Desktop\ISY5002-Project\datasets\raw-2026-week1\2704\20260920T152039Z_2704_1520_20110e9e7082.jpg
2704,C:\Users\Setekh\Desktop\ISY5002-Project\datasets\raw-2026-week1\2704\20260920T152600Z_2704_1526_d1877ac1873a.jpg
2704,C:\Users\Setekh\Desktop\ISY5002-Project\datasets\raw-2026-week1\2704\20260920T154040Z_2704_1540_f7f5a37c42cc.jpg
2704,C:\Users\Setekh\Desktop\ISY5002-Project\datasets\raw-2026-week1\2704\20260920T155041Z_2704_1550_b490b9393712.jpg
4703,C:\Users\Setekh\Desktop\ISY5002-Project\datasets\raw-2026-week1\4703\20260913T124023Z_4703_1240_b0d4f6216b0f.jpg
4703,C:\Users\Setekh\Desktop\ISY5002-Project\datasets\raw-2026-week1\4703\20260913T164052Z_4703_1640_b1457467687a.jpg
4703,C:\Users\Setekh\Desktop\ISY5002-Project\datasets\raw-2026-week1\4703\20260913T165033Z_4703_1650_0e726f94298a.jpg
4703,C:\Users\Setekh\Desktop\ISY5002-Project\datasets\raw-2026-week1\4703\20260913T165553Z_4703_1655_94e94ed3f600.jpg
4703,C:\Users\Setekh\Desktop\ISY5002-Project\datasets\raw-2026-week1\4703\20260913T170053Z_4703_1700_fd72afdf20e9.jpg
4703,C:\Users\Setekh\Desktop\ISY5002-Project\datasets\raw-2026-week1\4703\20260913T171053Z_4703_1710_4a747682ea8b.jpg
4703,C:\Users\Setekh\Desktop\ISY5002-Project\datasets\raw-2026-week1\4703\20260913T172054Z_4703_1720_377b3ebfeb42.jpg
4703,C:\Users\Setekh\Desktop\ISY5002-Project\datasets\raw-2026-week1\4703\20260913T172554Z_4703_1725_55508cae9f7f.jpg
4703,C:\Users\Setekh\Desktop\ISY5002-Project\datasets\raw-2026-week1\4703\20260913T173034Z_4703_1730_7d39415aba0b.jpg
4703,C:\Users\Setekh\Desktop\ISY5002-Project\datasets\raw-2026-week1\4703\20260913T174034Z_4703_1740_2410153d7b38.jpg
4703,C:\Users\Setekh\Desktop\ISY5002-Project\datasets\raw-2026-week1\4703\20260913T175055Z_4703_1750_a4c2d63fd5cc.jpg
4703,C:\Users\Setekh\Desktop\ISY5002-Project\datasets\raw-2026-week1\4703\20260913T180055Z_4703_1800_e33db7657578.jpg
4703,C:\Users\Setekh\Desktop\ISY5002-Project\datasets\raw-2026-week1\4703\20260913T180535Z_4703_1805_40f7e68fe39b.jpg
4703,C:\Users\Setekh\Desktop\ISY5002-Project\datasets\raw-2026-week1\4703\20260913T181556Z_4703_1815_b512bd8f691c.jpg
4703,C:\Users\Setekh\Desktop\ISY5002-Project\datasets\raw-2026-week1\4703\20260913T191038Z_4703_1910_78b727ad92ab.jpg
4703,C:\Users\Setekh\Desktop\ISY5002-Project\datasets\raw-2026-week1\4703\20260913T192018Z_4703_1920_a3c76ae15f17.jpg
4703,C:\Users\Setekh\Desktop\ISY5002-Project\datasets\raw-2026-week1\4703\20260913T212103Z_4703_2121_7d951506dad7.jpg
4703,C:\Users\Setekh\Desktop\ISY5002-Project\datasets\raw-2026-week1\4703\20260913T212603Z_4703_2126_31cd6ae1b863.jpg
4703,C:\Users\Setekh\Desktop\ISY5002-Project\datasets\raw-2026-week1\4703\20260913T231547Z_4703_2315_835754ac60fb.jpg
4703,C:\Users\Setekh\Desktop\ISY5002-Project\datasets\raw-2026-week1\4703\20260913T232027Z_4703_2320_42ae5f1a9410.jpg
4703,C:\Users\Setekh\Desktop\ISY5002-Project\datasets\raw-2026-week1\4703\20260914T005550Z_4703_0055_6cb996286aff.jpg
4703,C:\Users\Setekh\Desktop\ISY5002-Project\datasets\raw-2026-week1\4703\20260914T010031Z_4703_0100_884b884efee1.jpg
4703,C:\Users\Setekh\Desktop\ISY5002-Project\datasets\raw-2026-week1\4703\20260914T011031Z_4703_0110_7f971b7d780a.jpg
4703,C:\Users\Setekh\Desktop\ISY5002-Project\datasets\raw-2026-week1\4703\20260914T012051Z_4703_0120_30872583cc2e.jpg
4703,C:\Users\Setekh\Desktop\ISY5002-Project\datasets\raw-2026-week1\4703\20260914T013032Z_4703_0130_62bcaa1e8ce9.jpg
4703,C:\Users\Setekh\Desktop\ISY5002-Project\datasets\raw-2026-week1\4703\20260914T014052Z_4703_0140_f3d99da3c3c3.jpg
4703,C:\Users\Setekh\Desktop\ISY5002-Project\datasets\raw-2026-week1\4703\20260914T015052Z_4703_0150_7f0b4b44634f.jpg
4703,C:\Users\Setekh\Desktop\ISY5002-Project\datasets\raw-2026-week1\4703\20260914T020033Z_4703_0200_ab800f77a9f7.jpg
4703,C:\Users\Setekh\Desktop\ISY5002-Project\datasets\raw-2026-week1\4703\20260914T021033Z_4703_0210_440c7f767cca.jpg
4703,C:\Users\Setekh\Desktop\ISY5002-Project\datasets\raw-2026-week1\4703\20260914T022053Z_4703_0220_f3e9b7ad61ef.jpg
4703,C:\Users\Setekh\Desktop\ISY5002-Project\datasets\raw-2026-week1\4703\20260914T023034Z_4703_0230_a96223c07179.jpg
4703,C:\Users\Setekh\Desktop\ISY5002-Project\datasets\raw-2026-week1\4703\20260914T024034Z_4703_0240_e11010225bf2.jpg
4703,C:\Users\Setekh\Desktop\ISY5002-Project\datasets\raw-2026-week1\4703\20260914T025055Z_4703_0250_dc8f4ca19ac9.jpg
4703,C:\Users\Setekh\Desktop\ISY5002-Project\datasets\raw-2026-week1\4703\20260914T030035Z_4703_0300_48bd1f6ffea7.jpg
4703,C:\Users\Setekh\Desktop\ISY5002-Project\datasets\raw-2026-week1\4703\20260914T031055Z_4703_0310_9109c73424e6.jpg
4703,C:\Users\Setekh\Desktop\ISY5002-Project\datasets\raw-2026-week1\4703\20260914T031556Z_4703_0315_bcba9dccea34.jpg
4703,C:\Users\Setekh\Desktop\ISY5002-Project\datasets\raw-2026-week1\4703\20260914T033056Z_4703_0330_671315405058.jpg
4703,C:\Users\Setekh\Desktop\ISY5002-Project\datasets\raw-2026-week1\4703\20260914T034056Z_4703_0340_bba6050a873d.jpg
4703,C:\Users\Setekh\Desktop\ISY5002-Project\datasets\raw-2026-week1\4703\20260914T034617Z_4703_0346_491b6fe2110a.jpg
4703,C:\Users\Setekh\Desktop\ISY5002-Project\datasets\raw-2026-week1\4703\20260914T035557Z_4703_0355_601540668c62.jpg
4703,C:\Users\Setekh\Desktop\ISY5002-Project\datasets\raw-2026-week1\4703\20260914T040557Z_4703_0405_4885af6fe1e2.jpg
4703,C:\Users\Setekh\Desktop\ISY5002-Project\datasets\raw-2026-week1\4703\20260914T041558Z_4703_0415_7ab77b97e2f7.jpg
4703,C:\Users\Setekh\Desktop\ISY5002-Project\datasets\raw-2026-week1\4703\20260914T043018Z_4703_0430_798fdb4fa8eb.jpg
4703,C:\Users\Setekh\Desktop\ISY5002-Project\datasets\raw-2026-week1\4703\20260914T043559Z_4703_0435_228df573de34.jpg
4703,C:\Users\Setekh\Desktop\ISY5002-Project\datasets\raw-2026-week1\4703\20260914T045039Z_4703_0450_bf282d42d2ec.jpg
4703,C:\Users\Setekh\Desktop\ISY5002-Project\datasets\raw-2026-week1\4703\20260914T045559Z_4703_0455_9c5a6dcb46ba.jpg
4703,C:\Users\Setekh\Desktop\ISY5002-Project\datasets\raw-2026-week1\4703\20260914T051040Z_4703_0510_b9ccf1f11353.jpg
4703,C:\Users\Setekh\Desktop\ISY5002-Project\datasets\raw-2026-week1\4703\20260914T051540Z_4703_0515_a4abff3672a3.jpg
4703,C:\Users\Setekh\Desktop\ISY5002-Project\datasets\raw-2026-week1\4703\20260914T052600Z_4703_0526_74a4410c821f.jpg
4703,C:\Users\Setekh\Desktop\ISY5002-Project\datasets\raw-2026-week1\4703\20260914T054041Z_4703_0540_9711f1006124.jpg
4703,C:\Users\Setekh\Desktop\ISY5002-Project\datasets\raw-2026-week1\4703\20260914T054601Z_4703_0546_a2c44c89140e.jpg
4703,C:\Users\Setekh\Desktop\ISY5002-Project\datasets\raw-2026-week1\4703\20260914T060042Z_4703_0600_c87fe313c0ee.jpg
4703,C:\Users\Setekh\Desktop\ISY5002-Project\datasets\raw-2026-week1\4703\20260914T060542Z_4703_0605_57f10dbebb8c.jpg
4703,C:\Users\Setekh\Desktop\ISY5002-Project\datasets\raw-2026-week1\4703\20260914T061602Z_4703_0616_f80ec154f51c.jpg
4703,C:\Users\Setekh\Desktop\ISY5002-Project\datasets\raw-2026-week1\4703\20260914T063043Z_4703_0630_1cafa3f77b1f.jpg
4703,C:\Users\Setekh\Desktop\ISY5002-Project\datasets\raw-2026-week1\4703\20260914T063543Z_4703_0635_0b4f6b94eab2.jpg
4703,C:\Users\Setekh\Desktop\ISY5002-Project\datasets\raw-2026-week1\4703\20260914T064043Z_4703_0640_7f7de4486dc6.jpg
4703,C:\Users\Setekh\Desktop\ISY5002-Project\datasets\raw-2026-week1\4703\20260914T064603Z_4703_0646_46b59000bdc0.jpg
4703,C:\Users\Setekh\Desktop\ISY5002-Project\datasets\raw-2026-week1\4703\20260914T070024Z_4703_0700_80a7512ec1c8.jpg
4703,C:\Users\Setekh\Desktop\ISY5002-Project\datasets\raw-2026-week1\4703\20260914T071024Z_4703_0710_85457fb14b78.jpg
4703,C:\Users\Setekh\Desktop\ISY5002-Project\datasets\raw-2026-week1\4703\20260914T071524Z_4703_0715_98e7d1239d90.jpg
4703,C:\Users\Setekh\Desktop\ISY5002-Project\datasets\raw-2026-week1\4703\20260914T073025Z_4703_0730_5085261be075.jpg
4703,C:\Users\Setekh\Desktop\ISY5002-Project\datasets\raw-2026-week1\4703\20260914T074045Z_4703_0740_105c3685bdf4.jpg
4703,C:\Users\Setekh\Desktop\ISY5002-Project\datasets\raw-2026-week1\4703\20260914T075046Z_4703_0750_20e0cf99d630.jpg
4703,C:\Users\Setekh\Desktop\ISY5002-Project\datasets\raw-2026-week1\4703\20260914T080046Z_4703_0800_93b0e9387afd.jpg
4703,C:\Users\Setekh\Desktop\ISY5002-Project\datasets\raw-2026-week1\4703\20260914T081046Z_4703_0810_c5f7cba497ad.jpg
4703,C:\Users\Setekh\Desktop\ISY5002-Project\datasets\raw-2026-week1\4703\20260914T081547Z_4703_0815_f9ceaf2fdaa9.jpg
4703,C:\Users\Setekh\Desktop\ISY5002-Project\datasets\raw-2026-week1\4703\20260914T083047Z_4703_0830_f8bba0930b87.jpg
4703,C:\Users\Setekh\Desktop\ISY5002-Project\datasets\raw-2026-week1\4703\20260914T084047Z_4703_0840_2aa211fbe249.jpg
4703,C:\Users\Setekh\Desktop\ISY5002-Project\datasets\raw-2026-week1\4703\20260914T085028Z_4703_0850_dcd04191ded2.jpg
4703,C:\Users\Setekh\Desktop\ISY5002-Project\datasets\raw-2026-week1\4703\20260914T090048Z_4703_0900_591618898beb.jpg
4703,C:\Users\Setekh\Desktop\ISY5002-Project\datasets\raw-2026-week1\4703\20260914T091049Z_4703_0910_b3355e259660.jpg
4703,C:\Users\Setekh\Desktop\ISY5002-Project\datasets\raw-2026-week1\4703\20260914T092029Z_4703_0920_affcc70bf652.jpg
4703,C:\Users\Setekh\Desktop\ISY5002-Project\datasets\raw-2026-week1\4703\20260914T092549Z_4703_0925_a74c373585c8.jpg
4703,C:\Users\Setekh\Desktop\ISY5002-Project\datasets\raw-2026-week1\4703\20260914T094030Z_4703_0940_e8409598b58b.jpg
4703,C:\Users\Setekh\Desktop\ISY5002-Project\datasets\raw-2026-week1\4703\20260914T095050Z_4703_0950_598fea651704.jpg
4703,C:\Users\Setekh\Desktop\ISY5002-Project\datasets\raw-2026-week1\4703\20260914T100030Z_4703_1000_982f04dd2f48.jpg
4703,C:\Users\Setekh\Desktop\ISY5002-Project\datasets\raw-2026-week1\4703\20260914T101051Z_4703_1010_3ae059373d38.jpg
4703,C:\Users\Setekh\Desktop\ISY5002-Project\datasets\raw-2026-week1\4703\20260914T102051Z_4703_1020_f739c30417cf.jpg
4703,C:\Users\Setekh\Desktop\ISY5002-Project\datasets\raw-2026-week1\4703\20260914T103052Z_4703_1030_ce441a6ab728.jpg
4703,C:\Users\Setekh\Desktop\ISY5002-Project\datasets\raw-2026-week1\4703\20260914T104052Z_4703_1040_e0c25b993e8b.jpg
4703,C:\Users\Setekh\Desktop\ISY5002-Project\datasets\raw-2026-week1\4703\20260914T105032Z_4703_1050_6ff716cee2ec.jpg
4703,C:\Users\Setekh\Desktop\ISY5002-Project\datasets\raw-2026-week1\4703\20260914T110053Z_4703_1100_360f75348aba.jpg
4703,C:\Users\Setekh\Desktop\ISY5002-Project\datasets\raw-2026-week1\4703\20260914T111053Z_4703_1110_5ec47472cbcb.jpg
4703,C:\Users\Setekh\Desktop\ISY5002-Project\datasets\raw-2026-week1\4703\20260914T111553Z_4703_1115_d0b2cef6cfd4.jpg
4703,C:\Users\Setekh\Desktop\ISY5002-Project\datasets\raw-2026-week1\4703\20260914T113054Z_4703_1130_7bb4f1fb71c3.jpg
4703,C:\Users\Setekh\Desktop\ISY5002-Project\datasets\raw-2026-week1\4703\20260914T114054Z_4703_1140_79b39d49c9c3.jpg
4703,C:\Users\Setekh\Desktop\ISY5002-Project\datasets\raw-2026-week1\4703\20260914T115034Z_4703_1150_165d8f1b6aa4.jpg
4703,C:\Users\Setekh\Desktop\ISY5002-Project\datasets\raw-2026-week1\4703\20260914T120035Z_4703_1200_3de0d45a4926.jpg
4703,C:\Users\Setekh\Desktop\ISY5002-Project\datasets\raw-2026-week1\4703\20260914T121055Z_4703_1210_237fb52963b9.jpg
4703,C:\Users\Setekh\Desktop\ISY5002-Project\datasets\raw-2026-week1\4703\20260914T121555Z_4703_1215_1df162c6b400.jpg
4703,C:\Users\Setekh\Desktop\ISY5002-Project\datasets\raw-2026-week1\4703\20260914T123036Z_4703_1230_952e4a726533.jpg
4703,C:\Users\Setekh\Desktop\ISY5002-Project\datasets\raw-2026-week1\4703\20260914T123556Z_4703_1235_9d75cbd8cc19.jpg
4703,C:\Users\Setekh\Desktop\ISY5002-Project\datasets\raw-2026-week1\4703\20260914T124557Z_4703_1245_b03208846cbe.jpg
4703,C:\Users\Setekh\Desktop\ISY5002-Project\datasets\raw-2026-week1\4703\20260914T125557Z_4703_1255_92f1f1551478.jpg
4703,C:\Users\Setekh\Desktop\ISY5002-Project\datasets\raw-2026-week1\4703\20260914T130557Z_4703_1305_81305cba8699.jpg
4703,C:\Users\Setekh\Desktop\ISY5002-Project\datasets\raw-2026-week1\4703\20260914T131558Z_4703_1315_828c896b1fc4.jpg
4703,C:\Users\Setekh\Desktop\ISY5002-Project\datasets\raw-2026-week1\4703\20260914T133038Z_4703_1330_f957e520007d.jpg
4703,C:\Users\Setekh\Desktop\ISY5002-Project\datasets\raw-2026-week1\4703\20260914T133538Z_4703_1335_e90ed692b3ea.jpg
4703,C:\Users\Setekh\Desktop\ISY5002-Project\datasets\raw-2026-week1\4703\20260914T134559Z_4703_1345_760c3e9cccdb.jpg
4703,C:\Users\Setekh\Desktop\ISY5002-Project\datasets\raw-2026-week1\4703\20260914T140039Z_4703_1400_d001555939f3.jpg
4703,C:\Users\Setekh\Desktop\ISY5002-Project\datasets\raw-2026-week1\4703\20260914T141040Z_4703_1410_df61b09c4515.jpg
4703,C:\Users\Setekh\Desktop\ISY5002-Project\datasets\raw-2026-week1\4703\20260914T141600Z_4703_1416_e65785e74ea4.jpg
4703,C:\Users\Setekh\Desktop\ISY5002-Project\datasets\raw-2026-week1\4703\20260914T143040Z_4703_1430_854d9bf83d8e.jpg
4703,C:\Users\Setekh\Desktop\ISY5002-Project\datasets\raw-2026-week1\4703\20260914T143541Z_4703_1435_3135b7cde461.jpg
4703,C:\Users\Setekh\Desktop\ISY5002-Project\datasets\raw-2026-week1\4703\20260914T144601Z_4703_1446_6f4887126e87.jpg
4703,C:\Users\Setekh\Desktop\ISY5002-Project\datasets\raw-2026-week1\4703\20260914T150022Z_4703_1500_ed14e3acdd95.jpg
4703,C:\Users\Setekh\Desktop\ISY5002-Project\datasets\raw-2026-week1\4703\20260914T151042Z_4703_1510_fe8156c65f0e.jpg
4703,C:\Users\Setekh\Desktop\ISY5002-Project\datasets\raw-2026-week1\4703\20260914T151602Z_4703_1516_ed82c1063b72.jpg
4703,C:\Users\Setekh\Desktop\ISY5002-Project\datasets\raw-2026-week1\4703\20260914T153043Z_4703_1530_255583f26385.jpg
4703,C:\Users\Setekh\Desktop\ISY5002-Project\datasets\raw-2026-week1\4703\20260914T154043Z_4703_1540_ad9b4ddbf0fc.jpg
4703,C:\Users\Setekh\Desktop\ISY5002-Project\datasets\raw-2026-week1\4703\20260914T155043Z_4703_1550_1e5704ee81f5.jpg
4703,C:\Users\Setekh\Desktop\ISY5002-Project\datasets\raw-2026-week1\4703\20260914T155604Z_4703_1556_ab82808d3d16.jpg
4703,C:\Users\Setekh\Desktop\ISY5002-Project\datasets\raw-2026-week1\4703\20260914T161044Z_4703_1610_0127f6d2901b.jpg
4703,C:\Users\Setekh\Desktop\ISY5002-Project\datasets\raw-2026-week1\4703\20260914T161604Z_4703_1616_ff03b8d6ef7a.jpg
4703,C:\Users\Setekh\Desktop\ISY5002-Project\datasets\raw-2026-week1\4703\20260914T162545Z_4703_1625_97a9f5b1206c.jpg
4703,C:\Users\Setekh\Desktop\ISY5002-Project\datasets\raw-2026-week1\4703\20260914T163545Z_4703_1635_c2c9e0b8c107.jpg
4703,C:\Users\Setekh\Desktop\ISY5002-Project\datasets\raw-2026-week1\4703\20260914T165046Z_4703_1650_e7439884883a.jpg
4703,C:\Users\Setekh\Desktop\ISY5002-Project\datasets\raw-2026-week1\4703\20260914T165546Z_4703_1655_0930453b7faf.jpg
4703,C:\Users\Setekh\Desktop\ISY5002-Project\datasets\raw-2026-week1\4703\20260914T171046Z_4703_1710_2dde527eb630.jpg
4703,C:\Users\Setekh\Desktop\ISY5002-Project\datasets\raw-2026-week1\4703\20260914T172027Z_4703_1720_df0341cd77af.jpg
4703,C:\Users\Setekh\Desktop\ISY5002-Project\datasets\raw-2026-week1\4703\20260914T172547Z_4703_1725_28fbe011ea9d.jpg
4703,C:\Users\Setekh\Desktop\ISY5002-Project\datasets\raw-2026-week1\4703\20260914T210555Z_4703_2105_32822c1ed635.jpg
4703,C:\Users\Setekh\Desktop\ISY5002-Project\datasets\raw-2026-week1\4703\20260914T211536Z_4703_2115_c14a80f851a3.jpg
4703,C:\Users\Setekh\Desktop\ISY5002-Project\datasets\raw-2026-week1\4703\20260914T213556Z_4703_2135_9f10805feb72.jpg
4703,C:\Users\Setekh\Desktop\ISY5002-Project\datasets\raw-2026-week1\4703\20260914T214557Z_4703_2145_67e619ec5c6e.jpg
4703,C:\Users\Setekh\Desktop\ISY5002-Project\datasets\raw-2026-week1\4703\20260914T224039Z_4703_2240_ace541e91a99.jpg
4703,C:\Users\Setekh\Desktop\ISY5002-Project\datasets\raw-2026-week1\4703\20260914T233041Z_4703_2330_93078b33502d.jpg
4703,C:\Users\Setekh\Desktop\ISY5002-Project\datasets\raw-2026-week1\4703\20260914T233521Z_4703_2335_2fd495e1a5bb.jpg
4703,C:\Users\Setekh\Desktop\ISY5002-Project\datasets\raw-2026-week1\4703\20260914T234521Z_4703_2345_47993a5b535b.jpg
4703,C:\Users\Setekh\Desktop\ISY5002-Project\datasets\raw-2026-week1\4703\20260915T000042Z_4703_0000_c0d08da503cd.jpg
4703,C:\Users\Setekh\Desktop\ISY5002-Project\datasets\raw-2026-week1\4703\20260915T001042Z_4703_0010_1216c5ec0366.jpg
4703,C:\Users\Setekh\Desktop\ISY5002-Project\datasets\raw-2026-week1\4703\20260915T002042Z_4703_0020_1e02bd2798b6.jpg
4703,C:\Users\Setekh\Desktop\ISY5002-Project\datasets\raw-2026-week1\4703\20260915T002543Z_4703_0025_eb1806d21695.jpg
4703,C:\Users\Setekh\Desktop\ISY5002-Project\datasets\raw-2026-week1\4703\20260915T004043Z_4703_0040_4186f9062e82.jpg
4703,C:\Users\Setekh\Desktop\ISY5002-Project\datasets\raw-2026-week1\4703\20260915T004603Z_4703_0046_e5be46ee8bc6.jpg
4703,C:\Users\Setekh\Desktop\ISY5002-Project\datasets\raw-2026-week1\4703\20260915T010024Z_4703_0100_5100e38f365b.jpg
4703,C:\Users\Setekh\Desktop\ISY5002-Project\datasets\raw-2026-week1\4703\20260915T010544Z_4703_0105_dd231453caf9.jpg
4703,C:\Users\Setekh\Desktop\ISY5002-Project\datasets\raw-2026-week1\4703\20260915T011544Z_4703_0115_e4422f575bf2.jpg
4703,C:\Users\Setekh\Desktop\ISY5002-Project\datasets\raw-2026-week1\4703\20260915T012545Z_4703_0125_e200ca8cc155.jpg
4703,C:\Users\Setekh\Desktop\ISY5002-Project\datasets\raw-2026-week1\4703\20260915T013545Z_4703_0135_545677acaf1e.jpg
4703,C:\Users\Setekh\Desktop\ISY5002-Project\datasets\raw-2026-week1\4703\20260915T015546Z_4703_0155_7a893ac4b288.jpg
4703,C:\Users\Setekh\Desktop\ISY5002-Project\datasets\raw-2026-week1\4703\20260915T021046Z_4703_0210_4353686a44ab.jpg
4703,C:\Users\Setekh\Desktop\ISY5002-Project\datasets\raw-2026-week1\4703\20260915T023547Z_4703_0235_f0b755065902.jpg
4703,C:\Users\Setekh\Desktop\ISY5002-Project\datasets\raw-2026-week1\4703\20260915T033550Z_4703_0335_e7344070e48d.jpg
4703,C:\Users\Setekh\Desktop\ISY5002-Project\datasets\raw-2026-week1\4703\20260915T040051Z_4703_0400_67dcc9fba56a.jpg
4703,C:\Users\Setekh\Desktop\ISY5002-Project\datasets\raw-2026-week1\4703\20260915T041031Z_4703_0410_49e9eb246006.jpg
4703,C:\Users\Setekh\Desktop\ISY5002-Project\datasets\raw-2026-week1\4703\20260915T042552Z_4703_0425_a1b189daf119.jpg
4703,C:\Users\Setekh\Desktop\ISY5002-Project\datasets\raw-2026-week1\4703\20260915T044532Z_4703_0445_4c4251528500.jpg
4703,C:\Users\Setekh\Desktop\ISY5002-Project\datasets\raw-2026-week1\4703\20260915T050533Z_4703_0505_f762a291bc33.jpg
4703,C:\Users\Setekh\Desktop\ISY5002-Project\datasets\raw-2026-week1\4703\20260915T052534Z_4703_0525_ff26d97a3315.jpg
4703,C:\Users\Setekh\Desktop\ISY5002-Project\datasets\raw-2026-week1\4703\20260915T054034Z_4703_0540_44ca05f01dac.jpg
4703,C:\Users\Setekh\Desktop\ISY5002-Project\datasets\raw-2026-week1\4703\20260915T060055Z_4703_0600_57bc04cd2d64.jpg
4703,C:\Users\Setekh\Desktop\ISY5002-Project\datasets\raw-2026-week1\4703\20260915T060535Z_4703_0605_6a166056923c.jpg
4703,C:\Users\Setekh\Desktop\ISY5002-Project\datasets\raw-2026-week1\4703\20260915T062036Z_4703_0620_e5bc42728932.jpg
4703,C:\Users\Setekh\Desktop\ISY5002-Project\datasets\raw-2026-week1\4703\20260915T063016Z_4703_0630_86026ae9cdec.jpg
4703,C:\Users\Setekh\Desktop\ISY5002-Project\datasets\raw-2026-week1\4703\20260915T064036Z_4703_0640_1ad9441c1108.jpg
4703,C:\Users\Setekh\Desktop\ISY5002-Project\datasets\raw-2026-week1\4703\20260915T065057Z_4703_0650_8bf70fc8503b.jpg
4703,C:\Users\Setekh\Desktop\ISY5002-Project\datasets\raw-2026-week1\4703\20260915T070057Z_4703_0700_c70dc6c1ce8c.jpg
4703,C:\Users\Setekh\Desktop\ISY5002-Project\datasets\raw-2026-week1\4703\20260915T071038Z_4703_0710_6dc7a793a11e.jpg
4703,C:\Users\Setekh\Desktop\ISY5002-Project\datasets\raw-2026-week1\4703\20260915T072038Z_4703_0720_06fa08ae1a9d.jpg
4703,C:\Users\Setekh\Desktop\ISY5002-Project\datasets\raw-2026-week1\4703\20260915T072538Z_4703_0725_8163d8401562.jpg
4703,C:\Users\Setekh\Desktop\ISY5002-Project\datasets\raw-2026-week1\4703\20260915T073559Z_4703_0735_f35b3eae2ea4.jpg
4703,C:\Users\Setekh\Desktop\ISY5002-Project\datasets\raw-2026-week1\4703\20260915T075039Z_4703_0750_17f94a399a6a.jpg
4703,C:\Users\Setekh\Desktop\ISY5002-Project\datasets\raw-2026-week1\4703\20260915T075559Z_4703_0755_93efe9b6c3e6.jpg
4703,C:\Users\Setekh\Desktop\ISY5002-Project\datasets\raw-2026-week1\4703\20260915T080600Z_4703_0806_aa9edea3c51c.jpg
4703,C:\Users\Setekh\Desktop\ISY5002-Project\datasets\raw-2026-week1\4703\20260915T081600Z_4703_0816_a1696565c8c8.jpg
4703,C:\Users\Setekh\Desktop\ISY5002-Project\datasets\raw-2026-week1\4703\20260915T084041Z_4703_0840_70910ae5a9eb.jpg
4703,C:\Users\Setekh\Desktop\ISY5002-Project\datasets\raw-2026-week1\4703\20260915T084541Z_4703_0845_e84bbbaff46b.jpg
4703,C:\Users\Setekh\Desktop\ISY5002-Project\datasets\raw-2026-week1\4703\20260915T085541Z_4703_0855_7cd6091b9e89.jpg
4703,C:\Users\Setekh\Desktop\ISY5002-Project\datasets\raw-2026-week1\4703\20260915T091042Z_4703_0910_957205f5d1fe.jpg
4703,C:\Users\Setekh\Desktop\ISY5002-Project\datasets\raw-2026-week1\4703\20260915T092042Z_4703_0920_6e1b1cfcd277.jpg
4703,C:\Users\Setekh\Desktop\ISY5002-Project\datasets\raw-2026-week1\4703\20260915T092543Z_4703_0925_c3ba83ea01fa.jpg
4703,C:\Users\Setekh\Desktop\ISY5002-Project\datasets\raw-2026-week1\4703\20260915T094043Z_4703_0940_7bc09c788134.jpg
4703,C:\Users\Setekh\Desktop\ISY5002-Project\datasets\raw-2026-week1\4703\20260915T094603Z_4703_0946_6e317dc5b5b0.jpg
4703,C:\Users\Setekh\Desktop\ISY5002-Project\datasets\raw-2026-week1\4703\20260915T095544Z_4703_0955_9d8e85dc6767.jpg
4703,C:\Users\Setekh\Desktop\ISY5002-Project\datasets\raw-2026-week1\4703\20260915T100544Z_4703_1005_37d9a64488da.jpg
4703,C:\Users\Setekh\Desktop\ISY5002-Project\datasets\raw-2026-week1\4703\20260915T101544Z_4703_1015_40909ec4ef9c.jpg
4703,C:\Users\Setekh\Desktop\ISY5002-Project\datasets\raw-2026-week1\4703\20260915T103045Z_4703_1030_9a8c9ead4a90.jpg
4703,C:\Users\Setekh\Desktop\ISY5002-Project\datasets\raw-2026-week1\4703\20260915T103545Z_4703_1035_2dfc1635cc50.jpg
4703,C:\Users\Setekh\Desktop\ISY5002-Project\datasets\raw-2026-week1\4703\20260915T105046Z_4703_1050_97a9078120fb.jpg
4703,C:\Users\Setekh\Desktop\ISY5002-Project\datasets\raw-2026-week1\4703\20260915T105546Z_4703_1055_f8b161c48832.jpg
4703,C:\Users\Setekh\Desktop\ISY5002-Project\datasets\raw-2026-week1\4703\20260915T110046Z_4703_1100_3e17d60a0012.jpg
4703,C:\Users\Setekh\Desktop\ISY5002-Project\datasets\raw-2026-week1\4703\20260915T111026Z_4703_1110_61840d61a052.jpg
4703,C:\Users\Setekh\Desktop\ISY5002-Project\datasets\raw-2026-week1\4703\20260915T111547Z_4703_1115_acbb7bb61f29.jpg
4703,C:\Users\Setekh\Desktop\ISY5002-Project\datasets\raw-2026-week1\4703\20260915T113027Z_4703_1130_843993f63575.jpg
4703,C:\Users\Setekh\Desktop\ISY5002-Project\datasets\raw-2026-week1\4703\20260915T114047Z_4703_1140_617ebf66010f.jpg
4703,C:\Users\Setekh\Desktop\ISY5002-Project\datasets\raw-2026-week1\4703\20260915T115028Z_4703_1150_08d222730c22.jpg
4703,C:\Users\Setekh\Desktop\ISY5002-Project\datasets\raw-2026-week1\4703\20260915T120028Z_4703_1200_8719f857f99a.jpg
4703,C:\Users\Setekh\Desktop\ISY5002-Project\datasets\raw-2026-week1\4703\20260915T121049Z_4703_1210_0a07c4ade6fd.jpg
4703,C:\Users\Setekh\Desktop\ISY5002-Project\datasets\raw-2026-week1\4703\20260915T122049Z_4703_1220_15db8939d404.jpg
4703,C:\Users\Setekh\Desktop\ISY5002-Project\datasets\raw-2026-week1\4703\20260915T123049Z_4703_1230_c2c01145abeb.jpg
4703,C:\Users\Setekh\Desktop\ISY5002-Project\datasets\raw-2026-week1\4703\20260915T124030Z_4703_1240_396386c0fa06.jpg
4703,C:\Users\Setekh\Desktop\ISY5002-Project\datasets\raw-2026-week1\4703\20260915T125030Z_4703_1250_23677a61203e.jpg
4703,C:\Users\Setekh\Desktop\ISY5002-Project\datasets\raw-2026-week1\4703\20260915T130030Z_4703_1300_73c1a6b0f238.jpg
4703,C:\Users\Setekh\Desktop\ISY5002-Project\datasets\raw-2026-week1\4703\20260915T131031Z_4703_1310_cbf1f6e732b0.jpg
4703,C:\Users\Setekh\Desktop\ISY5002-Project\datasets\raw-2026-week1\4703\20260915T132031Z_4703_1320_642cd45aca74.jpg
4703,C:\Users\Setekh\Desktop\ISY5002-Project\datasets\raw-2026-week1\4703\20260915T133031Z_4703_1330_4c1cd49fb876.jpg
4703,C:\Users\Setekh\Desktop\ISY5002-Project\datasets\raw-2026-week1\4703\20260915T134052Z_4703_1340_8996bff32861.jpg
4703,C:\Users\Setekh\Desktop\ISY5002-Project\datasets\raw-2026-week1\4703\20260915T135052Z_4703_1350_bce9da847fae.jpg
4703,C:\Users\Setekh\Desktop\ISY5002-Project\datasets\raw-2026-week1\4703\20260915T140053Z_4703_1400_38547b3818e7.jpg
4703,C:\Users\Setekh\Desktop\ISY5002-Project\datasets\raw-2026-week1\4703\20260915T141053Z_4703_1410_2273411277f3.jpg
4703,C:\Users\Setekh\Desktop\ISY5002-Project\datasets\raw-2026-week1\4703\20260915T142054Z_4703_1420_4692cecec6d7.jpg
4703,C:\Users\Setekh\Desktop\ISY5002-Project\datasets\raw-2026-week1\4703\20260915T143034Z_4703_1430_463a32b2b985.jpg
4703,C:\Users\Setekh\Desktop\ISY5002-Project\datasets\raw-2026-week1\4703\20260915T144034Z_4703_1440_f6ac63d3a9c7.jpg
4703,C:\Users\Setekh\Desktop\ISY5002-Project\datasets\raw-2026-week1\4703\20260915T145055Z_4703_1450_b543fe639d69.jpg
4703,C:\Users\Setekh\Desktop\ISY5002-Project\datasets\raw-2026-week1\4703\20260915T150055Z_4703_1500_4a3df03e5748.jpg
4703,C:\Users\Setekh\Desktop\ISY5002-Project\datasets\raw-2026-week1\4703\20260915T150555Z_4703_1505_9af7a1ce5d91.jpg
4703,C:\Users\Setekh\Desktop\ISY5002-Project\datasets\raw-2026-week1\4703\20260915T152036Z_4703_1520_9e10db101524.jpg
4703,C:\Users\Setekh\Desktop\ISY5002-Project\datasets\raw-2026-week1\4703\20260915T153036Z_4703_1530_80f652465cb1.jpg
4703,C:\Users\Setekh\Desktop\ISY5002-Project\datasets\raw-2026-week1\4703\20260915T154056Z_4703_1540_fa51c528688d.jpg
4703,C:\Users\Setekh\Desktop\ISY5002-Project\datasets\raw-2026-week1\4703\20260915T155057Z_4703_1550_2804592b4ead.jpg
4703,C:\Users\Setekh\Desktop\ISY5002-Project\datasets\raw-2026-week1\4703\20260915T160037Z_4703_1600_003243f5fb3b.jpg
4703,C:\Users\Setekh\Desktop\ISY5002-Project\datasets\raw-2026-week1\4703\20260915T160537Z_4703_1605_5b8edd10e2b9.jpg
4703,C:\Users\Setekh\Desktop\ISY5002-Project\datasets\raw-2026-week1\4703\20260915T162038Z_4703_1620_f11383260891.jpg
4703,C:\Users\Setekh\Desktop\ISY5002-Project\datasets\raw-2026-week1\4703\20260915T162558Z_4703_1625_0028397dd114.jpg
4703,C:\Users\Setekh\Desktop\ISY5002-Project\datasets\raw-2026-week1\4703\20260915T163558Z_4703_1635_966bf3a181d3.jpg
4703,C:\Users\Setekh\Desktop\ISY5002-Project\datasets\raw-2026-week1\4703\20260915T164039Z_4703_1640_23985504f7ff.jpg
4703,C:\Users\Setekh\Desktop\ISY5002-Project\datasets\raw-2026-week1\4703\20260915T165039Z_4703_1650_a759115c4986.jpg
4703,C:\Users\Setekh\Desktop\ISY5002-Project\datasets\raw-2026-week1\4703\20260915T165559Z_4703_1655_cf4891d732ed.jpg
4703,C:\Users\Setekh\Desktop\ISY5002-Project\datasets\raw-2026-week1\4703\20260915T170520Z_4703_1705_d1665284fd8f.jpg
4703,C:\Users\Setekh\Desktop\ISY5002-Project\datasets\raw-2026-week1\4703\20260915T172040Z_4703_1720_58007b3c39db.jpg
4703,C:\Users\Setekh\Desktop\ISY5002-Project\datasets\raw-2026-week1\4703\20260915T172540Z_4703_1725_9865f8cb4b70.jpg
4703,C:\Users\Setekh\Desktop\ISY5002-Project\datasets\raw-2026-week1\4703\20260915T173601Z_4703_1736_e9905a138388.jpg
4703,C:\Users\Setekh\Desktop\ISY5002-Project\datasets\raw-2026-week1\4703\20260915T174601Z_4703_1746_ad3e9f476983.jpg
4703,C:\Users\Setekh\Desktop\ISY5002-Project\datasets\raw-2026-week1\4703\20260915T175541Z_4703_1755_6c28872241e3.jpg
4703,C:\Users\Setekh\Desktop\ISY5002-Project\datasets\raw-2026-week1\4703\20260915T181042Z_4703_1810_98e162b0c6a8.jpg
4703,C:\Users\Setekh\Desktop\ISY5002-Project\datasets\raw-2026-week1\4703\20260915T182042Z_4703_1820_c28aff3cffd5.jpg
4703,C:\Users\Setekh\Desktop\ISY5002-Project\datasets\raw-2026-week1\4703\20260915T183023Z_4703_1830_bf5dc9fc8c84.jpg
4703,C:\Users\Setekh\Desktop\ISY5002-Project\datasets\raw-2026-week1\4703\20260915T183543Z_4703_1835_e7bfe1e24478.jpg
4703,C:\Users\Setekh\Desktop\ISY5002-Project\datasets\raw-2026-week1\4703\20260915T184103Z_4703_1841_2c9f16cde105.jpg
4703,C:\Users\Setekh\Desktop\ISY5002-Project\datasets\raw-2026-week1\4703\20260915T192525Z_4703_1925_8d2055cbaf56.jpg
4703,C:\Users\Setekh\Desktop\ISY5002-Project\datasets\raw-2026-week1\4703\20260915T194046Z_4703_1940_f567ad56c2c0.jpg
4703,C:\Users\Setekh\Desktop\ISY5002-Project\datasets\raw-2026-week1\4703\20260915T195046Z_4703_1950_bf97b83fbf25.jpg
4703,C:\Users\Setekh\Desktop\ISY5002-Project\datasets\raw-2026-week1\4703\20260915T200046Z_4703_2000_98c85debd94f.jpg
4703,C:\Users\Setekh\Desktop\ISY5002-Project\datasets\raw-2026-week1\4703\20260915T201047Z_4703_2010_0dc4a9bed79e.jpg
4703,C:\Users\Setekh\Desktop\ISY5002-Project\datasets\raw-2026-week1\4703\20260915T202027Z_4703_2020_31ff3c10e9d0.jpg
4703,C:\Users\Setekh\Desktop\ISY5002-Project\datasets\raw-2026-week1\4703\20260915T203027Z_4703_2030_4496900c54a4.jpg
4703,C:\Users\Setekh\Desktop\ISY5002-Project\datasets\raw-2026-week1\4703\20260915T204028Z_4703_2040_46eb8684aeac.jpg
4703,C:\Users\Setekh\Desktop\ISY5002-Project\datasets\raw-2026-week1\4703\20260915T205028Z_4703_2050_71c2fce4c5f3.jpg
4703,C:\Users\Setekh\Desktop\ISY5002-Project\datasets\raw-2026-week1\4703\20260915T210028Z_4703_2100_5b909e7b413b.jpg
4703,C:\Users\Setekh\Desktop\ISY5002-Project\datasets\raw-2026-week1\4703\20260915T210529Z_4703_2105_341040756296.jpg
4703,C:\Users\Setekh\Desktop\ISY5002-Project\datasets\raw-2026-week1\4703\20260915T212049Z_4703_2120_bcf3c6250317.jpg
4703,C:\Users\Setekh\Desktop\ISY5002-Project\datasets\raw-2026-week1\4703\20260915T212549Z_4703_2125_ad63e3bb2102.jpg
4703,C:\Users\Setekh\Desktop\ISY5002-Project\datasets\raw-2026-week1\4703\20260915T213550Z_4703_2135_fdb7be71dbd5.jpg
4703,C:\Users\Setekh\Desktop\ISY5002-Project\datasets\raw-2026-week1\4703\20260915T215050Z_4703_2150_5e3fa777f21a.jpg
4703,C:\Users\Setekh\Desktop\ISY5002-Project\datasets\raw-2026-week1\4703\20260915T220031Z_4703_2200_30c9e90d436e.jpg
4703,C:\Users\Setekh\Desktop\ISY5002-Project\datasets\raw-2026-week1\4703\20260915T221031Z_4703_2210_ea30c3fb3ebf.jpg
4703,C:\Users\Setekh\Desktop\ISY5002-Project\datasets\raw-2026-week1\4703\20260915T221551Z_4703_2215_154662950bbf.jpg
4703,C:\Users\Setekh\Desktop\ISY5002-Project\datasets\raw-2026-week1\4703\20260915T222031Z_4703_2220_48f7c3a5579f.jpg
4703,C:\Users\Setekh\Desktop\ISY5002-Project\datasets\raw-2026-week1\4703\20260915T223032Z_4703_2230_6caa94a3d72b.jpg
4703,C:\Users\Setekh\Desktop\ISY5002-Project\datasets\raw-2026-week1\4703\20260915T224032Z_4703_2240_825d71050389.jpg
4703,C:\Users\Setekh\Desktop\ISY5002-Project\datasets\raw-2026-week1\4703\20260915T225032Z_4703_2250_8ff56f11ff4c.jpg
4703,C:\Users\Setekh\Desktop\ISY5002-Project\datasets\raw-2026-week1\4703\20260915T230053Z_4703_2300_81828b629e30.jpg
4703,C:\Users\Setekh\Desktop\ISY5002-Project\datasets\raw-2026-week1\4703\20260915T231033Z_4703_2310_4a42a01ce2fb.jpg
4703,C:\Users\Setekh\Desktop\ISY5002-Project\datasets\raw-2026-week1\4703\20260915T232034Z_4703_2320_e16ead4d0eba.jpg
4703,C:\Users\Setekh\Desktop\ISY5002-Project\datasets\raw-2026-week1\4703\20260915T233054Z_4703_2330_fcd2bd6bcbb3.jpg
4703,C:\Users\Setekh\Desktop\ISY5002-Project\datasets\raw-2026-week1\4703\20260915T234054Z_4703_2340_daa5ba98fe2f.jpg
4703,C:\Users\Setekh\Desktop\ISY5002-Project\datasets\raw-2026-week1\4703\20260915T235035Z_4703_2350_4de77e1f252e.jpg
4703,C:\Users\Setekh\Desktop\ISY5002-Project\datasets\raw-2026-week1\4703\20260916T000055Z_4703_0000_1aa195fa48ca.jpg
4703,C:\Users\Setekh\Desktop\ISY5002-Project\datasets\raw-2026-week1\4703\20260916T001035Z_4703_0010_0521412f9e6c.jpg
4703,C:\Users\Setekh\Desktop\ISY5002-Project\datasets\raw-2026-week1\4703\20260916T002056Z_4703_0020_ca560e7c1913.jpg
4703,C:\Users\Setekh\Desktop\ISY5002-Project\datasets\raw-2026-week1\4703\20260916T003036Z_4703_0030_62d9b0d68f4e.jpg
4703,C:\Users\Setekh\Desktop\ISY5002-Project\datasets\raw-2026-week1\4703\20260916T003536Z_4703_0035_63d18e1e9bed.jpg
4703,C:\Users\Setekh\Desktop\ISY5002-Project\datasets\raw-2026-week1\4703\20260916T005037Z_4703_0050_1800d2236967.jpg
4703,C:\Users\Setekh\Desktop\ISY5002-Project\datasets\raw-2026-week1\4703\20260916T005557Z_4703_0055_aa4f05a757a3.jpg
4703,C:\Users\Setekh\Desktop\ISY5002-Project\datasets\raw-2026-week1\4703\20260916T011058Z_4703_0110_f4838d051565.jpg
4703,C:\Users\Setekh\Desktop\ISY5002-Project\datasets\raw-2026-week1\4703\20260916T012038Z_4703_0120_7bebb0d1a3b3.jpg
4703,C:\Users\Setekh\Desktop\ISY5002-Project\datasets\raw-2026-week1\4703\20260916T013018Z_4703_0130_3eb3d1b7fdde.jpg
4703,C:\Users\Setekh\Desktop\ISY5002-Project\datasets\raw-2026-week1\4703\20260916T014039Z_4703_0140_626bbeac19e5.jpg
4703,C:\Users\Setekh\Desktop\ISY5002-Project\datasets\raw-2026-week1\4703\20260916T015039Z_4703_0150_dd07a7d7de48.jpg
4703,C:\Users\Setekh\Desktop\ISY5002-Project\datasets\raw-2026-week1\4703\20260916T020039Z_4703_0200_cb39458116e8.jpg
4703,C:\Users\Setekh\Desktop\ISY5002-Project\datasets\raw-2026-week1\4703\20260916T021040Z_4703_0210_98db90a56627.jpg
4703,C:\Users\Setekh\Desktop\ISY5002-Project\datasets\raw-2026-week1\4703\20260916T022040Z_4703_0220_ceb43ce6b80c.jpg
4703,C:\Users\Setekh\Desktop\ISY5002-Project\datasets\raw-2026-week1\4703\20260916T023040Z_4703_0230_b908e4939d3d.jpg
4703,C:\Users\Setekh\Desktop\ISY5002-Project\datasets\raw-2026-week1\4703\20260916T024041Z_4703_0240_6187843ed073.jpg
4703,C:\Users\Setekh\Desktop\ISY5002-Project\datasets\raw-2026-week1\4703\20260916T024521Z_4703_0245_f4629f0963f3.jpg
4703,C:\Users\Setekh\Desktop\ISY5002-Project\datasets\raw-2026-week1\4703\20260916T030042Z_4703_0300_15c3f128a96a.jpg
4703,C:\Users\Setekh\Desktop\ISY5002-Project\datasets\raw-2026-week1\4703\20260916T030522Z_4703_0305_625d5374ecf3.jpg
4703,C:\Users\Setekh\Desktop\ISY5002-Project\datasets\raw-2026-week1\4703\20260916T032042Z_4703_0320_2478d8f4fccd.jpg
4703,C:\Users\Setekh\Desktop\ISY5002-Project\datasets\raw-2026-week1\4703\20260916T032542Z_4703_0325_74eb300bd37f.jpg
4703,C:\Users\Setekh\Desktop\ISY5002-Project\datasets\raw-2026-week1\4703\20260916T033543Z_4703_0335_a5c8039c7fa9.jpg
4703,C:\Users\Setekh\Desktop\ISY5002-Project\datasets\raw-2026-week1\4703\20260916T034603Z_4703_0346_59112927b20f.jpg
4703,C:\Users\Setekh\Desktop\ISY5002-Project\datasets\raw-2026-week1\4703\20260916T035544Z_4703_0355_9c31f2f156a2.jpg
4703,C:\Users\Setekh\Desktop\ISY5002-Project\datasets\raw-2026-week1\4703\20260916T040044Z_4703_0400_6f87a2a2a558.jpg
4703,C:\Users\Setekh\Desktop\ISY5002-Project\datasets\raw-2026-week1\4703\20260916T041024Z_4703_0410_875611e58eec.jpg
4703,C:\Users\Setekh\Desktop\ISY5002-Project\datasets\raw-2026-week1\4703\20260916T042044Z_4703_0420_cdb29ca2a6ca.jpg
4703,C:\Users\Setekh\Desktop\ISY5002-Project\datasets\raw-2026-week1\4703\20260916T043025Z_4703_0430_45a5bb7b952c.jpg
4703,C:\Users\Setekh\Desktop\ISY5002-Project\datasets\raw-2026-week1\4703\20260916T044045Z_4703_0440_82a15aae1f70.jpg
4703,C:\Users\Setekh\Desktop\ISY5002-Project\datasets\raw-2026-week1\4703\20260916T045025Z_4703_0450_2206b0d7a9fe.jpg
4703,C:\Users\Setekh\Desktop\ISY5002-Project\datasets\raw-2026-week1\4703\20260916T050046Z_4703_0500_d40c082d225b.jpg
4703,C:\Users\Setekh\Desktop\ISY5002-Project\datasets\raw-2026-week1\4703\20260916T050526Z_4703_0505_e79af3a7ee92.jpg
4703,C:\Users\Setekh\Desktop\ISY5002-Project\datasets\raw-2026-week1\4703\20260916T052047Z_4703_0520_602d069dac2e.jpg
4703,C:\Users\Setekh\Desktop\ISY5002-Project\datasets\raw-2026-week1\4703\20260916T053027Z_4703_0530_4b1a56194042.jpg
4703,C:\Users\Setekh\Desktop\ISY5002-Project\datasets\raw-2026-week1\4703\20260916T054047Z_4703_0540_48071d94ae50.jpg
4703,C:\Users\Setekh\Desktop\ISY5002-Project\datasets\raw-2026-week1\4703\20260916T055028Z_4703_0550_57aea5489581.jpg
4703,C:\Users\Setekh\Desktop\ISY5002-Project\datasets\raw-2026-week1\4703\20260916T060028Z_4703_0600_81fca3b06709.jpg
4703,C:\Users\Setekh\Desktop\ISY5002-Project\datasets\raw-2026-week1\4703\20260916T061028Z_4703_0610_54edfb178ec7.jpg
4703,C:\Users\Setekh\Desktop\ISY5002-Project\datasets\raw-2026-week1\4703\20260916T062049Z_4703_0620_0def066fb119.jpg
4703,C:\Users\Setekh\Desktop\ISY5002-Project\datasets\raw-2026-week1\4703\20260916T063049Z_4703_0630_5f7f7ab6bb58.jpg
4703,C:\Users\Setekh\Desktop\ISY5002-Project\datasets\raw-2026-week1\4703\20260916T064050Z_4703_0640_03e8fb633dab.jpg
4703,C:\Users\Setekh\Desktop\ISY5002-Project\datasets\raw-2026-week1\4703\20260916T065030Z_4703_0650_533c014baee4.jpg
4703,C:\Users\Setekh\Desktop\ISY5002-Project\datasets\raw-2026-week1\4703\20260916T070030Z_4703_0700_01de6874ca28.jpg
4703,C:\Users\Setekh\Desktop\ISY5002-Project\datasets\raw-2026-week1\4703\20260916T071051Z_4703_0710_d0ca8b1a9557.jpg
4703,C:\Users\Setekh\Desktop\ISY5002-Project\datasets\raw-2026-week1\4703\20260916T072051Z_4703_0720_b275ab11b208.jpg
4703,C:\Users\Setekh\Desktop\ISY5002-Project\datasets\raw-2026-week1\4703\20260916T073051Z_4703_0730_7c61bee50ed3.jpg
4703,C:\Users\Setekh\Desktop\ISY5002-Project\datasets\raw-2026-week1\4703\20260916T074052Z_4703_0740_3b298de31034.jpg
4703,C:\Users\Setekh\Desktop\ISY5002-Project\datasets\raw-2026-week1\4703\20260916T075052Z_4703_0750_6baa83c145e8.jpg
4703,C:\Users\Setekh\Desktop\ISY5002-Project\datasets\raw-2026-week1\4703\20260916T080052Z_4703_0800_7b8de1602ec5.jpg
4703,C:\Users\Setekh\Desktop\ISY5002-Project\datasets\raw-2026-week1\4703\20260916T080533Z_4703_0805_858e725d5725.jpg
4703,C:\Users\Setekh\Desktop\ISY5002-Project\datasets\raw-2026-week1\4703\20260916T082033Z_4703_0820_b96086c1b458.jpg
4703,C:\Users\Setekh\Desktop\ISY5002-Project\datasets\raw-2026-week1\4703\20260916T083034Z_4703_0830_3382de6c6e88.jpg
4703,C:\Users\Setekh\Desktop\ISY5002-Project\datasets\raw-2026-week1\4703\20260916T084054Z_4703_0840_82fa1efa5b6a.jpg
4703,C:\Users\Setekh\Desktop\ISY5002-Project\datasets\raw-2026-week1\4703\20260916T085034Z_4703_0850_8b3f4cfeceac.jpg
4703,C:\Users\Setekh\Desktop\ISY5002-Project\datasets\raw-2026-week1\4703\20260916T090035Z_4703_0900_140f2f2a96e8.jpg
4703,C:\Users\Setekh\Desktop\ISY5002-Project\datasets\raw-2026-week1\4703\20260916T091035Z_4703_0910_fcb46c452444.jpg
4703,C:\Users\Setekh\Desktop\ISY5002-Project\datasets\raw-2026-week1\4703\20260916T092035Z_4703_0920_cbbb56393f3e.jpg
4703,C:\Users\Setekh\Desktop\ISY5002-Project\datasets\raw-2026-week1\4703\20260916T093036Z_4703_0930_9b96cbbd92ce.jpg
4703,C:\Users\Setekh\Desktop\ISY5002-Project\datasets\raw-2026-week1\4703\20260916T093556Z_4703_0935_86b34c6572d4.jpg
4703,C:\Users\Setekh\Desktop\ISY5002-Project\datasets\raw-2026-week1\4703\20260916T094036Z_4703_0940_ebadb40a2726.jpg
4703,C:\Users\Setekh\Desktop\ISY5002-Project\datasets\raw-2026-week1\4703\20260916T094536Z_4703_0945_518cd59babcb.jpg
4703,C:\Users\Setekh\Desktop\ISY5002-Project\datasets\raw-2026-week1\4703\20260916T100037Z_4703_1000_93b8101fc8ee.jpg
4703,C:\Users\Setekh\Desktop\ISY5002-Project\datasets\raw-2026-week1\4703\20260916T101037Z_4703_1010_f79cbc9b7fc3.jpg
4703,C:\Users\Setekh\Desktop\ISY5002-Project\datasets\raw-2026-week1\4703\20260916T102037Z_4703_1020_c825d27105f2.jpg
4703,C:\Users\Setekh\Desktop\ISY5002-Project\datasets\raw-2026-week1\4703\20260916T103038Z_4703_1030_1f05ee15bb4b.jpg
4703,C:\Users\Setekh\Desktop\ISY5002-Project\datasets\raw-2026-week1\4703\20260916T104038Z_4703_1040_5df2175a27bf.jpg
4703,C:\Users\Setekh\Desktop\ISY5002-Project\datasets\raw-2026-week1\4703\20260916T105038Z_4703_1050_e1772bf30eb2.jpg
4703,C:\Users\Setekh\Desktop\ISY5002-Project\datasets\raw-2026-week1\4703\20260916T105559Z_4703_1055_1edca6d1002e.jpg
4703,C:\Users\Setekh\Desktop\ISY5002-Project\datasets\raw-2026-week1\4703\20260916T111039Z_4703_1110_cfb84e2d1c8c.jpg
4703,C:\Users\Setekh\Desktop\ISY5002-Project\datasets\raw-2026-week1\4703\20260916T111539Z_4703_1115_fe2b484da48d.jpg
4703,C:\Users\Setekh\Desktop\ISY5002-Project\datasets\raw-2026-week1\4703\20260916T113020Z_4703_1130_8e25305e0726.jpg
4703,C:\Users\Setekh\Desktop\ISY5002-Project\datasets\raw-2026-week1\4703\20260916T114040Z_4703_1140_6caae82dff36.jpg
4703,C:\Users\Setekh\Desktop\ISY5002-Project\datasets\raw-2026-week1\4703\20260916T115041Z_4703_1150_2c357c4b17b9.jpg
4703,C:\Users\Setekh\Desktop\ISY5002-Project\datasets\raw-2026-week1\4703\20260916T120041Z_4703_1200_a2d7ec957995.jpg
4703,C:\Users\Setekh\Desktop\ISY5002-Project\datasets\raw-2026-week1\4703\20260916T121041Z_4703_1210_a0bee749bb8e.jpg
4703,C:\Users\Setekh\Desktop\ISY5002-Project\datasets\raw-2026-week1\4703\20260916T121542Z_4703_1215_294231e4fd9e.jpg
4703,C:\Users\Setekh\Desktop\ISY5002-Project\datasets\raw-2026-week1\4703\20260916T123042Z_4703_1230_621f678be3d6.jpg
4703,C:\Users\Setekh\Desktop\ISY5002-Project\datasets\raw-2026-week1\4703\20260916T124042Z_4703_1240_06a040e977ac.jpg
4703,C:\Users\Setekh\Desktop\ISY5002-Project\datasets\raw-2026-week1\4703\20260916T124603Z_4703_1246_605aed6d9b09.jpg
4703,C:\Users\Setekh\Desktop\ISY5002-Project\datasets\raw-2026-week1\4703\20260916T130043Z_4703_1300_0d20a4389345.jpg
4703,C:\Users\Setekh\Desktop\ISY5002-Project\datasets\raw-2026-week1\4703\20260916T130543Z_4703_1305_eb84853c55ff.jpg
4703,C:\Users\Setekh\Desktop\ISY5002-Project\datasets\raw-2026-week1\4703\20260916T132044Z_4703_1320_99b14ef27ae3.jpg
4703,C:\Users\Setekh\Desktop\ISY5002-Project\datasets\raw-2026-week1\4703\20260916T133044Z_4703_1330_2378181ccb25.jpg
4703,C:\Users\Setekh\Desktop\ISY5002-Project\datasets\raw-2026-week1\4703\20260916T134045Z_4703_1340_8ca013ba2b03.jpg
4703,C:\Users\Setekh\Desktop\ISY5002-Project\datasets\raw-2026-week1\4703\20260916T135045Z_4703_1350_06405d524c41.jpg
4703,C:\Users\Setekh\Desktop\ISY5002-Project\datasets\raw-2026-week1\4703\20260916T140045Z_4703_1400_4986c026878e.jpg
4703,C:\Users\Setekh\Desktop\ISY5002-Project\datasets\raw-2026-week1\4703\20260916T141046Z_4703_1410_0bade91a02c6.jpg
4703,C:\Users\Setekh\Desktop\ISY5002-Project\datasets\raw-2026-week1\4703\20260916T141606Z_4703_1416_700965824213.jpg
4703,C:\Users\Setekh\Desktop\ISY5002-Project\datasets\raw-2026-week1\4703\20260916T143046Z_4703_1430_49247fae0305.jpg
4703,C:\Users\Setekh\Desktop\ISY5002-Project\datasets\raw-2026-week1\4703\20260916T144047Z_4703_1440_253723c83fe1.jpg
4703,C:\Users\Setekh\Desktop\ISY5002-Project\datasets\raw-2026-week1\4703\20260916T145047Z_4703_1450_0bd701547a73.jpg
4703,C:\Users\Setekh\Desktop\ISY5002-Project\datasets\raw-2026-week1\4703\20260916T150048Z_4703_1500_cba1bdd016f7.jpg
4703,C:\Users\Setekh\Desktop\ISY5002-Project\datasets\raw-2026-week1\4703\20260916T151048Z_4703_1510_e860f122bd73.jpg
4703,C:\Users\Setekh\Desktop\ISY5002-Project\datasets\raw-2026-week1\4703\20260916T151548Z_4703_1515_e383af9aac2a.jpg
4703,C:\Users\Setekh\Desktop\ISY5002-Project\datasets\raw-2026-week1\4703\20260916T152048Z_4703_1520_684afaf1761f.jpg
4703,C:\Users\Setekh\Desktop\ISY5002-Project\datasets\raw-2026-week1\4703\20260916T153049Z_4703_1530_f5750d90c77e.jpg
4703,C:\Users\Setekh\Desktop\ISY5002-Project\datasets\raw-2026-week1\4703\20260916T154049Z_4703_1540_d308cf09e5da.jpg
4703,C:\Users\Setekh\Desktop\ISY5002-Project\datasets\raw-2026-week1\4703\20260916T155049Z_4703_1550_09696f7d4454.jpg
4703,C:\Users\Setekh\Desktop\ISY5002-Project\datasets\raw-2026-week1\4703\20260916T160030Z_4703_1600_6b1378f13e4f.jpg
4703,C:\Users\Setekh\Desktop\ISY5002-Project\datasets\raw-2026-week1\4703\20260916T160550Z_4703_1605_08b0ccd336f2.jpg
4703,C:\Users\Setekh\Desktop\ISY5002-Project\datasets\raw-2026-week1\4703\20260916T162031Z_4703_1620_d10af5bffee2.jpg
4703,C:\Users\Setekh\Desktop\ISY5002-Project\datasets\raw-2026-week1\4703\20260916T163031Z_4703_1630_05691fcae307.jpg
4703,C:\Users\Setekh\Desktop\ISY5002-Project\datasets\raw-2026-week1\4703\20260916T164031Z_4703_1640_838f902da6c5.jpg
4703,C:\Users\Setekh\Desktop\ISY5002-Project\datasets\raw-2026-week1\4703\20260916T165032Z_4703_1650_a2d86930b55c.jpg
4703,C:\Users\Setekh\Desktop\ISY5002-Project\datasets\raw-2026-week1\4703\20260916T170032Z_4703_1700_0a77010c3bbd.jpg
4703,C:\Users\Setekh\Desktop\ISY5002-Project\datasets\raw-2026-week1\4703\20260916T171052Z_4703_1710_4a2fe99d7c76.jpg
4703,C:\Users\Setekh\Desktop\ISY5002-Project\datasets\raw-2026-week1\4703\20260916T172033Z_4703_1720_d9d52713e9fa.jpg
4703,C:\Users\Setekh\Desktop\ISY5002-Project\datasets\raw-2026-week1\4703\20260916T173033Z_4703_1730_6005f68be1b8.jpg
4703,C:\Users\Setekh\Desktop\ISY5002-Project\datasets\raw-2026-week1\4703\20260916T174033Z_4703_1740_e440f9ae4c93.jpg
4703,C:\Users\Setekh\Desktop\ISY5002-Project\datasets\raw-2026-week1\4703\20260916T175034Z_4703_1750_0083f41ac5ae.jpg
4703,C:\Users\Setekh\Desktop\ISY5002-Project\datasets\raw-2026-week1\4703\20260916T180034Z_4703_1800_edbdb27ede53.jpg
4703,C:\Users\Setekh\Desktop\ISY5002-Project\datasets\raw-2026-week1\4703\20260916T181035Z_4703_1810_bf2d312584d4.jpg
4703,C:\Users\Setekh\Desktop\ISY5002-Project\datasets\raw-2026-week1\4703\20260916T182035Z_4703_1820_da0e3e86caba.jpg
4703,C:\Users\Setekh\Desktop\ISY5002-Project\datasets\raw-2026-week1\4703\20260916T183035Z_4703_1830_567268409b64.jpg
4703,C:\Users\Setekh\Desktop\ISY5002-Project\datasets\raw-2026-week1\4703\20260916T184036Z_4703_1840_7b2d196e09ee.jpg
4703,C:\Users\Setekh\Desktop\ISY5002-Project\datasets\raw-2026-week1\4703\20260916T184556Z_4703_1845_b53d1daea89e.jpg
4703,C:\Users\Setekh\Desktop\ISY5002-Project\datasets\raw-2026-week1\4703\20260916T190036Z_4703_1900_faf758ecf706.jpg
4703,C:\Users\Setekh\Desktop\ISY5002-Project\datasets\raw-2026-week1\4703\20260916T191037Z_4703_1910_82805a62b0e0.jpg
4703,C:\Users\Setekh\Desktop\ISY5002-Project\datasets\raw-2026-week1\4703\20260916T192037Z_4703_1920_734ae8fe6c62.jpg
4703,C:\Users\Setekh\Desktop\ISY5002-Project\datasets\raw-2026-week1\4703\20260916T193038Z_4703_1930_f002c4f1648a.jpg
4703,C:\Users\Setekh\Desktop\ISY5002-Project\datasets\raw-2026-week1\4703\20260916T194038Z_4703_1940_207134f40e4b.jpg
4703,C:\Users\Setekh\Desktop\ISY5002-Project\datasets\raw-2026-week1\4703\20260916T195038Z_4703_1950_dc23e0f45bdf.jpg
4703,C:\Users\Setekh\Desktop\ISY5002-Project\datasets\raw-2026-week1\4703\20260916T200039Z_4703_2000_e435c69cbe7c.jpg
4703,C:\Users\Setekh\Desktop\ISY5002-Project\datasets\raw-2026-week1\4703\20260916T201039Z_4703_2010_aa893c0dd8dd.jpg
4703,C:\Users\Setekh\Desktop\ISY5002-Project\datasets\raw-2026-week1\4703\20260916T202039Z_4703_2020_f36cc4f4ea59.jpg
4703,C:\Users\Setekh\Desktop\ISY5002-Project\datasets\raw-2026-week1\4703\20260916T203040Z_4703_2030_dcc7b70ce83a.jpg
4703,C:\Users\Setekh\Desktop\ISY5002-Project\datasets\raw-2026-week1\4703\20260916T204040Z_4703_2040_96058e60ae8a.jpg
4703,C:\Users\Setekh\Desktop\ISY5002-Project\datasets\raw-2026-week1\4703\20260916T205041Z_4703_2050_54f596bef72e.jpg
4703,C:\Users\Setekh\Desktop\ISY5002-Project\datasets\raw-2026-week1\4703\20260916T205601Z_4703_2056_ea869b53417b.jpg
4703,C:\Users\Setekh\Desktop\ISY5002-Project\datasets\raw-2026-week1\4703\20260916T210541Z_4703_2105_639e5192a43e.jpg
4703,C:\Users\Setekh\Desktop\ISY5002-Project\datasets\raw-2026-week1\4703\20260916T212042Z_4703_2120_aa3476662c36.jpg
4703,C:\Users\Setekh\Desktop\ISY5002-Project\datasets\raw-2026-week1\4703\20260916T212542Z_4703_2125_4bbc4005b9fe.jpg
4703,C:\Users\Setekh\Desktop\ISY5002-Project\datasets\raw-2026-week1\4703\20260916T214043Z_4703_2140_713a5c9e4075.jpg
4703,C:\Users\Setekh\Desktop\ISY5002-Project\datasets\raw-2026-week1\4703\20260916T214603Z_4703_2146_ba0c24bb4193.jpg
4703,C:\Users\Setekh\Desktop\ISY5002-Project\datasets\raw-2026-week1\4703\20260916T220023Z_4703_2200_1af634c17a1d.jpg
4703,C:\Users\Setekh\Desktop\ISY5002-Project\datasets\raw-2026-week1\4703\20260916T220523Z_4703_2205_4d80760b20f2.jpg
4703,C:\Users\Setekh\Desktop\ISY5002-Project\datasets\raw-2026-week1\4703\20260916T222044Z_4703_2220_f48f3fc19e7a.jpg
4703,C:\Users\Setekh\Desktop\ISY5002-Project\datasets\raw-2026-week1\4703\20260916T223024Z_4703_2230_92c65291ada0.jpg
4703,C:\Users\Setekh\Desktop\ISY5002-Project\datasets\raw-2026-week1\4703\20260916T224045Z_4703_2240_fe7220467919.jpg
4703,C:\Users\Setekh\Desktop\ISY5002-Project\datasets\raw-2026-week1\4703\20260916T225045Z_4703_2250_9b000e0118ac.jpg
4703,C:\Users\Setekh\Desktop\ISY5002-Project\datasets\raw-2026-week1\4703\20260916T230025Z_4703_2300_450465f21452.jpg
4703,C:\Users\Setekh\Desktop\ISY5002-Project\datasets\raw-2026-week1\4703\20260916T231046Z_4703_2310_2e6fd49ff214.jpg
4703,C:\Users\Setekh\Desktop\ISY5002-Project\datasets\raw-2026-week1\4703\20260916T232026Z_4703_2320_fdfc6cb97221.jpg
4703,C:\Users\Setekh\Desktop\ISY5002-Project\datasets\raw-2026-week1\4703\20260916T233027Z_4703_2330_d29551b5572c.jpg
4703,C:\Users\Setekh\Desktop\ISY5002-Project\datasets\raw-2026-week1\4703\20260916T234047Z_4703_2340_47b3fcef130e.jpg
4703,C:\Users\Setekh\Desktop\ISY5002-Project\datasets\raw-2026-week1\4703\20260916T235027Z_4703_2350_dc7adee4514f.jpg
4703,C:\Users\Setekh\Desktop\ISY5002-Project\datasets\raw-2026-week1\4703\20260917T000028Z_4703_0000_a042df8ad0ec.jpg
4703,C:\Users\Setekh\Desktop\ISY5002-Project\datasets\raw-2026-week1\4703\20260917T001028Z_4703_0010_42ced2bec9d9.jpg
4703,C:\Users\Setekh\Desktop\ISY5002-Project\datasets\raw-2026-week1\4703\20260917T002028Z_4703_0020_318daa144819.jpg
4703,C:\Users\Setekh\Desktop\ISY5002-Project\datasets\raw-2026-week1\4703\20260917T003029Z_4703_0030_d4287ef00795.jpg
4703,C:\Users\Setekh\Desktop\ISY5002-Project\datasets\raw-2026-week1\4703\20260917T004029Z_4703_0040_ce702eb1662d.jpg
4703,C:\Users\Setekh\Desktop\ISY5002-Project\datasets\raw-2026-week1\4703\20260917T005029Z_4703_0050_b29b22c3c8a0.jpg
4703,C:\Users\Setekh\Desktop\ISY5002-Project\datasets\raw-2026-week1\4703\20260917T010050Z_4703_0100_a86e243ce8a3.jpg
4703,C:\Users\Setekh\Desktop\ISY5002-Project\datasets\raw-2026-week1\4703\20260917T011050Z_4703_0110_abeddd1bb607.jpg
4703,C:\Users\Setekh\Desktop\ISY5002-Project\datasets\raw-2026-week1\4703\20260917T011530Z_4703_0115_8ce801d3160e.jpg
4703,C:\Users\Setekh\Desktop\ISY5002-Project\datasets\raw-2026-week1\4703\20260917T012531Z_4703_0125_766041f49b7d.jpg
4703,C:\Users\Setekh\Desktop\ISY5002-Project\datasets\raw-2026-week1\4703\20260917T014031Z_4703_0140_7550891e6581.jpg
4703,C:\Users\Setekh\Desktop\ISY5002-Project\datasets\raw-2026-week1\4703\20260917T015052Z_4703_0150_96b9631d2edc.jpg
4703,C:\Users\Setekh\Desktop\ISY5002-Project\datasets\raw-2026-week1\4703\20260917T020032Z_4703_0200_1da2e04fc1ee.jpg
4703,C:\Users\Setekh\Desktop\ISY5002-Project\datasets\raw-2026-week1\4703\20260917T021052Z_4703_0210_88e0292828ed.jpg
4703,C:\Users\Setekh\Desktop\ISY5002-Project\datasets\raw-2026-week1\4703\20260917T021553Z_4703_0215_79eacd49eebd.jpg
4703,C:\Users\Setekh\Desktop\ISY5002-Project\datasets\raw-2026-week1\4703\20260917T023033Z_4703_0230_a66d80451d5d.jpg
4703,C:\Users\Setekh\Desktop\ISY5002-Project\datasets\raw-2026-week1\4703\20260917T023533Z_4703_0235_0487b5d0869c.jpg
4703,C:\Users\Setekh\Desktop\ISY5002-Project\datasets\raw-2026-week1\4703\20260917T024054Z_4703_0240_8c1c3fbeccdb.jpg
4703,C:\Users\Setekh\Desktop\ISY5002-Project\datasets\raw-2026-week1\4703\20260917T025034Z_4703_0250_4f66c3884711.jpg
4703,C:\Users\Setekh\Desktop\ISY5002-Project\datasets\raw-2026-week1\4703\20260917T030034Z_4703_0300_c899018afbbb.jpg
4703,C:\Users\Setekh\Desktop\ISY5002-Project\datasets\raw-2026-week1\4703\20260917T031035Z_4703_0310_86d121916aaa.jpg
4703,C:\Users\Setekh\Desktop\ISY5002-Project\datasets\raw-2026-week1\4703\20260917T032035Z_4703_0320_f14f24e5e921.jpg
4703,C:\Users\Setekh\Desktop\ISY5002-Project\datasets\raw-2026-week1\4703\20260917T033055Z_4703_0330_880c446c5aee.jpg
4703,C:\Users\Setekh\Desktop\ISY5002-Project\datasets\raw-2026-week1\4703\20260917T033536Z_4703_0335_65c3e7aaa63e.jpg
4703,C:\Users\Setekh\Desktop\ISY5002-Project\datasets\raw-2026-week1\4703\20260917T035036Z_4703_0350_b13f3a14e377.jpg
4703,C:\Users\Setekh\Desktop\ISY5002-Project\datasets\raw-2026-week1\4703\20260917T040056Z_4703_0400_20459a300158.jpg
4703,C:\Users\Setekh\Desktop\ISY5002-Project\datasets\raw-2026-week1\4703\20260917T040537Z_4703_0405_e08e4f923879.jpg
4703,C:\Users\Setekh\Desktop\ISY5002-Project\datasets\raw-2026-week1\4703\20260917T042037Z_4703_0420_73916faaaab1.jpg
4703,C:\Users\Setekh\Desktop\ISY5002-Project\datasets\raw-2026-week1\4703\20260917T043038Z_4703_0430_dfe010f295d3.jpg
4703,C:\Users\Setekh\Desktop\ISY5002-Project\datasets\raw-2026-week1\4703\20260917T043538Z_4703_0435_e21bcaf82981.jpg
4703,C:\Users\Setekh\Desktop\ISY5002-Project\datasets\raw-2026-week1\4703\20260917T045038Z_4703_0450_a47d38e7988f.jpg
4703,C:\Users\Setekh\Desktop\ISY5002-Project\datasets\raw-2026-week1\4703\20260917T045558Z_4703_0455_9e40083ac39b.jpg
4703,C:\Users\Setekh\Desktop\ISY5002-Project\datasets\raw-2026-week1\4703\20260917T051039Z_4703_0510_1999365f0ebf.jpg
4703,C:\Users\Setekh\Desktop\ISY5002-Project\datasets\raw-2026-week1\4703\20260917T051559Z_4703_0515_c8f6a213fbff.jpg
4703,C:\Users\Setekh\Desktop\ISY5002-Project\datasets\raw-2026-week1\4703\20260917T052600Z_4703_0526_e228c0e33e94.jpg
4703,C:\Users\Setekh\Desktop\ISY5002-Project\datasets\raw-2026-week1\4703\20260917T053600Z_4703_0536_ca37e084ba32.jpg
4703,C:\Users\Setekh\Desktop\ISY5002-Project\datasets\raw-2026-week1\4703\20260917T054540Z_4703_0545_87d6a1062ea0.jpg
4703,C:\Users\Setekh\Desktop\ISY5002-Project\datasets\raw-2026-week1\4703\20260917T055601Z_4703_0556_22ad3e569b03.jpg
4703,C:\Users\Setekh\Desktop\ISY5002-Project\datasets\raw-2026-week1\4703\20260917T061021Z_4703_0610_ad2fb6a77d37.jpg
4703,C:\Users\Setekh\Desktop\ISY5002-Project\datasets\raw-2026-week1\4703\20260917T062041Z_4703_0620_5f1b3c460134.jpg
4703,C:\Users\Setekh\Desktop\ISY5002-Project\datasets\raw-2026-week1\4703\20260917T063022Z_4703_0630_cfbce35e7107.jpg
4703,C:\Users\Setekh\Desktop\ISY5002-Project\datasets\raw-2026-week1\4703\20260917T063542Z_4703_0635_aa452002b64a.jpg
4703,C:\Users\Setekh\Desktop\ISY5002-Project\datasets\raw-2026-week1\4703\20260917T065022Z_4703_0650_e10936836ba0.jpg
4703,C:\Users\Setekh\Desktop\ISY5002-Project\datasets\raw-2026-week1\4703\20260917T070023Z_4703_0700_be05f1453c04.jpg
4703,C:\Users\Setekh\Desktop\ISY5002-Project\datasets\raw-2026-week1\4703\20260917T070523Z_4703_0705_737bbac85aed.jpg
4703,C:\Users\Setekh\Desktop\ISY5002-Project\datasets\raw-2026-week1\4703\20260917T072044Z_4703_0720_0c14f8fd21e9.jpg
4703,C:\Users\Setekh\Desktop\ISY5002-Project\datasets\raw-2026-week1\4703\20260917T072604Z_4703_0726_2ec31ebda216.jpg
4703,C:\Users\Setekh\Desktop\ISY5002-Project\datasets\raw-2026-week1\4703\20260917T073544Z_4703_0735_8c2f05fd7ecf.jpg
4703,C:\Users\Setekh\Desktop\ISY5002-Project\datasets\raw-2026-week1\4703\20260917T075025Z_4703_0750_91c236ad75a0.jpg
4703,C:\Users\Setekh\Desktop\ISY5002-Project\datasets\raw-2026-week1\4703\20260917T080025Z_4703_0800_4efc438130f2.jpg
4703,C:\Users\Setekh\Desktop\ISY5002-Project\datasets\raw-2026-week1\4703\20260917T081045Z_4703_0810_7d6623c98559.jpg
4703,C:\Users\Setekh\Desktop\ISY5002-Project\datasets\raw-2026-week1\4703\20260917T081546Z_4703_0815_dd95e809d3c3.jpg
4703,C:\Users\Setekh\Desktop\ISY5002-Project\datasets\raw-2026-week1\4703\20260917T082046Z_4703_0820_ef8f20cb447f.jpg
4703,C:\Users\Setekh\Desktop\ISY5002-Project\datasets\raw-2026-week1\4703\20260917T082546Z_4703_0825_fa8d796da32c.jpg
4703,C:\Users\Setekh\Desktop\ISY5002-Project\datasets\raw-2026-week1\4703\20260917T084046Z_4703_0840_1387f5680e76.jpg
4703,C:\Users\Setekh\Desktop\ISY5002-Project\datasets\raw-2026-week1\4703\20260917T085047Z_4703_0850_993a7939f23c.jpg
4703,C:\Users\Setekh\Desktop\ISY5002-Project\datasets\raw-2026-week1\4703\20260917T090027Z_4703_0900_c8d815e67b72.jpg
4703,C:\Users\Setekh\Desktop\ISY5002-Project\datasets\raw-2026-week1\4703\20260917T091048Z_4703_0910_d4fae123d613.jpg
4703,C:\Users\Setekh\Desktop\ISY5002-Project\datasets\raw-2026-week1\4703\20260917T092048Z_4703_0920_a776e6a1d311.jpg
4703,C:\Users\Setekh\Desktop\ISY5002-Project\datasets\raw-2026-week1\4703\20260917T092548Z_4703_0925_d465572b6d00.jpg
4703,C:\Users\Setekh\Desktop\ISY5002-Project\datasets\raw-2026-week1\4703\20260917T094049Z_4703_0940_489f1669110e.jpg
4703,C:\Users\Setekh\Desktop\ISY5002-Project\datasets\raw-2026-week1\4703\20260917T095029Z_4703_0950_4745d1fb32c1.jpg
4703,C:\Users\Setekh\Desktop\ISY5002-Project\datasets\raw-2026-week1\4703\20260917T095549Z_4703_0955_0314114e314a.jpg
4703,C:\Users\Setekh\Desktop\ISY5002-Project\datasets\raw-2026-week1\4703\20260917T101050Z_4703_1010_62191c093f4d.jpg
4703,C:\Users\Setekh\Desktop\ISY5002-Project\datasets\raw-2026-week1\4703\20260917T102030Z_4703_1020_a85a20bfdfd3.jpg
4703,C:\Users\Setekh\Desktop\ISY5002-Project\datasets\raw-2026-week1\4703\20260917T103051Z_4703_1030_d201f67b2d48.jpg
4703,C:\Users\Setekh\Desktop\ISY5002-Project\datasets\raw-2026-week1\4703\20260917T104031Z_4703_1040_11e739518ac5.jpg
4703,C:\Users\Setekh\Desktop\ISY5002-Project\datasets\raw-2026-week1\4703\20260917T105031Z_4703_1050_3a5e72bfab80.jpg
4703,C:\Users\Setekh\Desktop\ISY5002-Project\datasets\raw-2026-week1\4703\20260917T110052Z_4703_1100_6e0e8cf58278.jpg
4703,C:\Users\Setekh\Desktop\ISY5002-Project\datasets\raw-2026-week1\4703\20260917T111032Z_4703_1110_a7c9c737e1d0.jpg
4703,C:\Users\Setekh\Desktop\ISY5002-Project\datasets\raw-2026-week1\4703\20260917T112052Z_4703_1120_c35a50db97b8.jpg
4703,C:\Users\Setekh\Desktop\ISY5002-Project\datasets\raw-2026-week1\4703\20260917T113033Z_4703_1130_468d86ecdadf.jpg
4703,C:\Users\Setekh\Desktop\ISY5002-Project\datasets\raw-2026-week1\4703\20260917T114033Z_4703_1140_88a34b9d1973.jpg
4703,C:\Users\Setekh\Desktop\ISY5002-Project\datasets\raw-2026-week1\4703\20260917T115054Z_4703_1150_12434b76c165.jpg
4703,C:\Users\Setekh\Desktop\ISY5002-Project\datasets\raw-2026-week1\4703\20260917T115534Z_4703_1155_014be869732b.jpg
4703,C:\Users\Setekh\Desktop\ISY5002-Project\datasets\raw-2026-week1\4703\20260917T121034Z_4703_1210_0ab06d73352b.jpg
4703,C:\Users\Setekh\Desktop\ISY5002-Project\datasets\raw-2026-week1\4703\20260917T122035Z_4703_1220_235997020244.jpg
4703,C:\Users\Setekh\Desktop\ISY5002-Project\datasets\raw-2026-week1\4703\20260917T123055Z_4703_1230_cb91eb60437e.jpg
4703,C:\Users\Setekh\Desktop\ISY5002-Project\datasets\raw-2026-week1\4703\20260917T124036Z_4703_1240_8814f9b11839.jpg
4703,C:\Users\Setekh\Desktop\ISY5002-Project\datasets\raw-2026-week1\4703\20260917T124536Z_4703_1245_6ad4e879eeca.jpg
4703,C:\Users\Setekh\Desktop\ISY5002-Project\datasets\raw-2026-week1\4703\20260917T130036Z_4703_1300_b3c95b722260.jpg
4703,C:\Users\Setekh\Desktop\ISY5002-Project\datasets\raw-2026-week1\4703\20260917T131037Z_4703_1310_4a387732a035.jpg
4703,C:\Users\Setekh\Desktop\ISY5002-Project\datasets\raw-2026-week1\4703\20260917T132057Z_4703_1320_593e02097131.jpg
4703,C:\Users\Setekh\Desktop\ISY5002-Project\datasets\raw-2026-week1\4703\20260917T133037Z_4703_1330_caf47c7f8bd8.jpg
4703,C:\Users\Setekh\Desktop\ISY5002-Project\datasets\raw-2026-week1\4703\20260917T134038Z_4703_1340_c0861ce2eba0.jpg
4703,C:\Users\Setekh\Desktop\ISY5002-Project\datasets\raw-2026-week1\4703\20260917T134538Z_4703_1345_80e1af9eba29.jpg
4703,C:\Users\Setekh\Desktop\ISY5002-Project\datasets\raw-2026-week1\4703\20260917T135538Z_4703_1355_11e9aa82df28.jpg
4703,C:\Users\Setekh\Desktop\ISY5002-Project\datasets\raw-2026-week1\4703\20260917T140038Z_4703_1400_7b600dc7a902.jpg
4703,C:\Users\Setekh\Desktop\ISY5002-Project\datasets\raw-2026-week1\4703\20260917T141039Z_4703_1410_570a2df57d5b.jpg
4703,C:\Users\Setekh\Desktop\ISY5002-Project\datasets\raw-2026-week1\4703\20260917T141559Z_4703_1415_0843f550fbac.jpg
4703,C:\Users\Setekh\Desktop\ISY5002-Project\datasets\raw-2026-week1\4703\20260917T143040Z_4703_1430_11332bad30ee.jpg
4703,C:\Users\Setekh\Desktop\ISY5002-Project\datasets\raw-2026-week1\4703\20260917T144040Z_4703_1440_ecb0a73ad46f.jpg
4703,C:\Users\Setekh\Desktop\ISY5002-Project\datasets\raw-2026-week1\4703\20260917T144540Z_4703_1445_886114ffb172.jpg
4703,C:\Users\Setekh\Desktop\ISY5002-Project\datasets\raw-2026-week1\4703\20260917T150041Z_4703_1500_2d91c46dfc1e.jpg
4703,C:\Users\Setekh\Desktop\ISY5002-Project\datasets\raw-2026-week1\4703\20260917T150601Z_4703_1506_6caedc0171f4.jpg
4703,C:\Users\Setekh\Desktop\ISY5002-Project\datasets\raw-2026-week1\4703\20260917T153542Z_4703_1535_20883cbb7465.jpg
4703,C:\Users\Setekh\Desktop\ISY5002-Project\datasets\raw-2026-week1\4703\20260917T155042Z_4703_1550_da6ca4d08c2d.jpg
4703,C:\Users\Setekh\Desktop\ISY5002-Project\datasets\raw-2026-week1\4703\20260917T160603Z_4703_1606_79ef4e60373f.jpg
4703,C:\Users\Setekh\Desktop\ISY5002-Project\datasets\raw-2026-week1\4703\20260917T161603Z_4703_1616_0f42fe620455.jpg
4703,C:\Users\Setekh\Desktop\ISY5002-Project\datasets\raw-2026-week1\4703\20260917T163044Z_4703_1630_38eead622a45.jpg
4703,C:\Users\Setekh\Desktop\ISY5002-Project\datasets\raw-2026-week1\4703\20260917T164044Z_4703_1640_cec718a79701.jpg
4703,C:\Users\Setekh\Desktop\ISY5002-Project\datasets\raw-2026-week1\4703\20260917T165045Z_4703_1650_27aa5f6201c4.jpg
4703,C:\Users\Setekh\Desktop\ISY5002-Project\datasets\raw-2026-week1\4703\20260917T170045Z_4703_1700_0fa0f1c41673.jpg
4703,C:\Users\Setekh\Desktop\ISY5002-Project\datasets\raw-2026-week1\4703\20260917T171045Z_4703_1710_f5fa9ed98319.jpg
4703,C:\Users\Setekh\Desktop\ISY5002-Project\datasets\raw-2026-week1\4703\20260917T172026Z_4703_1720_2afb9d865bb7.jpg
4703,C:\Users\Setekh\Desktop\ISY5002-Project\datasets\raw-2026-week1\4703\20260917T173046Z_4703_1730_0ec499502c74.jpg
4703,C:\Users\Setekh\Desktop\ISY5002-Project\datasets\raw-2026-week1\4703\20260917T174046Z_4703_1740_fd36911ef903.jpg
4703,C:\Users\Setekh\Desktop\ISY5002-Project\datasets\raw-2026-week1\4703\20260917T175047Z_4703_1750_79d226b34204.jpg
4703,C:\Users\Setekh\Desktop\ISY5002-Project\datasets\raw-2026-week1\4703\20260917T175607Z_4703_1756_1f5b152b2a8d.jpg
4703,C:\Users\Setekh\Desktop\ISY5002-Project\datasets\raw-2026-week1\4703\20260917T181028Z_4703_1810_4227c959c334.jpg
4703,C:\Users\Setekh\Desktop\ISY5002-Project\datasets\raw-2026-week1\4703\20260917T182028Z_4703_1820_337310cdb238.jpg
4703,C:\Users\Setekh\Desktop\ISY5002-Project\datasets\raw-2026-week1\4703\20260917T183028Z_4703_1830_8e7665c02f8e.jpg
4703,C:\Users\Setekh\Desktop\ISY5002-Project\datasets\raw-2026-week1\4703\20260917T184029Z_4703_1840_2b287a241857.jpg
4703,C:\Users\Setekh\Desktop\ISY5002-Project\datasets\raw-2026-week1\4703\20260917T185029Z_4703_1850_20667404716c.jpg
4703,C:\Users\Setekh\Desktop\ISY5002-Project\datasets\raw-2026-week1\4703\20260917T185609Z_4703_1856_a47559de9b6b.jpg
4703,C:\Users\Setekh\Desktop\ISY5002-Project\datasets\raw-2026-week1\4703\20260917T191030Z_4703_1910_d411fe068995.jpg
4703,C:\Users\Setekh\Desktop\ISY5002-Project\datasets\raw-2026-week1\4703\20260917T192030Z_4703_1920_6a8727908581.jpg
4703,C:\Users\Setekh\Desktop\ISY5002-Project\datasets\raw-2026-week1\4703\20260917T193051Z_4703_1930_900772577d2b.jpg
4703,C:\Users\Setekh\Desktop\ISY5002-Project\datasets\raw-2026-week1\4703\20260917T193531Z_4703_1935_d2a1d820664a.jpg
4703,C:\Users\Setekh\Desktop\ISY5002-Project\datasets\raw-2026-week1\4703\20260917T194551Z_4703_1945_492252dc4b86.jpg
4703,C:\Users\Setekh\Desktop\ISY5002-Project\datasets\raw-2026-week1\4703\20260917T200032Z_4703_2000_973570f67e6b.jpg
4703,C:\Users\Setekh\Desktop\ISY5002-Project\datasets\raw-2026-week1\4703\20260917T201052Z_4703_2010_1140fece10d4.jpg
4703,C:\Users\Setekh\Desktop\ISY5002-Project\datasets\raw-2026-week1\4703\20260917T202052Z_4703_2020_da5a1a92271a.jpg
4703,C:\Users\Setekh\Desktop\ISY5002-Project\datasets\raw-2026-week1\4703\20260917T203033Z_4703_2030_34e3a6ae1da2.jpg
4703,C:\Users\Setekh\Desktop\ISY5002-Project\datasets\raw-2026-week1\4703\20260917T204033Z_4703_2040_b036252165d1.jpg
4703,C:\Users\Setekh\Desktop\ISY5002-Project\datasets\raw-2026-week1\4703\20260917T205053Z_4703_2050_2ed1ee892f70.jpg
4703,C:\Users\Setekh\Desktop\ISY5002-Project\datasets\raw-2026-week1\4703\20260917T210054Z_4703_2100_b72696453722.jpg
4703,C:\Users\Setekh\Desktop\ISY5002-Project\datasets\raw-2026-week1\4703\20260917T211054Z_4703_2110_cb94f38d9579.jpg
4703,C:\Users\Setekh\Desktop\ISY5002-Project\datasets\raw-2026-week1\4703\20260917T212035Z_4703_2120_626701fadac3.jpg
4703,C:\Users\Setekh\Desktop\ISY5002-Project\datasets\raw-2026-week1\4703\20260917T212555Z_4703_2125_66a2fa9111ad.jpg
4703,C:\Users\Setekh\Desktop\ISY5002-Project\datasets\raw-2026-week1\4703\20260917T214055Z_4703_2140_02ce143fd417.jpg
4703,C:\Users\Setekh\Desktop\ISY5002-Project\datasets\raw-2026-week1\4703\20260917T215056Z_4703_2150_ef8e93e9ca67.jpg
4703,C:\Users\Setekh\Desktop\ISY5002-Project\datasets\raw-2026-week1\4703\20260917T220036Z_4703_2200_c0485c51cad2.jpg
4703,C:\Users\Setekh\Desktop\ISY5002-Project\datasets\raw-2026-week1\4703\20260917T221036Z_4703_2210_f2d4bae70334.jpg
4703,C:\Users\Setekh\Desktop\ISY5002-Project\datasets\raw-2026-week1\4703\20260917T221557Z_4703_2215_f66f8be9a116.jpg
4703,C:\Users\Setekh\Desktop\ISY5002-Project\datasets\raw-2026-week1\4703\20260917T223037Z_4703_2230_96de32aa129b.jpg
4703,C:\Users\Setekh\Desktop\ISY5002-Project\datasets\raw-2026-week1\4703\20260917T223557Z_4703_2235_a2d86496fff7.jpg
4703,C:\Users\Setekh\Desktop\ISY5002-Project\datasets\raw-2026-week1\4703\20260917T224558Z_4703_2245_2e3f7c236709.jpg
4703,C:\Users\Setekh\Desktop\ISY5002-Project\datasets\raw-2026-week1\4703\20260917T225538Z_4703_2255_253b9c463aca.jpg
4703,C:\Users\Setekh\Desktop\ISY5002-Project\datasets\raw-2026-week1\4703\20260917T230558Z_4703_2305_601b274b285d.jpg
4703,C:\Users\Setekh\Desktop\ISY5002-Project\datasets\raw-2026-week1\4703\20260917T232039Z_4703_2320_34bc394927aa.jpg
4703,C:\Users\Setekh\Desktop\ISY5002-Project\datasets\raw-2026-week1\4703\20260917T233039Z_4703_2330_a33676246067.jpg
4703,C:\Users\Setekh\Desktop\ISY5002-Project\datasets\raw-2026-week1\4703\20260917T234040Z_4703_2340_69baa33386bb.jpg
4703,C:\Users\Setekh\Desktop\ISY5002-Project\datasets\raw-2026-week1\4703\20260917T235040Z_4703_2350_3f6fd087dcc8.jpg
4703,C:\Users\Setekh\Desktop\ISY5002-Project\datasets\raw-2026-week1\4703\20260918T000040Z_4703_0000_5f5fcbde2502.jpg
4703,C:\Users\Setekh\Desktop\ISY5002-Project\datasets\raw-2026-week1\4703\20260918T001041Z_4703_0010_aaec1a1e60a0.jpg
4703,C:\Users\Setekh\Desktop\ISY5002-Project\datasets\raw-2026-week1\4703\20260918T002041Z_4703_0020_f122fc4f57a9.jpg
4703,C:\Users\Setekh\Desktop\ISY5002-Project\datasets\raw-2026-week1\4703\20260918T003042Z_4703_0030_356206ae0546.jpg
4703,C:\Users\Setekh\Desktop\ISY5002-Project\datasets\raw-2026-week1\4703\20260918T004042Z_4703_0040_65d0b5424478.jpg
4703,C:\Users\Setekh\Desktop\ISY5002-Project\datasets\raw-2026-week1\4703\20260918T005042Z_4703_0050_09a4ffc106e5.jpg
4703,C:\Users\Setekh\Desktop\ISY5002-Project\datasets\raw-2026-week1\4703\20260918T010043Z_4703_0100_0572691bcfa2.jpg
4703,C:\Users\Setekh\Desktop\ISY5002-Project\datasets\raw-2026-week1\4703\20260918T011043Z_4703_0110_be638cb7c7d6.jpg
4703,C:\Users\Setekh\Desktop\ISY5002-Project\datasets\raw-2026-week1\4703\20260918T011543Z_4703_0115_fdef8b17b98d.jpg
4703,C:\Users\Setekh\Desktop\ISY5002-Project\datasets\raw-2026-week1\4703\20260918T013044Z_4703_0130_0aaa32aa17b6.jpg
4703,C:\Users\Setekh\Desktop\ISY5002-Project\datasets\raw-2026-week1\4703\20260918T014044Z_4703_0140_2bc8d7fec5c4.jpg
4703,C:\Users\Setekh\Desktop\ISY5002-Project\datasets\raw-2026-week1\4703\20260918T015044Z_4703_0150_1e9ce62e49c4.jpg
4703,C:\Users\Setekh\Desktop\ISY5002-Project\datasets\raw-2026-week1\4703\20260918T020045Z_4703_0200_ed77da73ff94.jpg
4703,C:\Users\Setekh\Desktop\ISY5002-Project\datasets\raw-2026-week1\4703\20260918T020545Z_4703_0205_dad2907bc4dc.jpg
4703,C:\Users\Setekh\Desktop\ISY5002-Project\datasets\raw-2026-week1\4703\20260918T022026Z_4703_0220_bde953503e94.jpg
4703,C:\Users\Setekh\Desktop\ISY5002-Project\datasets\raw-2026-week1\4703\20260918T023046Z_4703_0230_d564f19ea171.jpg
4703,C:\Users\Setekh\Desktop\ISY5002-Project\datasets\raw-2026-week1\4703\20260918T024046Z_4703_0240_ad70bb108636.jpg
4703,C:\Users\Setekh\Desktop\ISY5002-Project\datasets\raw-2026-week1\4703\20260918T025047Z_4703_0250_271006ca3d98.jpg
4703,C:\Users\Setekh\Desktop\ISY5002-Project\datasets\raw-2026-week1\4703\20260918T025547Z_4703_0255_8780d71470eb.jpg
4703,C:\Users\Setekh\Desktop\ISY5002-Project\datasets\raw-2026-week1\4703\20260918T031047Z_4703_0310_5dc4b4d83a4f.jpg
4703,C:\Users\Setekh\Desktop\ISY5002-Project\datasets\raw-2026-week1\4703\20260918T032608Z_4703_0326_b2db8c31cd9d.jpg
4703,C:\Users\Setekh\Desktop\ISY5002-Project\datasets\raw-2026-week1\4703\20260918T035049Z_4703_0350_0025e48f8569.jpg
4703,C:\Users\Setekh\Desktop\ISY5002-Project\datasets\raw-2026-week1\4703\20260918T040029Z_4703_0400_dd56f3158476.jpg
4703,C:\Users\Setekh\Desktop\ISY5002-Project\datasets\raw-2026-week1\4703\20260918T041030Z_4703_0410_545b6b7ea3ea.jpg
4703,C:\Users\Setekh\Desktop\ISY5002-Project\datasets\raw-2026-week1\4703\20260918T042050Z_4703_0420_b7702617900e.jpg
4703,C:\Users\Setekh\Desktop\ISY5002-Project\datasets\raw-2026-week1\4703\20260918T043050Z_4703_0430_1cf88f27d70b.jpg
4703,C:\Users\Setekh\Desktop\ISY5002-Project\datasets\raw-2026-week1\4703\20260918T044031Z_4703_0440_d2a2bc46b650.jpg
4703,C:\Users\Setekh\Desktop\ISY5002-Project\datasets\raw-2026-week1\4703\20260918T045031Z_4703_0450_832b8998abc3.jpg
4703,C:\Users\Setekh\Desktop\ISY5002-Project\datasets\raw-2026-week1\4703\20260918T050031Z_4703_0500_32ea66883455.jpg
4703,C:\Users\Setekh\Desktop\ISY5002-Project\datasets\raw-2026-week1\4703\20260918T051052Z_4703_0510_7cf74d569a4d.jpg
4703,C:\Users\Setekh\Desktop\ISY5002-Project\datasets\raw-2026-week1\4703\20260918T052052Z_4703_0520_4e088d08df9b.jpg
4703,C:\Users\Setekh\Desktop\ISY5002-Project\datasets\raw-2026-week1\4703\20260918T053053Z_4703_0530_a0ad8f13f9a0.jpg
4703,C:\Users\Setekh\Desktop\ISY5002-Project\datasets\raw-2026-week1\4703\20260918T053553Z_4703_0535_ca6d6babcc39.jpg
4703,C:\Users\Setekh\Desktop\ISY5002-Project\datasets\raw-2026-week1\4703\20260918T055033Z_4703_0550_0a7f91b8ec3c.jpg
4703,C:\Users\Setekh\Desktop\ISY5002-Project\datasets\raw-2026-week1\4703\20260918T060034Z_4703_0600_3891d3be2f84.jpg
4703,C:\Users\Setekh\Desktop\ISY5002-Project\datasets\raw-2026-week1\4703\20260918T061034Z_4703_0610_af07afdfbfa8.jpg
4703,C:\Users\Setekh\Desktop\ISY5002-Project\datasets\raw-2026-week1\4703\20260918T062034Z_4703_0620_d519511621c7.jpg
4703,C:\Users\Setekh\Desktop\ISY5002-Project\datasets\raw-2026-week1\4703\20260918T063055Z_4703_0630_8afb0275670f.jpg
4703,C:\Users\Setekh\Desktop\ISY5002-Project\datasets\raw-2026-week1\4703\20260918T064055Z_4703_0640_e2fe9fa40097.jpg
4703,C:\Users\Setekh\Desktop\ISY5002-Project\datasets\raw-2026-week1\4703\20260918T065035Z_4703_0650_2cf00df8d0f8.jpg
4703,C:\Users\Setekh\Desktop\ISY5002-Project\datasets\raw-2026-week1\4703\20260918T065536Z_4703_0655_020b3e1d0e6f.jpg
4703,C:\Users\Setekh\Desktop\ISY5002-Project\datasets\raw-2026-week1\4703\20260918T071056Z_4703_0710_3ddeceefb4f3.jpg
4703,C:\Users\Setekh\Desktop\ISY5002-Project\datasets\raw-2026-week1\4703\20260918T072037Z_4703_0720_6a7436de3211.jpg
4703,C:\Users\Setekh\Desktop\ISY5002-Project\datasets\raw-2026-week1\4703\20260918T072537Z_4703_0725_5d3065882cf4.jpg
4703,C:\Users\Setekh\Desktop\ISY5002-Project\datasets\raw-2026-week1\4703\20260918T074037Z_4703_0740_3d78194f3adb.jpg
4703,C:\Users\Setekh\Desktop\ISY5002-Project\datasets\raw-2026-week1\4703\20260918T075038Z_4703_0750_e0ec63816398.jpg
4703,C:\Users\Setekh\Desktop\ISY5002-Project\datasets\raw-2026-week1\4703\20260918T080018Z_4703_0800_df3b36ddfc6a.jpg
4703,C:\Users\Setekh\Desktop\ISY5002-Project\datasets\raw-2026-week1\4703\20260918T081038Z_4703_0810_0d57c79df21c.jpg
4703,C:\Users\Setekh\Desktop\ISY5002-Project\datasets\raw-2026-week1\4703\20260918T082039Z_4703_0820_83a47b7e8557.jpg
4703,C:\Users\Setekh\Desktop\ISY5002-Project\datasets\raw-2026-week1\4703\20260918T083039Z_4703_0830_3460a2bb663a.jpg
4703,C:\Users\Setekh\Desktop\ISY5002-Project\datasets\raw-2026-week1\4703\20260918T083559Z_4703_0835_70c38d4395db.jpg
4703,C:\Users\Setekh\Desktop\ISY5002-Project\datasets\raw-2026-week1\4703\20260918T085040Z_4703_0850_156bce03c39f.jpg
4703,C:\Users\Setekh\Desktop\ISY5002-Project\datasets\raw-2026-week1\4703\20260918T085540Z_4703_0855_ca8dcb0a35c1.jpg
4703,C:\Users\Setekh\Desktop\ISY5002-Project\datasets\raw-2026-week1\4703\20260918T091040Z_4703_0910_64cad9d5af6e.jpg
4703,C:\Users\Setekh\Desktop\ISY5002-Project\datasets\raw-2026-week1\4703\20260918T091541Z_4703_0915_a95c9d464c27.jpg
4703,C:\Users\Setekh\Desktop\ISY5002-Project\datasets\raw-2026-week1\4703\20260918T093041Z_4703_0930_b7b6c961dedb.jpg
4703,C:\Users\Setekh\Desktop\ISY5002-Project\datasets\raw-2026-week1\4703\20260918T094042Z_4703_0940_91c3c4af06cf.jpg
4703,C:\Users\Setekh\Desktop\ISY5002-Project\datasets\raw-2026-week1\4703\20260918T095042Z_4703_0950_281ea2a84272.jpg
4703,C:\Users\Setekh\Desktop\ISY5002-Project\datasets\raw-2026-week1\4703\20260918T100042Z_4703_1000_0acc198963e6.jpg
4703,C:\Users\Setekh\Desktop\ISY5002-Project\datasets\raw-2026-week1\4703\20260918T100522Z_4703_1005_f3bedf02f253.jpg
4703,C:\Users\Setekh\Desktop\ISY5002-Project\datasets\raw-2026-week1\4703\20260918T101603Z_4703_1016_8bfd59894a16.jpg
4703,C:\Users\Setekh\Desktop\ISY5002-Project\datasets\raw-2026-week1\4703\20260918T103043Z_4703_1030_22bdd8fa2590.jpg
4703,C:\Users\Setekh\Desktop\ISY5002-Project\datasets\raw-2026-week1\4703\20260918T103544Z_4703_1035_9784215a0dbe.jpg
4703,C:\Users\Setekh\Desktop\ISY5002-Project\datasets\raw-2026-week1\4703\20260918T105044Z_4703_1050_57502767be08.jpg
4703,C:\Users\Setekh\Desktop\ISY5002-Project\datasets\raw-2026-week1\4703\20260918T110044Z_4703_1100_e86e12b41f24.jpg
4703,C:\Users\Setekh\Desktop\ISY5002-Project\datasets\raw-2026-week1\4703\20260918T111045Z_4703_1110_7a4718f7d004.jpg
4703,C:\Users\Setekh\Desktop\ISY5002-Project\datasets\raw-2026-week1\4703\20260918T112045Z_4703_1120_3bd41f51a0de.jpg
4703,C:\Users\Setekh\Desktop\ISY5002-Project\datasets\raw-2026-week1\4703\20260918T113026Z_4703_1130_70986626b990.jpg
4703,C:\Users\Setekh\Desktop\ISY5002-Project\datasets\raw-2026-week1\4703\20260918T114046Z_4703_1140_4fed8e28b5ee.jpg
4703,C:\Users\Setekh\Desktop\ISY5002-Project\datasets\raw-2026-week1\4703\20260918T115026Z_4703_1150_a77c89922a16.jpg
4703,C:\Users\Setekh\Desktop\ISY5002-Project\datasets\raw-2026-week1\4703\20260918T120047Z_4703_1200_470aeba21686.jpg
4703,C:\Users\Setekh\Desktop\ISY5002-Project\datasets\raw-2026-week1\4703\20260918T120547Z_4703_1205_67560a4aa48e.jpg
4703,C:\Users\Setekh\Desktop\ISY5002-Project\datasets\raw-2026-week1\4703\20260918T122027Z_4703_1220_60be6ec1875d.jpg
4703,C:\Users\Setekh\Desktop\ISY5002-Project\datasets\raw-2026-week1\4703\20260918T122548Z_4703_1225_8f5b2d04da14.jpg
4703,C:\Users\Setekh\Desktop\ISY5002-Project\datasets\raw-2026-week1\4703\20260918T123608Z_4703_1236_4d4491c95428.jpg
4703,C:\Users\Setekh\Desktop\ISY5002-Project\datasets\raw-2026-week1\4703\20260918T124048Z_4703_1240_154907bb061b.jpg
4703,C:\Users\Setekh\Desktop\ISY5002-Project\datasets\raw-2026-week1\4703\20260918T125029Z_4703_1250_e02859bf0668.jpg
4703,C:\Users\Setekh\Desktop\ISY5002-Project\datasets\raw-2026-week1\4703\20260918T125529Z_4703_1255_a6586cf1be94.jpg
4703,C:\Users\Setekh\Desktop\ISY5002-Project\datasets\raw-2026-week1\4703\20260918T131049Z_4703_1310_3159a24be72d.jpg
4703,C:\Users\Setekh\Desktop\ISY5002-Project\datasets\raw-2026-week1\4703\20260918T132050Z_4703_1320_f2bc963cec0f.jpg
4703,C:\Users\Setekh\Desktop\ISY5002-Project\datasets\raw-2026-week1\4703\20260918T132550Z_4703_1325_1fbcdaa513ca.jpg
4703,C:\Users\Setekh\Desktop\ISY5002-Project\datasets\raw-2026-week1\4703\20260918T133550Z_4703_1335_feee0fa13dc0.jpg
4703,C:\Users\Setekh\Desktop\ISY5002-Project\datasets\raw-2026-week1\4703\20260918T134551Z_4703_1345_36441b257fc0.jpg
4703,C:\Users\Setekh\Desktop\ISY5002-Project\datasets\raw-2026-week1\4703\20260918T140051Z_4703_1400_96ebffbe341a.jpg
4703,C:\Users\Setekh\Desktop\ISY5002-Project\datasets\raw-2026-week1\4703\20260918T141051Z_4703_1410_99ca662a7601.jpg
4703,C:\Users\Setekh\Desktop\ISY5002-Project\datasets\raw-2026-week1\4703\20260918T142052Z_4703_1420_5dfd0cc52227.jpg
4703,C:\Users\Setekh\Desktop\ISY5002-Project\datasets\raw-2026-week1\4703\20260918T143532Z_4703_1435_d54813dd1d64.jpg
4703,C:\Users\Setekh\Desktop\ISY5002-Project\datasets\raw-2026-week1\4703\20260918T144552Z_4703_1445_fae4b9840a7d.jpg
4703,C:\Users\Setekh\Desktop\ISY5002-Project\datasets\raw-2026-week1\4703\20260918T145613Z_4703_1456_217c581a3f12.jpg
4703,C:\Users\Setekh\Desktop\ISY5002-Project\datasets\raw-2026-week1\4703\20260918T150553Z_4703_1505_786a69bc6269.jpg
4703,C:\Users\Setekh\Desktop\ISY5002-Project\datasets\raw-2026-week1\4703\20260918T151553Z_4703_1515_341dc4750378.jpg
4703,C:\Users\Setekh\Desktop\ISY5002-Project\datasets\raw-2026-week1\4703\20260918T152554Z_4703_1525_2578a0f0622a.jpg
4703,C:\Users\Setekh\Desktop\ISY5002-Project\datasets\raw-2026-week1\4703\20260918T154034Z_4703_1540_2fb0acf7a7a0.jpg
4703,C:\Users\Setekh\Desktop\ISY5002-Project\datasets\raw-2026-week1\4703\20260918T155035Z_4703_1550_4189f614173e.jpg
4703,C:\Users\Setekh\Desktop\ISY5002-Project\datasets\raw-2026-week1\4703\20260918T155615Z_4703_1556_6dbf3ed32f3f.jpg
4703,C:\Users\Setekh\Desktop\ISY5002-Project\datasets\raw-2026-week1\4703\20260918T161055Z_4703_1610_35cfe0600f37.jpg
4703,C:\Users\Setekh\Desktop\ISY5002-Project\datasets\raw-2026-week1\4703\20260918T161555Z_4703_1615_23839bebbe6d.jpg
4703,C:\Users\Setekh\Desktop\ISY5002-Project\datasets\raw-2026-week1\4703\20260918T162536Z_4703_1625_f15f012102a6.jpg
4703,C:\Users\Setekh\Desktop\ISY5002-Project\datasets\raw-2026-week1\4703\20260918T164036Z_4703_1640_50563fc9861c.jpg
4703,C:\Users\Setekh\Desktop\ISY5002-Project\datasets\raw-2026-week1\4703\20260918T165036Z_4703_1650_4d7e57626949.jpg
4703,C:\Users\Setekh\Desktop\ISY5002-Project\datasets\raw-2026-week1\4703\20260918T170037Z_4703_1700_d8225f44dbcb.jpg
4703,C:\Users\Setekh\Desktop\ISY5002-Project\datasets\raw-2026-week1\4703\20260918T171037Z_4703_1710_d1920f89688f.jpg
4703,C:\Users\Setekh\Desktop\ISY5002-Project\datasets\raw-2026-week1\4703\20260918T172037Z_4703_1720_8d995800d3a8.jpg
4703,C:\Users\Setekh\Desktop\ISY5002-Project\datasets\raw-2026-week1\4703\20260918T173038Z_4703_1730_3543b06d1da1.jpg
4703,C:\Users\Setekh\Desktop\ISY5002-Project\datasets\raw-2026-week1\4703\20260918T174038Z_4703_1740_8b0e18a4c45d.jpg
4703,C:\Users\Setekh\Desktop\ISY5002-Project\datasets\raw-2026-week1\4703\20260918T175038Z_4703_1750_f46c1c186838.jpg
4703,C:\Users\Setekh\Desktop\ISY5002-Project\datasets\raw-2026-week1\4703\20260918T180039Z_4703_1800_d3156392095d.jpg
4703,C:\Users\Setekh\Desktop\ISY5002-Project\datasets\raw-2026-week1\4703\20260918T181039Z_4703_1810_69c69d8654e1.jpg
4703,C:\Users\Setekh\Desktop\ISY5002-Project\datasets\raw-2026-week1\4703\20260918T182040Z_4703_1820_f103a3c0660c.jpg
4703,C:\Users\Setekh\Desktop\ISY5002-Project\datasets\raw-2026-week1\4703\20260918T182600Z_4703_1826_8eed1d08559f.jpg
4703,C:\Users\Setekh\Desktop\ISY5002-Project\datasets\raw-2026-week1\4703\20260918T184040Z_4703_1840_aae926f9a12e.jpg
4703,C:\Users\Setekh\Desktop\ISY5002-Project\datasets\raw-2026-week1\4703\20260918T185041Z_4703_1850_882b532fa8a2.jpg
4703,C:\Users\Setekh\Desktop\ISY5002-Project\datasets\raw-2026-week1\4703\20260918T190041Z_4703_1900_a3b7e4edae4a.jpg
4703,C:\Users\Setekh\Desktop\ISY5002-Project\datasets\raw-2026-week1\4703\20260918T192042Z_4703_1920_f854fd592b30.jpg
4703,C:\Users\Setekh\Desktop\ISY5002-Project\datasets\raw-2026-week1\4703\20260918T193042Z_4703_1930_e944537584cc.jpg
4703,C:\Users\Setekh\Desktop\ISY5002-Project\datasets\raw-2026-week1\4703\20260918T194043Z_4703_1940_1fe5250d4fc0.jpg
4703,C:\Users\Setekh\Desktop\ISY5002-Project\datasets\raw-2026-week1\4703\20260918T194543Z_4703_1945_42fad1f94e32.jpg
4703,C:\Users\Setekh\Desktop\ISY5002-Project\datasets\raw-2026-week1\4703\20260918T200043Z_4703_2000_d181093c938f.jpg
4703,C:\Users\Setekh\Desktop\ISY5002-Project\datasets\raw-2026-week1\4703\20260918T201044Z_4703_2010_9392a0badceb.jpg
4703,C:\Users\Setekh\Desktop\ISY5002-Project\datasets\raw-2026-week1\4703\20260918T203044Z_4703_2030_6f0069ed8035.jpg
4703,C:\Users\Setekh\Desktop\ISY5002-Project\datasets\raw-2026-week1\4703\20260918T204045Z_4703_2040_fa7cc454cfd3.jpg
4703,C:\Users\Setekh\Desktop\ISY5002-Project\datasets\raw-2026-week1\4703\20260918T205045Z_4703_2050_a7a4daba3b19.jpg
4703,C:\Users\Setekh\Desktop\ISY5002-Project\datasets\raw-2026-week1\4703\20260918T205605Z_4703_2056_31d7a9907c66.jpg
4703,C:\Users\Setekh\Desktop\ISY5002-Project\datasets\raw-2026-week1\4703\20260918T211046Z_4703_2110_622980ec87d5.jpg
4703,C:\Users\Setekh\Desktop\ISY5002-Project\datasets\raw-2026-week1\4703\20260918T212046Z_4703_2120_afc40b18e19b.jpg
4703,C:\Users\Setekh\Desktop\ISY5002-Project\datasets\raw-2026-week1\4703\20260918T213047Z_4703_2130_73f83bcc747f.jpg
4703,C:\Users\Setekh\Desktop\ISY5002-Project\datasets\raw-2026-week1\4703\20260918T213607Z_4703_2136_9d58619c6f06.jpg
4703,C:\Users\Setekh\Desktop\ISY5002-Project\datasets\raw-2026-week1\4703\20260918T215107Z_4703_2151_84b853814d51.jpg
4703,C:\Users\Setekh\Desktop\ISY5002-Project\datasets\raw-2026-week1\4703\20260918T215607Z_4703_2156_a89476af8f3e.jpg
4703,C:\Users\Setekh\Desktop\ISY5002-Project\datasets\raw-2026-week1\4703\20260918T221048Z_4703_2210_4d2d69d22343.jpg
4703,C:\Users\Setekh\Desktop\ISY5002-Project\datasets\raw-2026-week1\4703\20260918T221608Z_4703_2216_4742196988d1.jpg
4703,C:\Users\Setekh\Desktop\ISY5002-Project\datasets\raw-2026-week1\4703\20260918T222549Z_4703_2225_d4c32a4ad80f.jpg
4703,C:\Users\Setekh\Desktop\ISY5002-Project\datasets\raw-2026-week1\4703\20260918T223609Z_4703_2236_16330757d071.jpg
4703,C:\Users\Setekh\Desktop\ISY5002-Project\datasets\raw-2026-week1\4703\20260918T225049Z_4703_2250_5901388babb0.jpg
4703,C:\Users\Setekh\Desktop\ISY5002-Project\datasets\raw-2026-week1\4703\20260918T230030Z_4703_2300_07e53711d33e.jpg
4703,C:\Users\Setekh\Desktop\ISY5002-Project\datasets\raw-2026-week1\4703\20260918T231030Z_4703_2310_67d2d7fa0b23.jpg
4703,C:\Users\Setekh\Desktop\ISY5002-Project\datasets\raw-2026-week1\4703\20260918T232051Z_4703_2320_4434c6ad335f.jpg
4703,C:\Users\Setekh\Desktop\ISY5002-Project\datasets\raw-2026-week1\4703\20260918T233031Z_4703_2330_e3fe6958e69b.jpg
4703,C:\Users\Setekh\Desktop\ISY5002-Project\datasets\raw-2026-week1\4703\20260918T234051Z_4703_2340_f9777d3bed16.jpg
4703,C:\Users\Setekh\Desktop\ISY5002-Project\datasets\raw-2026-week1\4703\20260918T235052Z_4703_2350_e20bc46f03b9.jpg
4703,C:\Users\Setekh\Desktop\ISY5002-Project\datasets\raw-2026-week1\4703\20260919T000052Z_4703_0000_0d9f5683eab4.jpg
4703,C:\Users\Setekh\Desktop\ISY5002-Project\datasets\raw-2026-week1\4703\20260919T001052Z_4703_0010_56580522019c.jpg
4703,C:\Users\Setekh\Desktop\ISY5002-Project\datasets\raw-2026-week1\4703\20260919T002033Z_4703_0020_44c8f0d06878.jpg
4703,C:\Users\Setekh\Desktop\ISY5002-Project\datasets\raw-2026-week1\4703\20260919T003033Z_4703_0030_cd75d664e7a3.jpg
4703,C:\Users\Setekh\Desktop\ISY5002-Project\datasets\raw-2026-week1\4703\20260919T004054Z_4703_0040_0431e62e771f.jpg
4703,C:\Users\Setekh\Desktop\ISY5002-Project\datasets\raw-2026-week1\4703\20260919T004554Z_4703_0045_0b3408c945b8.jpg
4703,C:\Users\Setekh\Desktop\ISY5002-Project\datasets\raw-2026-week1\4703\20260919T010054Z_4703_0100_80a33651ebfd.jpg
4703,C:\Users\Setekh\Desktop\ISY5002-Project\datasets\raw-2026-week1\4703\20260919T010614Z_4703_0106_adfbde839f79.jpg
4703,C:\Users\Setekh\Desktop\ISY5002-Project\datasets\raw-2026-week1\4703\20260919T012555Z_4703_0125_aff23db90c71.jpg
4703,C:\Users\Setekh\Desktop\ISY5002-Project\datasets\raw-2026-week1\4703\20260919T014036Z_4703_0140_8dae8100c99d.jpg
4703,C:\Users\Setekh\Desktop\ISY5002-Project\datasets\raw-2026-week1\4703\20260919T015056Z_4703_0150_41db58ea362f.jpg
4703,C:\Users\Setekh\Desktop\ISY5002-Project\datasets\raw-2026-week1\4703\20260919T020036Z_4703_0200_85e17e5823c5.jpg
4703,C:\Users\Setekh\Desktop\ISY5002-Project\datasets\raw-2026-week1\4703\20260919T020617Z_4703_0206_9e76c9079290.jpg
4703,C:\Users\Setekh\Desktop\ISY5002-Project\datasets\raw-2026-week1\4703\20260919T021557Z_4703_0215_581052ba4712.jpg
4703,C:\Users\Setekh\Desktop\ISY5002-Project\datasets\raw-2026-week1\4703\20260919T022557Z_4703_0225_b693ac35d0e6.jpg
4703,C:\Users\Setekh\Desktop\ISY5002-Project\datasets\raw-2026-week1\4703\20260919T023538Z_4703_0235_fe9e31ec3c3d.jpg
4703,C:\Users\Setekh\Desktop\ISY5002-Project\datasets\raw-2026-week1\4703\20260919T025038Z_4703_0250_febbf91c3e05.jpg
4703,C:\Users\Setekh\Desktop\ISY5002-Project\datasets\raw-2026-week1\4703\20260919T025559Z_4703_0255_f47cc4355d63.jpg
4703,C:\Users\Setekh\Desktop\ISY5002-Project\datasets\raw-2026-week1\4703\20260919T031539Z_4703_0315_6b238f911613.jpg
4703,C:\Users\Setekh\Desktop\ISY5002-Project\datasets\raw-2026-week1\4703\20260919T033040Z_4703_0330_34e7d703222d.jpg
4703,C:\Users\Setekh\Desktop\ISY5002-Project\datasets\raw-2026-week1\4703\20260919T033600Z_4703_0336_37cd1bfbbadd.jpg
4703,C:\Users\Setekh\Desktop\ISY5002-Project\datasets\raw-2026-week1\4703\20260919T035041Z_4703_0350_bf2bd0d01715.jpg
4703,C:\Users\Setekh\Desktop\ISY5002-Project\datasets\raw-2026-week1\4703\20260919T035541Z_4703_0355_ae8dc93f72f1.jpg
4703,C:\Users\Setekh\Desktop\ISY5002-Project\datasets\raw-2026-week1\4703\20260919T040521Z_4703_0405_eb026454161d.jpg
4703,C:\Users\Setekh\Desktop\ISY5002-Project\datasets\raw-2026-week1\4703\20260919T042042Z_4703_0420_cb81c6b1de52.jpg
4703,C:\Users\Setekh\Desktop\ISY5002-Project\datasets\raw-2026-week1\4703\20260919T042602Z_4703_0426_7157acd0f682.jpg
4703,C:\Users\Setekh\Desktop\ISY5002-Project\datasets\raw-2026-week1\4703\20260919T043602Z_4703_0436_c20cb32eb11f.jpg
4703,C:\Users\Setekh\Desktop\ISY5002-Project\datasets\raw-2026-week1\4703\20260919T044543Z_4703_0445_4839460ba681.jpg
4703,C:\Users\Setekh\Desktop\ISY5002-Project\datasets\raw-2026-week1\4703\20260919T045543Z_4703_0455_4c2a525f2906.jpg
4703,C:\Users\Setekh\Desktop\ISY5002-Project\datasets\raw-2026-week1\4703\20260919T050543Z_4703_0505_886b82e16064.jpg
4703,C:\Users\Setekh\Desktop\ISY5002-Project\datasets\raw-2026-week1\4703\20260919T052044Z_4703_0520_585e87aeb739.jpg
4703,C:\Users\Setekh\Desktop\ISY5002-Project\datasets\raw-2026-week1\4703\20260919T053044Z_4703_0530_24c033c777d3.jpg
4703,C:\Users\Setekh\Desktop\ISY5002-Project\datasets\raw-2026-week1\4703\20260919T054045Z_4703_0540_b679a1c9d534.jpg
4703,C:\Users\Setekh\Desktop\ISY5002-Project\datasets\raw-2026-week1\4703\20260919T054545Z_4703_0545_6755bc4c34e4.jpg
4703,C:\Users\Setekh\Desktop\ISY5002-Project\datasets\raw-2026-week1\4703\20260919T055545Z_4703_0555_2d846ba9b909.jpg
4703,C:\Users\Setekh\Desktop\ISY5002-Project\datasets\raw-2026-week1\4703\20260919T061046Z_4703_0610_3826f3b226d7.jpg
4703,C:\Users\Setekh\Desktop\ISY5002-Project\datasets\raw-2026-week1\4703\20260919T062046Z_4703_0620_8f3f16f02f21.jpg
4703,C:\Users\Setekh\Desktop\ISY5002-Project\datasets\raw-2026-week1\4703\20260919T062546Z_4703_0625_2cd2e6db5e08.jpg
4703,C:\Users\Setekh\Desktop\ISY5002-Project\datasets\raw-2026-week1\4703\20260919T063527Z_4703_0635_b5026514c488.jpg
4703,C:\Users\Setekh\Desktop\ISY5002-Project\datasets\raw-2026-week1\4703\20260919T065047Z_4703_0650_42ed6a1b1ba6.jpg
4703,C:\Users\Setekh\Desktop\ISY5002-Project\datasets\raw-2026-week1\4703\20260919T070048Z_4703_0700_4610fb3a40ec.jpg
4703,C:\Users\Setekh\Desktop\ISY5002-Project\datasets\raw-2026-week1\4703\20260919T071048Z_4703_0710_468de6ab81b0.jpg
4703,C:\Users\Setekh\Desktop\ISY5002-Project\datasets\raw-2026-week1\4703\20260919T072048Z_4703_0720_c90e2bd7a522.jpg
4703,C:\Users\Setekh\Desktop\ISY5002-Project\datasets\raw-2026-week1\4703\20260919T073029Z_4703_0730_fca6b11ecd33.jpg
4703,C:\Users\Setekh\Desktop\ISY5002-Project\datasets\raw-2026-week1\4703\20260919T074049Z_4703_0740_5128831f7e90.jpg
4703,C:\Users\Setekh\Desktop\ISY5002-Project\datasets\raw-2026-week1\4703\20260919T075049Z_4703_0750_ceb391a239bd.jpg
4703,C:\Users\Setekh\Desktop\ISY5002-Project\datasets\raw-2026-week1\4703\20260919T080030Z_4703_0800_43f851ad9286.jpg
4703,C:\Users\Setekh\Desktop\ISY5002-Project\datasets\raw-2026-week1\4703\20260919T080530Z_4703_0805_30d2f3d6e572.jpg
4703,C:\Users\Setekh\Desktop\ISY5002-Project\datasets\raw-2026-week1\4703\20260919T081550Z_4703_0815_0d960958e3da.jpg
4703,C:\Users\Setekh\Desktop\ISY5002-Project\datasets\raw-2026-week1\4703\20260919T083031Z_4703_0830_305686944b64.jpg
4703,C:\Users\Setekh\Desktop\ISY5002-Project\datasets\raw-2026-week1\4703\20260919T084051Z_4703_0840_35bfd0ddde11.jpg
4703,C:\Users\Setekh\Desktop\ISY5002-Project\datasets\raw-2026-week1\4703\20260919T085032Z_4703_0850_7e70b707dcd4.jpg
4703,C:\Users\Setekh\Desktop\ISY5002-Project\datasets\raw-2026-week1\4703\20260919T090032Z_4703_0900_51be96fbd447.jpg
4703,C:\Users\Setekh\Desktop\ISY5002-Project\datasets\raw-2026-week1\4703\20260919T091052Z_4703_0910_4fb8107007d4.jpg
4703,C:\Users\Setekh\Desktop\ISY5002-Project\datasets\raw-2026-week1\4703\20260919T092033Z_4703_0920_a2039fafe690.jpg
4703,C:\Users\Setekh\Desktop\ISY5002-Project\datasets\raw-2026-week1\4703\20260919T093033Z_4703_0930_ca18cbf33972.jpg
4703,C:\Users\Setekh\Desktop\ISY5002-Project\datasets\raw-2026-week1\4703\20260919T093553Z_4703_0935_d1e1164525ac.jpg
4703,C:\Users\Setekh\Desktop\ISY5002-Project\datasets\raw-2026-week1\4703\20260919T095054Z_4703_0950_3a7fcca8e0ba.jpg
4703,C:\Users\Setekh\Desktop\ISY5002-Project\datasets\raw-2026-week1\4703\20260919T100054Z_4703_1000_8307c402b943.jpg
4703,C:\Users\Setekh\Desktop\ISY5002-Project\datasets\raw-2026-week1\4703\20260919T101035Z_4703_1010_0f303d23e7c5.jpg
4703,C:\Users\Setekh\Desktop\ISY5002-Project\datasets\raw-2026-week1\4703\20260919T102035Z_4703_1020_d54db2e78768.jpg
4703,C:\Users\Setekh\Desktop\ISY5002-Project\datasets\raw-2026-week1\4703\20260919T103035Z_4703_1030_a0e6a00ccc28.jpg
4703,C:\Users\Setekh\Desktop\ISY5002-Project\datasets\raw-2026-week1\4703\20260919T104036Z_4703_1040_8bf9b4aa88d4.jpg
4703,C:\Users\Setekh\Desktop\ISY5002-Project\datasets\raw-2026-week1\4703\20260919T105056Z_4703_1050_23040a5ca301.jpg
4703,C:\Users\Setekh\Desktop\ISY5002-Project\datasets\raw-2026-week1\4703\20260919T110036Z_4703_1100_cc7ec9e6957a.jpg
4703,C:\Users\Setekh\Desktop\ISY5002-Project\datasets\raw-2026-week1\4703\20260919T110557Z_4703_1105_726e100dfb2e.jpg
4703,C:\Users\Setekh\Desktop\ISY5002-Project\datasets\raw-2026-week1\4703\20260919T111537Z_4703_1115_7f6d34a0475a.jpg
4703,C:\Users\Setekh\Desktop\ISY5002-Project\datasets\raw-2026-week1\4703\20260919T112117Z_4703_1121_b95b33806932.jpg
4703,C:\Users\Setekh\Desktop\ISY5002-Project\datasets\raw-2026-week1\4703\20260919T113038Z_4703_1130_9dd8adfde822.jpg
4703,C:\Users\Setekh\Desktop\ISY5002-Project\datasets\raw-2026-week1\4703\20260919T113538Z_4703_1135_cd4a504d7232.jpg
4703,C:\Users\Setekh\Desktop\ISY5002-Project\datasets\raw-2026-week1\4703\20260919T115038Z_4703_1150_9b62b5074e88.jpg
4703,C:\Users\Setekh\Desktop\ISY5002-Project\datasets\raw-2026-week1\4703\20260919T115619Z_4703_1156_fa84f6fe0619.jpg
4703,C:\Users\Setekh\Desktop\ISY5002-Project\datasets\raw-2026-week1\4703\20260919T120559Z_4703_1205_bce8f894c115.jpg
4703,C:\Users\Setekh\Desktop\ISY5002-Project\datasets\raw-2026-week1\4703\20260919T121559Z_4703_1215_1ef8f6a25f37.jpg
4703,C:\Users\Setekh\Desktop\ISY5002-Project\datasets\raw-2026-week1\4703\20260919T123040Z_4703_1230_6995e6b9fc92.jpg
4703,C:\Users\Setekh\Desktop\ISY5002-Project\datasets\raw-2026-week1\4703\20260919T124040Z_4703_1240_09f77b1c28fb.jpg
4703,C:\Users\Setekh\Desktop\ISY5002-Project\datasets\raw-2026-week1\4703\20260919T124541Z_4703_1245_bd1daa350677.jpg
4703,C:\Users\Setekh\Desktop\ISY5002-Project\datasets\raw-2026-week1\4703\20260919T130041Z_4703_1300_39ff63ab5cf0.jpg
4703,C:\Users\Setekh\Desktop\ISY5002-Project\datasets\raw-2026-week1\4703\20260919T131041Z_4703_1310_0b6ec58fa446.jpg
4703,C:\Users\Setekh\Desktop\ISY5002-Project\datasets\raw-2026-week1\4703\20260919T131542Z_4703_1315_7f572b6d160e.jpg
4703,C:\Users\Setekh\Desktop\ISY5002-Project\datasets\raw-2026-week1\4703\20260919T133042Z_4703_1330_9957b242d95c.jpg
4703,C:\Users\Setekh\Desktop\ISY5002-Project\datasets\raw-2026-week1\4703\20260919T133542Z_4703_1335_f911e555f328.jpg
4703,C:\Users\Setekh\Desktop\ISY5002-Project\datasets\raw-2026-week1\4703\20260919T135043Z_4703_1350_9376da089ab8.jpg
4703,C:\Users\Setekh\Desktop\ISY5002-Project\datasets\raw-2026-week1\4703\20260919T135603Z_4703_1356_1d78d1fec993.jpg
4703,C:\Users\Setekh\Desktop\ISY5002-Project\datasets\raw-2026-week1\4703\20260919T141043Z_4703_1410_5de3403734c1.jpg
4703,C:\Users\Setekh\Desktop\ISY5002-Project\datasets\raw-2026-week1\4703\20260919T142024Z_4703_1420_7592b10c6cfc.jpg
4703,C:\Users\Setekh\Desktop\ISY5002-Project\datasets\raw-2026-week1\4703\20260919T142524Z_4703_1425_8205125d89af.jpg
4703,C:\Users\Setekh\Desktop\ISY5002-Project\datasets\raw-2026-week1\4703\20260919T144045Z_4703_1440_0a855a9e0bf8.jpg
4703,C:\Users\Setekh\Desktop\ISY5002-Project\datasets\raw-2026-week1\4703\20260919T145045Z_4703_1450_6b74a3601eb0.jpg
4703,C:\Users\Setekh\Desktop\ISY5002-Project\datasets\raw-2026-week1\4703\20260919T145605Z_4703_1456_3738afd22278.jpg
4703,C:\Users\Setekh\Desktop\ISY5002-Project\datasets\raw-2026-week1\4703\20260919T151026Z_4703_1510_60afd64e5f7c.jpg
4703,C:\Users\Setekh\Desktop\ISY5002-Project\datasets\raw-2026-week1\4703\20260919T152046Z_4703_1520_3455226cc478.jpg
4703,C:\Users\Setekh\Desktop\ISY5002-Project\datasets\raw-2026-week1\4703\20260919T153046Z_4703_1530_e507fa9e543a.jpg
4703,C:\Users\Setekh\Desktop\ISY5002-Project\datasets\raw-2026-week1\4703\20260919T154027Z_4703_1540_2623d3479f16.jpg
4703,C:\Users\Setekh\Desktop\ISY5002-Project\datasets\raw-2026-week1\4703\20260919T155047Z_4703_1550_19989621328c.jpg
4703,C:\Users\Setekh\Desktop\ISY5002-Project\datasets\raw-2026-week1\4703\20260919T160028Z_4703_1600_14ef2e6de833.jpg
4703,C:\Users\Setekh\Desktop\ISY5002-Project\datasets\raw-2026-week1\4703\20260919T161028Z_4703_1610_34936f80d6d2.jpg
4703,C:\Users\Setekh\Desktop\ISY5002-Project\datasets\raw-2026-week1\4703\20260919T162028Z_4703_1620_02fb46325c86.jpg
4703,C:\Users\Setekh\Desktop\ISY5002-Project\datasets\raw-2026-week1\4703\20260919T162548Z_4703_1625_861f99e80593.jpg
4703,C:\Users\Setekh\Desktop\ISY5002-Project\datasets\raw-2026-week1\4703\20260919T164049Z_4703_1640_88f560df8982.jpg
4703,C:\Users\Setekh\Desktop\ISY5002-Project\datasets\raw-2026-week1\4703\20260919T165029Z_4703_1650_e9395abcd140.jpg
4703,C:\Users\Setekh\Desktop\ISY5002-Project\datasets\raw-2026-week1\4703\20260919T170030Z_4703_1700_d0178ef92f3e.jpg
4703,C:\Users\Setekh\Desktop\ISY5002-Project\datasets\raw-2026-week1\4703\20260919T173051Z_4703_1730_92e7c9bab2ae.jpg
4703,C:\Users\Setekh\Desktop\ISY5002-Project\datasets\raw-2026-week1\4703\20260919T174031Z_4703_1740_159389d04dc2.jpg
4703,C:\Users\Setekh\Desktop\ISY5002-Project\datasets\raw-2026-week1\4703\20260919T174532Z_4703_1745_f630801f3e45.jpg
4703,C:\Users\Setekh\Desktop\ISY5002-Project\datasets\raw-2026-week1\4703\20260919T180032Z_4703_1800_9c4fe87df2da.jpg
4703,C:\Users\Setekh\Desktop\ISY5002-Project\datasets\raw-2026-week1\4703\20260919T181032Z_4703_1810_014b6e91c2c2.jpg
4703,C:\Users\Setekh\Desktop\ISY5002-Project\datasets\raw-2026-week1\4703\20260919T182033Z_4703_1820_11016dfe094d.jpg
4703,C:\Users\Setekh\Desktop\ISY5002-Project\datasets\raw-2026-week1\4703\20260919T183033Z_4703_1830_c7782336d28c.jpg
4703,C:\Users\Setekh\Desktop\ISY5002-Project\datasets\raw-2026-week1\4703\20260919T184034Z_4703_1840_a5c81fe5e901.jpg
4703,C:\Users\Setekh\Desktop\ISY5002-Project\datasets\raw-2026-week1\4703\20260919T192035Z_4703_1920_2a5969cfee43.jpg
4703,C:\Users\Setekh\Desktop\ISY5002-Project\datasets\raw-2026-week1\4703\20260919T193035Z_4703_1930_2fa08df97214.jpg
4703,C:\Users\Setekh\Desktop\ISY5002-Project\datasets\raw-2026-week1\4703\20260919T195036Z_4703_1950_61bac3428fec.jpg
4703,C:\Users\Setekh\Desktop\ISY5002-Project\datasets\raw-2026-week1\4703\20260919T200057Z_4703_2000_8222f90ad22f.jpg
4703,C:\Users\Setekh\Desktop\ISY5002-Project\datasets\raw-2026-week1\4703\20260919T200557Z_4703_2005_f98855daddd7.jpg
4703,C:\Users\Setekh\Desktop\ISY5002-Project\datasets\raw-2026-week1\4703\20260919T201537Z_4703_2015_3133551ba5e6.jpg
4703,C:\Users\Setekh\Desktop\ISY5002-Project\datasets\raw-2026-week1\4703\20260919T203038Z_4703_2030_f209b9bb01df.jpg
4703,C:\Users\Setekh\Desktop\ISY5002-Project\datasets\raw-2026-week1\4703\20260919T204038Z_4703_2040_dc0074b5c5b9.jpg
4703,C:\Users\Setekh\Desktop\ISY5002-Project\datasets\raw-2026-week1\4703\20260919T205038Z_4703_2050_d9a67298b10c.jpg
4703,C:\Users\Setekh\Desktop\ISY5002-Project\datasets\raw-2026-week1\4703\20260919T205539Z_4703_2055_f8a1fc9a7cee.jpg
4703,C:\Users\Setekh\Desktop\ISY5002-Project\datasets\raw-2026-week1\4703\20260919T211039Z_4703_2110_74d4e0319689.jpg
4703,C:\Users\Setekh\Desktop\ISY5002-Project\datasets\raw-2026-week1\4703\20260919T211539Z_4703_2115_b32faa926fb3.jpg
4703,C:\Users\Setekh\Desktop\ISY5002-Project\datasets\raw-2026-week1\4703\20260919T213040Z_4703_2130_4b2a4946d489.jpg
4703,C:\Users\Setekh\Desktop\ISY5002-Project\datasets\raw-2026-week1\4703\20260919T214040Z_4703_2140_1ac06f2169ad.jpg
4703,C:\Users\Setekh\Desktop\ISY5002-Project\datasets\raw-2026-week1\4703\20260919T215041Z_4703_2150_0d0fd9c8883f.jpg
4703,C:\Users\Setekh\Desktop\ISY5002-Project\datasets\raw-2026-week1\4703\20260919T220041Z_4703_2200_715a4c7c1d62.jpg
4703,C:\Users\Setekh\Desktop\ISY5002-Project\datasets\raw-2026-week1\4703\20260919T220601Z_4703_2206_a09d2da0ad5f.jpg
4703,C:\Users\Setekh\Desktop\ISY5002-Project\datasets\raw-2026-week1\4703\20260919T222042Z_4703_2220_d10c04d8bbc4.jpg
4703,C:\Users\Setekh\Desktop\ISY5002-Project\datasets\raw-2026-week1\4703\20260919T222542Z_4703_2225_9ba4720140cf.jpg
4703,C:\Users\Setekh\Desktop\ISY5002-Project\datasets\raw-2026-week1\4703\20260919T224043Z_4703_2240_b5801d0d42a8.jpg
4703,C:\Users\Setekh\Desktop\ISY5002-Project\datasets\raw-2026-week1\4703\20260919T225043Z_4703_2250_56546be7ed70.jpg
4703,C:\Users\Setekh\Desktop\ISY5002-Project\datasets\raw-2026-week1\4703\20260919T231044Z_4703_2310_26726f3f9e61.jpg
4703,C:\Users\Setekh\Desktop\ISY5002-Project\datasets\raw-2026-week1\4703\20260919T231544Z_4703_2315_ab970e6fe21c.jpg
4703,C:\Users\Setekh\Desktop\ISY5002-Project\datasets\raw-2026-week1\4703\20260919T233024Z_4703_2330_f25bc9f51c57.jpg
4703,C:\Users\Setekh\Desktop\ISY5002-Project\datasets\raw-2026-week1\4703\20260919T234045Z_4703_2340_7a2829921de9.jpg
4703,C:\Users\Setekh\Desktop\ISY5002-Project\datasets\raw-2026-week1\4703\20260919T235045Z_4703_2350_cdb2f53e1226.jpg
4703,C:\Users\Setekh\Desktop\ISY5002-Project\datasets\raw-2026-week1\4703\20260920T000046Z_4703_0000_bfc098a931c4.jpg
4703,C:\Users\Setekh\Desktop\ISY5002-Project\datasets\raw-2026-week1\4703\20260920T001046Z_4703_0010_b84aa2a545c1.jpg
4703,C:\Users\Setekh\Desktop\ISY5002-Project\datasets\raw-2026-week1\4703\20260920T002046Z_4703_0020_9e89ef02ef4d.jpg
4703,C:\Users\Setekh\Desktop\ISY5002-Project\datasets\raw-2026-week1\4703\20260920T003027Z_4703_0030_37f3e5b6a679.jpg
4703,C:\Users\Setekh\Desktop\ISY5002-Project\datasets\raw-2026-week1\4703\20260920T004027Z_4703_0040_c75d05f68e04.jpg
4703,C:\Users\Setekh\Desktop\ISY5002-Project\datasets\raw-2026-week1\4703\20260920T011548Z_4703_0115_0301c39f7dea.jpg
4703,C:\Users\Setekh\Desktop\ISY5002-Project\datasets\raw-2026-week1\4703\20260920T013029Z_4703_0130_f333ca1eefa1.jpg
4703,C:\Users\Setekh\Desktop\ISY5002-Project\datasets\raw-2026-week1\4703\20260920T014049Z_4703_0140_8aaf5674d3a2.jpg
4703,C:\Users\Setekh\Desktop\ISY5002-Project\datasets\raw-2026-week1\4703\20260920T015030Z_4703_0150_224dfec2f5fb.jpg
4703,C:\Users\Setekh\Desktop\ISY5002-Project\datasets\raw-2026-week1\4703\20260920T020030Z_4703_0200_39ce255dbcc1.jpg
4703,C:\Users\Setekh\Desktop\ISY5002-Project\datasets\raw-2026-week1\4703\20260920T021051Z_4703_0210_6a1998031bb5.jpg
4703,C:\Users\Setekh\Desktop\ISY5002-Project\datasets\raw-2026-week1\4703\20260920T021531Z_4703_0215_50e136769bef.jpg
4703,C:\Users\Setekh\Desktop\ISY5002-Project\datasets\raw-2026-week1\4703\20260920T023031Z_4703_0230_279e40a77e26.jpg
4703,C:\Users\Setekh\Desktop\ISY5002-Project\datasets\raw-2026-week1\4703\20260920T024031Z_4703_0240_ab0ffcb4f8a5.jpg
4703,C:\Users\Setekh\Desktop\ISY5002-Project\datasets\raw-2026-week1\4703\20260920T025032Z_4703_0250_d3175ef1bc4a.jpg
4703,C:\Users\Setekh\Desktop\ISY5002-Project\datasets\raw-2026-week1\4703\20260920T030052Z_4703_0300_e02f8dffa6ef.jpg
4703,C:\Users\Setekh\Desktop\ISY5002-Project\datasets\raw-2026-week1\4703\20260920T031033Z_4703_0310_896e9c0be4be.jpg
4703,C:\Users\Setekh\Desktop\ISY5002-Project\datasets\raw-2026-week1\4703\20260920T032033Z_4703_0320_b8bf7f462d16.jpg
4703,C:\Users\Setekh\Desktop\ISY5002-Project\datasets\raw-2026-week1\4703\20260920T033033Z_4703_0330_4b583b48ea9d.jpg
4703,C:\Users\Setekh\Desktop\ISY5002-Project\datasets\raw-2026-week1\4703\20260920T034054Z_4703_0340_e59b13db0189.jpg
4703,C:\Users\Setekh\Desktop\ISY5002-Project\datasets\raw-2026-week1\4703\20260920T035034Z_4703_0350_b050daf3801c.jpg
4703,C:\Users\Setekh\Desktop\ISY5002-Project\datasets\raw-2026-week1\4703\20260920T040034Z_4703_0400_b143a018d6bf.jpg
4703,C:\Users\Setekh\Desktop\ISY5002-Project\datasets\raw-2026-week1\4703\20260920T041055Z_4703_0410_66eca32dd15d.jpg
4703,C:\Users\Setekh\Desktop\ISY5002-Project\datasets\raw-2026-week1\4703\20260920T042035Z_4703_0420_3c56900331d7.jpg
4703,C:\Users\Setekh\Desktop\ISY5002-Project\datasets\raw-2026-week1\4703\20260920T043036Z_4703_0430_a25b033ec04d.jpg
4703,C:\Users\Setekh\Desktop\ISY5002-Project\datasets\raw-2026-week1\4703\20260920T043556Z_4703_0435_0d5030c162d7.jpg
4703,C:\Users\Setekh\Desktop\ISY5002-Project\datasets\raw-2026-week1\4703\20260920T045036Z_4703_0450_66593de68c44.jpg
4703,C:\Users\Setekh\Desktop\ISY5002-Project\datasets\raw-2026-week1\4703\20260920T045536Z_4703_0455_cc920bfdee5b.jpg
4703,C:\Users\Setekh\Desktop\ISY5002-Project\datasets\raw-2026-week1\4703\20260920T050557Z_4703_0505_3cca7d5a4c96.jpg
4703,C:\Users\Setekh\Desktop\ISY5002-Project\datasets\raw-2026-week1\4703\20260920T052037Z_4703_0520_bbc5e8741316.jpg
4703,C:\Users\Setekh\Desktop\ISY5002-Project\datasets\raw-2026-week1\4703\20260920T053038Z_4703_0530_5de96a4b4aee.jpg
4703,C:\Users\Setekh\Desktop\ISY5002-Project\datasets\raw-2026-week1\4703\20260920T053558Z_4703_0535_523374df440c.jpg
4703,C:\Users\Setekh\Desktop\ISY5002-Project\datasets\raw-2026-week1\4703\20260920T054558Z_4703_0545_fed2086cc848.jpg
4703,C:\Users\Setekh\Desktop\ISY5002-Project\datasets\raw-2026-week1\4703\20260920T060019Z_4703_0600_091f4e1c32de.jpg
4703,C:\Users\Setekh\Desktop\ISY5002-Project\datasets\raw-2026-week1\4703\20260920T060559Z_4703_0605_2a4fd5cfac63.jpg
4703,C:\Users\Setekh\Desktop\ISY5002-Project\datasets\raw-2026-week1\4703\20260920T061539Z_4703_0615_f64777982c69.jpg
4703,C:\Users\Setekh\Desktop\ISY5002-Project\datasets\raw-2026-week1\4703\20260920T063040Z_4703_0630_1cb5a737be3b.jpg
4703,C:\Users\Setekh\Desktop\ISY5002-Project\datasets\raw-2026-week1\4703\20260920T064040Z_4703_0640_af35c37de927.jpg
4703,C:\Users\Setekh\Desktop\ISY5002-Project\datasets\raw-2026-week1\4703\20260920T065041Z_4703_0650_0b5ed0d4d017.jpg
4703,C:\Users\Setekh\Desktop\ISY5002-Project\datasets\raw-2026-week1\4703\20260920T070021Z_4703_0700_9c49d224e189.jpg
4703,C:\Users\Setekh\Desktop\ISY5002-Project\datasets\raw-2026-week1\4703\20260920T070601Z_4703_0706_bb141f601ca4.jpg
4703,C:\Users\Setekh\Desktop\ISY5002-Project\datasets\raw-2026-week1\4703\20260920T071602Z_4703_0716_5fe95e0fd478.jpg
4703,C:\Users\Setekh\Desktop\ISY5002-Project\datasets\raw-2026-week1\4703\20260920T073042Z_4703_0730_33e13a3fa250.jpg
4703,C:\Users\Setekh\Desktop\ISY5002-Project\datasets\raw-2026-week1\4703\20260920T074042Z_4703_0740_7752766664ef.jpg
4703,C:\Users\Setekh\Desktop\ISY5002-Project\datasets\raw-2026-week1\4703\20260920T075023Z_4703_0750_bb5d6a7336d9.jpg
4703,C:\Users\Setekh\Desktop\ISY5002-Project\datasets\raw-2026-week1\4703\20260920T080043Z_4703_0800_1868408b48e3.jpg
4703,C:\Users\Setekh\Desktop\ISY5002-Project\datasets\raw-2026-week1\4703\20260920T081044Z_4703_0810_05e1264aa3ac.jpg
4703,C:\Users\Setekh\Desktop\ISY5002-Project\datasets\raw-2026-week1\4703\20260920T082044Z_4703_0820_656e5f295a29.jpg
4703,C:\Users\Setekh\Desktop\ISY5002-Project\datasets\raw-2026-week1\4703\20260920T083044Z_4703_0830_4a9a3ef55dce.jpg
4703,C:\Users\Setekh\Desktop\ISY5002-Project\datasets\raw-2026-week1\4703\20260920T084045Z_4703_0840_3ca3edfe710a.jpg
4703,C:\Users\Setekh\Desktop\ISY5002-Project\datasets\raw-2026-week1\4703\20260920T085045Z_4703_0850_24422a364dc3.jpg
4703,C:\Users\Setekh\Desktop\ISY5002-Project\datasets\raw-2026-week1\4703\20260920T090045Z_4703_0900_fe76730c69d4.jpg
4703,C:\Users\Setekh\Desktop\ISY5002-Project\datasets\raw-2026-week1\4703\20260920T091046Z_4703_0910_32f46374cf3b.jpg
4703,C:\Users\Setekh\Desktop\ISY5002-Project\datasets\raw-2026-week1\4703\20260920T092046Z_4703_0920_8914e6660e64.jpg
4703,C:\Users\Setekh\Desktop\ISY5002-Project\datasets\raw-2026-week1\4703\20260920T093027Z_4703_0930_8b95214d5384.jpg
4703,C:\Users\Setekh\Desktop\ISY5002-Project\datasets\raw-2026-week1\4703\20260920T094027Z_4703_0940_e119b07fb1c2.jpg
4703,C:\Users\Setekh\Desktop\ISY5002-Project\datasets\raw-2026-week1\4703\20260920T095027Z_4703_0950_361003aa74ff.jpg
4703,C:\Users\Setekh\Desktop\ISY5002-Project\datasets\raw-2026-week1\4703\20260920T100028Z_4703_1000_d123197a8ef8.jpg
4703,C:\Users\Setekh\Desktop\ISY5002-Project\datasets\raw-2026-week1\4703\20260920T101028Z_4703_1010_d9c4a87df0f1.jpg
4703,C:\Users\Setekh\Desktop\ISY5002-Project\datasets\raw-2026-week1\4703\20260920T102048Z_4703_1020_06339bf7827b.jpg
4703,C:\Users\Setekh\Desktop\ISY5002-Project\datasets\raw-2026-week1\4703\20260920T103029Z_4703_1030_0dbf3056ae16.jpg
4703,C:\Users\Setekh\Desktop\ISY5002-Project\datasets\raw-2026-week1\4703\20260920T104029Z_4703_1040_22ae19474b2e.jpg
4703,C:\Users\Setekh\Desktop\ISY5002-Project\datasets\raw-2026-week1\4703\20260920T105029Z_4703_1050_a9bc07f31771.jpg
4703,C:\Users\Setekh\Desktop\ISY5002-Project\datasets\raw-2026-week1\4703\20260920T110030Z_4703_1100_36e24380747f.jpg
4703,C:\Users\Setekh\Desktop\ISY5002-Project\datasets\raw-2026-week1\4703\20260920T111030Z_4703_1110_3a4688e6ebb5.jpg
4703,C:\Users\Setekh\Desktop\ISY5002-Project\datasets\raw-2026-week1\4703\20260920T112031Z_4703_1120_0d99a2d5037b.jpg
4703,C:\Users\Setekh\Desktop\ISY5002-Project\datasets\raw-2026-week1\4703\20260920T113051Z_4703_1130_f1f3b6492d7d.jpg
4703,C:\Users\Setekh\Desktop\ISY5002-Project\datasets\raw-2026-week1\4703\20260920T114031Z_4703_1140_ed8ebe876806.jpg
4703,C:\Users\Setekh\Desktop\ISY5002-Project\datasets\raw-2026-week1\4703\20260920T115052Z_4703_1150_29671084607e.jpg
4703,C:\Users\Setekh\Desktop\ISY5002-Project\datasets\raw-2026-week1\4703\20260920T120052Z_4703_1200_397d74000c68.jpg
4703,C:\Users\Setekh\Desktop\ISY5002-Project\datasets\raw-2026-week1\4703\20260920T121052Z_4703_1210_4525bfc23b55.jpg
4703,C:\Users\Setekh\Desktop\ISY5002-Project\datasets\raw-2026-week1\4703\20260920T121553Z_4703_1215_bce512edfd2b.jpg
4703,C:\Users\Setekh\Desktop\ISY5002-Project\datasets\raw-2026-week1\4703\20260920T123053Z_4703_1230_3e870ca214aa.jpg
4703,C:\Users\Setekh\Desktop\ISY5002-Project\datasets\raw-2026-week1\4703\20260920T124034Z_4703_1240_a7f54d446cb0.jpg
4703,C:\Users\Setekh\Desktop\ISY5002-Project\datasets\raw-2026-week1\4703\20260920T125034Z_4703_1250_76021ad4abf4.jpg
4703,C:\Users\Setekh\Desktop\ISY5002-Project\datasets\raw-2026-week1\4703\20260920T130054Z_4703_1300_c80a7a24f8ce.jpg
4703,C:\Users\Setekh\Desktop\ISY5002-Project\datasets\raw-2026-week1\4703\20260920T130615Z_4703_1306_364d2aa8367a.jpg
4703,C:\Users\Setekh\Desktop\ISY5002-Project\datasets\raw-2026-week1\4703\20260920T131555Z_4703_1315_303438d4acad.jpg
4703,C:\Users\Setekh\Desktop\ISY5002-Project\datasets\raw-2026-week1\4703\20260920T133055Z_4703_1330_49e9fc5da1c9.jpg
4703,C:\Users\Setekh\Desktop\ISY5002-Project\datasets\raw-2026-week1\4703\20260920T133556Z_4703_1335_49b386b92a93.jpg
4703,C:\Users\Setekh\Desktop\ISY5002-Project\datasets\raw-2026-week1\4703\20260920T135036Z_4703_1350_74915f96b04d.jpg
4703,C:\Users\Setekh\Desktop\ISY5002-Project\datasets\raw-2026-week1\4703\20260920T135556Z_4703_1355_17811ca2c285.jpg
4703,C:\Users\Setekh\Desktop\ISY5002-Project\datasets\raw-2026-week1\4703\20260920T140537Z_4703_1405_9060c3d47326.jpg
4703,C:\Users\Setekh\Desktop\ISY5002-Project\datasets\raw-2026-week1\4703\20260920T142037Z_4703_1420_f8b76b0fe503.jpg
4703,C:\Users\Setekh\Desktop\ISY5002-Project\datasets\raw-2026-week1\4703\20260920T142537Z_4703_1425_fdcacc71c1fd.jpg
4703,C:\Users\Setekh\Desktop\ISY5002-Project\datasets\raw-2026-week1\4703\20260920T143538Z_4703_1435_037e1cc8d723.jpg
4703,C:\Users\Setekh\Desktop\ISY5002-Project\datasets\raw-2026-week1\4703\20260920T145018Z_4703_1450_09f047056a36.jpg
4703,C:\Users\Setekh\Desktop\ISY5002-Project\datasets\raw-2026-week1\4703\20260920T145619Z_4703_1456_4760322f1075.jpg
4703,C:\Users\Setekh\Desktop\ISY5002-Project\datasets\raw-2026-week1\4703\20260920T150559Z_4703_1505_40fe7b3db772.jpg
4703,C:\Users\Setekh\Desktop\ISY5002-Project\datasets\raw-2026-week1\4703\20260920T152039Z_4703_1520_d94367e5e3a0.jpg
4703,C:\Users\Setekh\Desktop\ISY5002-Project\datasets\raw-2026-week1\4703\20260920T152600Z_4703_1526_c47abb5274c0.jpg
4703,C:\Users\Setekh\Desktop\ISY5002-Project\datasets\raw-2026-week1\4703\20260920T154040Z_4703_1540_61901a02a340.jpg
4703,C:\Users\Setekh\Desktop\ISY5002-Project\datasets\raw-2026-week1\4703\20260920T155041Z_4703_1550_b7a565b531c8.jpg
4712,C:\Users\Setekh\Desktop\ISY5002-Project\datasets\raw-2026-week1\4712\20260913T124023Z_4712_1240_ee20a31fd786.jpg
4712,C:\Users\Setekh\Desktop\ISY5002-Project\datasets\raw-2026-week1\4712\20260913T164052Z_4712_1640_14f8c4122972.jpg
4712,C:\Users\Setekh\Desktop\ISY5002-Project\datasets\raw-2026-week1\4712\20260913T165033Z_4712_1650_7023c950175b.jpg
4712,C:\Users\Setekh\Desktop\ISY5002-Project\datasets\raw-2026-week1\4712\20260913T165553Z_4712_1655_0f64c533e741.jpg
4712,C:\Users\Setekh\Desktop\ISY5002-Project\datasets\raw-2026-week1\4712\20260913T170053Z_4712_1700_3f66f7d60642.jpg
4712,C:\Users\Setekh\Desktop\ISY5002-Project\datasets\raw-2026-week1\4712\20260913T171053Z_4712_1710_b4305fec68dc.jpg
4712,C:\Users\Setekh\Desktop\ISY5002-Project\datasets\raw-2026-week1\4712\20260913T172054Z_4712_1720_2a5cad5abcf8.jpg
4712,C:\Users\Setekh\Desktop\ISY5002-Project\datasets\raw-2026-week1\4712\20260913T172554Z_4712_1725_ce8887dd5cd0.jpg
4712,C:\Users\Setekh\Desktop\ISY5002-Project\datasets\raw-2026-week1\4712\20260913T173034Z_4712_1730_47ef1ba87e86.jpg
4712,C:\Users\Setekh\Desktop\ISY5002-Project\datasets\raw-2026-week1\4712\20260913T180055Z_4712_1800_b991c8061511.jpg
4712,C:\Users\Setekh\Desktop\ISY5002-Project\datasets\raw-2026-week1\4712\20260913T181556Z_4712_1815_0b60d56c99ba.jpg
4712,C:\Users\Setekh\Desktop\ISY5002-Project\datasets\raw-2026-week1\4712\20260913T191038Z_4712_1910_1a669e2846b5.jpg
4712,C:\Users\Setekh\Desktop\ISY5002-Project\datasets\raw-2026-week1\4712\20260913T192018Z_4712_1920_687403b9b5dd.jpg
4712,C:\Users\Setekh\Desktop\ISY5002-Project\datasets\raw-2026-week1\4712\20260913T212103Z_4712_2121_1407b6c395b4.jpg
4712,C:\Users\Setekh\Desktop\ISY5002-Project\datasets\raw-2026-week1\4712\20260913T212603Z_4712_2126_18365248556c.jpg
4712,C:\Users\Setekh\Desktop\ISY5002-Project\datasets\raw-2026-week1\4712\20260913T231547Z_4712_2315_4c27d3298e56.jpg
4712,C:\Users\Setekh\Desktop\ISY5002-Project\datasets\raw-2026-week1\4712\20260913T232027Z_4712_2320_76ca0a1f5866.jpg
4712,C:\Users\Setekh\Desktop\ISY5002-Project\datasets\raw-2026-week1\4712\20260914T005550Z_4712_0055_eb7e8b7ccc58.jpg
4712,C:\Users\Setekh\Desktop\ISY5002-Project\datasets\raw-2026-week1\4712\20260914T010031Z_4712_0100_34f13ee28118.jpg
4712,C:\Users\Setekh\Desktop\ISY5002-Project\datasets\raw-2026-week1\4712\20260914T011031Z_4712_0110_df5391c463aa.jpg
4712,C:\Users\Setekh\Desktop\ISY5002-Project\datasets\raw-2026-week1\4712\20260914T012051Z_4712_0120_d22c916ebda2.jpg
4712,C:\Users\Setekh\Desktop\ISY5002-Project\datasets\raw-2026-week1\4712\20260914T013032Z_4712_0130_e26eb2de87fb.jpg
4712,C:\Users\Setekh\Desktop\ISY5002-Project\datasets\raw-2026-week1\4712\20260914T014052Z_4712_0140_1ad9b25e9fc9.jpg
4712,C:\Users\Setekh\Desktop\ISY5002-Project\datasets\raw-2026-week1\4712\20260914T015052Z_4712_0150_a440d5e45d48.jpg
4712,C:\Users\Setekh\Desktop\ISY5002-Project\datasets\raw-2026-week1\4712\20260914T020033Z_4712_0200_4cac3d4e4aea.jpg
4712,C:\Users\Setekh\Desktop\ISY5002-Project\datasets\raw-2026-week1\4712\20260914T021033Z_4712_0210_4ac849438468.jpg
4712,C:\Users\Setekh\Desktop\ISY5002-Project\datasets\raw-2026-week1\4712\20260914T022053Z_4712_0220_da1494a3a488.jpg
4712,C:\Users\Setekh\Desktop\ISY5002-Project\datasets\raw-2026-week1\4712\20260914T023034Z_4712_0230_bfa1b59a6d1d.jpg
4712,C:\Users\Setekh\Desktop\ISY5002-Project\datasets\raw-2026-week1\4712\20260914T024034Z_4712_0240_b64ae3a12c0f.jpg
4712,C:\Users\Setekh\Desktop\ISY5002-Project\datasets\raw-2026-week1\4712\20260914T025055Z_4712_0250_5186f96c1830.jpg
4712,C:\Users\Setekh\Desktop\ISY5002-Project\datasets\raw-2026-week1\4712\20260914T030035Z_4712_0300_dd3591711afb.jpg
4712,C:\Users\Setekh\Desktop\ISY5002-Project\datasets\raw-2026-week1\4712\20260914T031055Z_4712_0310_7a63c3cb33d9.jpg
4712,C:\Users\Setekh\Desktop\ISY5002-Project\datasets\raw-2026-week1\4712\20260914T033056Z_4712_0330_3a327ba03392.jpg
4712,C:\Users\Setekh\Desktop\ISY5002-Project\datasets\raw-2026-week1\4712\20260914T034056Z_4712_0340_4e805402560c.jpg
4712,C:\Users\Setekh\Desktop\ISY5002-Project\datasets\raw-2026-week1\4712\20260914T034617Z_4712_0346_1662142f565e.jpg
4712,C:\Users\Setekh\Desktop\ISY5002-Project\datasets\raw-2026-week1\4712\20260914T040557Z_4712_0405_549eea14d988.jpg
4712,C:\Users\Setekh\Desktop\ISY5002-Project\datasets\raw-2026-week1\4712\20260914T041558Z_4712_0415_eac9f9927297.jpg
4712,C:\Users\Setekh\Desktop\ISY5002-Project\datasets\raw-2026-week1\4712\20260914T043018Z_4712_0430_9b4d33f6d3e1.jpg
4712,C:\Users\Setekh\Desktop\ISY5002-Project\datasets\raw-2026-week1\4712\20260914T043559Z_4712_0435_a8d93554822a.jpg
4712,C:\Users\Setekh\Desktop\ISY5002-Project\datasets\raw-2026-week1\4712\20260914T045039Z_4712_0450_757f8d7e9c2c.jpg
4712,C:\Users\Setekh\Desktop\ISY5002-Project\datasets\raw-2026-week1\4712\20260914T045559Z_4712_0455_45dd28dd4ab5.jpg
4712,C:\Users\Setekh\Desktop\ISY5002-Project\datasets\raw-2026-week1\4712\20260914T051040Z_4712_0510_2ed204a16209.jpg
4712,C:\Users\Setekh\Desktop\ISY5002-Project\datasets\raw-2026-week1\4712\20260914T051540Z_4712_0515_6540d86721be.jpg
4712,C:\Users\Setekh\Desktop\ISY5002-Project\datasets\raw-2026-week1\4712\20260914T052600Z_4712_0526_563d00eece51.jpg
4712,C:\Users\Setekh\Desktop\ISY5002-Project\datasets\raw-2026-week1\4712\20260914T054041Z_4712_0540_818fe5cf4792.jpg
4712,C:\Users\Setekh\Desktop\ISY5002-Project\datasets\raw-2026-week1\4712\20260914T054601Z_4712_0546_c9dd14f4356b.jpg
4712,C:\Users\Setekh\Desktop\ISY5002-Project\datasets\raw-2026-week1\4712\20260914T060042Z_4712_0600_9c5cda2e77fd.jpg
4712,C:\Users\Setekh\Desktop\ISY5002-Project\datasets\raw-2026-week1\4712\20260914T060542Z_4712_0605_f48a1999b4ac.jpg
4712,C:\Users\Setekh\Desktop\ISY5002-Project\datasets\raw-2026-week1\4712\20260914T061602Z_4712_0616_e91faf06c28c.jpg
4712,C:\Users\Setekh\Desktop\ISY5002-Project\datasets\raw-2026-week1\4712\20260914T063043Z_4712_0630_ba6a9ddb9a8a.jpg
4712,C:\Users\Setekh\Desktop\ISY5002-Project\datasets\raw-2026-week1\4712\20260914T063543Z_4712_0635_4f0ab7b0c087.jpg
4712,C:\Users\Setekh\Desktop\ISY5002-Project\datasets\raw-2026-week1\4712\20260914T064043Z_4712_0640_1bcfbae500eb.jpg
4712,C:\Users\Setekh\Desktop\ISY5002-Project\datasets\raw-2026-week1\4712\20260914T064603Z_4712_0646_e66f314186b2.jpg
4712,C:\Users\Setekh\Desktop\ISY5002-Project\datasets\raw-2026-week1\4712\20260914T070024Z_4712_0700_4b49549ab6f9.jpg
4712,C:\Users\Setekh\Desktop\ISY5002-Project\datasets\raw-2026-week1\4712\20260914T071024Z_4712_0710_7ebd73c8b155.jpg
4712,C:\Users\Setekh\Desktop\ISY5002-Project\datasets\raw-2026-week1\4712\20260914T073025Z_4712_0730_ede7bfa461c4.jpg
4712,C:\Users\Setekh\Desktop\ISY5002-Project\datasets\raw-2026-week1\4712\20260914T074045Z_4712_0740_c938482099cc.jpg
4712,C:\Users\Setekh\Desktop\ISY5002-Project\datasets\raw-2026-week1\4712\20260914T075046Z_4712_0750_c75781b9697c.jpg
4712,C:\Users\Setekh\Desktop\ISY5002-Project\datasets\raw-2026-week1\4712\20260914T081046Z_4712_0810_84f53526c969.jpg
4712,C:\Users\Setekh\Desktop\ISY5002-Project\datasets\raw-2026-week1\4712\20260914T081547Z_4712_0815_bedf7646fb17.jpg
4712,C:\Users\Setekh\Desktop\ISY5002-Project\datasets\raw-2026-week1\4712\20260914T083047Z_4712_0830_76b7351016a9.jpg
4712,C:\Users\Setekh\Desktop\ISY5002-Project\datasets\raw-2026-week1\4712\20260914T085028Z_4712_0850_07eec8930fd9.jpg
4712,C:\Users\Setekh\Desktop\ISY5002-Project\datasets\raw-2026-week1\4712\20260914T090048Z_4712_0900_db2400e882a7.jpg
4712,C:\Users\Setekh\Desktop\ISY5002-Project\datasets\raw-2026-week1\4712\20260914T091049Z_4712_0910_2b8b581ac6b6.jpg
4712,C:\Users\Setekh\Desktop\ISY5002-Project\datasets\raw-2026-week1\4712\20260914T092029Z_4712_0920_9be0120d6f61.jpg
4712,C:\Users\Setekh\Desktop\ISY5002-Project\datasets\raw-2026-week1\4712\20260914T092549Z_4712_0925_4ac1feb0fb7f.jpg
4712,C:\Users\Setekh\Desktop\ISY5002-Project\datasets\raw-2026-week1\4712\20260914T094030Z_4712_0940_0750186fd095.jpg
4712,C:\Users\Setekh\Desktop\ISY5002-Project\datasets\raw-2026-week1\4712\20260914T095050Z_4712_0950_ca4786c6a030.jpg
4712,C:\Users\Setekh\Desktop\ISY5002-Project\datasets\raw-2026-week1\4712\20260914T100030Z_4712_1000_ddbb45fa80f8.jpg
4712,C:\Users\Setekh\Desktop\ISY5002-Project\datasets\raw-2026-week1\4712\20260914T101051Z_4712_1010_d975abf80f0b.jpg
4712,C:\Users\Setekh\Desktop\ISY5002-Project\datasets\raw-2026-week1\4712\20260914T102051Z_4712_1020_222b2472c506.jpg
4712,C:\Users\Setekh\Desktop\ISY5002-Project\datasets\raw-2026-week1\4712\20260914T103052Z_4712_1030_5a0abbf310b7.jpg
4712,C:\Users\Setekh\Desktop\ISY5002-Project\datasets\raw-2026-week1\4712\20260914T104052Z_4712_1040_f3abe43a4728.jpg
4712,C:\Users\Setekh\Desktop\ISY5002-Project\datasets\raw-2026-week1\4712\20260914T105032Z_4712_1050_7c3abd8ca68a.jpg
4712,C:\Users\Setekh\Desktop\ISY5002-Project\datasets\raw-2026-week1\4712\20260914T110053Z_4712_1100_24cf4040a08c.jpg
4712,C:\Users\Setekh\Desktop\ISY5002-Project\datasets\raw-2026-week1\4712\20260914T111053Z_4712_1110_5c3ba999dea1.jpg
4712,C:\Users\Setekh\Desktop\ISY5002-Project\datasets\raw-2026-week1\4712\20260914T111553Z_4712_1115_c9ba1b6047d7.jpg
4712,C:\Users\Setekh\Desktop\ISY5002-Project\datasets\raw-2026-week1\4712\20260914T113054Z_4712_1130_ae5ea3a83097.jpg
4712,C:\Users\Setekh\Desktop\ISY5002-Project\datasets\raw-2026-week1\4712\20260914T114054Z_4712_1140_9826e69e2a21.jpg
4712,C:\Users\Setekh\Desktop\ISY5002-Project\datasets\raw-2026-week1\4712\20260914T115034Z_4712_1150_b4a0d5ff16e8.jpg
4712,C:\Users\Setekh\Desktop\ISY5002-Project\datasets\raw-2026-week1\4712\20260914T120035Z_4712_1200_8202f93b7ccf.jpg
4712,C:\Users\Setekh\Desktop\ISY5002-Project\datasets\raw-2026-week1\4712\20260914T121055Z_4712_1210_f69c369b6751.jpg
4712,C:\Users\Setekh\Desktop\ISY5002-Project\datasets\raw-2026-week1\4712\20260914T121555Z_4712_1215_58b6d3ba5efb.jpg
4712,C:\Users\Setekh\Desktop\ISY5002-Project\datasets\raw-2026-week1\4712\20260914T123036Z_4712_1230_96b5c34097fb.jpg
4712,C:\Users\Setekh\Desktop\ISY5002-Project\datasets\raw-2026-week1\4712\20260914T123556Z_4712_1235_e6f82bc1ea2d.jpg
4712,C:\Users\Setekh\Desktop\ISY5002-Project\datasets\raw-2026-week1\4712\20260914T124557Z_4712_1245_82cec682d4d2.jpg
4712,C:\Users\Setekh\Desktop\ISY5002-Project\datasets\raw-2026-week1\4712\20260914T125557Z_4712_1255_2ec5ffac65d2.jpg
4712,C:\Users\Setekh\Desktop\ISY5002-Project\datasets\raw-2026-week1\4712\20260914T130557Z_4712_1305_a8ab11a9ae6e.jpg
4712,C:\Users\Setekh\Desktop\ISY5002-Project\datasets\raw-2026-week1\4712\20260914T131558Z_4712_1315_5330b13e96a0.jpg
4712,C:\Users\Setekh\Desktop\ISY5002-Project\datasets\raw-2026-week1\4712\20260914T133038Z_4712_1330_2d408f72a7d2.jpg
4712,C:\Users\Setekh\Desktop\ISY5002-Project\datasets\raw-2026-week1\4712\20260914T133538Z_4712_1335_2f76750928dd.jpg
4712,C:\Users\Setekh\Desktop\ISY5002-Project\datasets\raw-2026-week1\4712\20260914T134559Z_4712_1345_67b8f3e2b66a.jpg
4712,C:\Users\Setekh\Desktop\ISY5002-Project\datasets\raw-2026-week1\4712\20260914T140039Z_4712_1400_759778d088b2.jpg
4712,C:\Users\Setekh\Desktop\ISY5002-Project\datasets\raw-2026-week1\4712\20260914T141040Z_4712_1410_cd8f9991e676.jpg
4712,C:\Users\Setekh\Desktop\ISY5002-Project\datasets\raw-2026-week1\4712\20260914T141600Z_4712_1416_4e2e17d84e19.jpg
4712,C:\Users\Setekh\Desktop\ISY5002-Project\datasets\raw-2026-week1\4712\20260914T143040Z_4712_1430_db99ac62bf93.jpg
4712,C:\Users\Setekh\Desktop\ISY5002-Project\datasets\raw-2026-week1\4712\20260914T143541Z_4712_1435_dbf157a9a289.jpg
4712,C:\Users\Setekh\Desktop\ISY5002-Project\datasets\raw-2026-week1\4712\20260914T144601Z_4712_1446_92e9c186184e.jpg
4712,C:\Users\Setekh\Desktop\ISY5002-Project\datasets\raw-2026-week1\4712\20260914T150022Z_4712_1500_584ff3afba93.jpg
4712,C:\Users\Setekh\Desktop\ISY5002-Project\datasets\raw-2026-week1\4712\20260914T151042Z_4712_1510_dd2b7d277d36.jpg
4712,C:\Users\Setekh\Desktop\ISY5002-Project\datasets\raw-2026-week1\4712\20260914T151602Z_4712_1516_ed11839ec747.jpg
4712,C:\Users\Setekh\Desktop\ISY5002-Project\datasets\raw-2026-week1\4712\20260914T153043Z_4712_1530_5ea0ad2284ce.jpg
4712,C:\Users\Setekh\Desktop\ISY5002-Project\datasets\raw-2026-week1\4712\20260914T154043Z_4712_1540_8193fc397f0b.jpg
4712,C:\Users\Setekh\Desktop\ISY5002-Project\datasets\raw-2026-week1\4712\20260914T155043Z_4712_1550_ee9a83564709.jpg
4712,C:\Users\Setekh\Desktop\ISY5002-Project\datasets\raw-2026-week1\4712\20260914T155604Z_4712_1556_7e75ad691f8c.jpg
4712,C:\Users\Setekh\Desktop\ISY5002-Project\datasets\raw-2026-week1\4712\20260914T161044Z_4712_1610_dea42ecd131c.jpg
4712,C:\Users\Setekh\Desktop\ISY5002-Project\datasets\raw-2026-week1\4712\20260914T161604Z_4712_1616_214ee5184762.jpg
4712,C:\Users\Setekh\Desktop\ISY5002-Project\datasets\raw-2026-week1\4712\20260914T162545Z_4712_1625_6e2216d24570.jpg
4712,C:\Users\Setekh\Desktop\ISY5002-Project\datasets\raw-2026-week1\4712\20260914T163545Z_4712_1635_9701d8ad95ac.jpg
4712,C:\Users\Setekh\Desktop\ISY5002-Project\datasets\raw-2026-week1\4712\20260914T165046Z_4712_1650_bb98102e214c.jpg
4712,C:\Users\Setekh\Desktop\ISY5002-Project\datasets\raw-2026-week1\4712\20260914T171046Z_4712_1710_777abaec31ba.jpg
4712,C:\Users\Setekh\Desktop\ISY5002-Project\datasets\raw-2026-week1\4712\20260914T172027Z_4712_1720_485f9e37fb93.jpg
4712,C:\Users\Setekh\Desktop\ISY5002-Project\datasets\raw-2026-week1\4712\20260914T172547Z_4712_1725_497afa1a4585.jpg
4712,C:\Users\Setekh\Desktop\ISY5002-Project\datasets\raw-2026-week1\4712\20260914T210555Z_4712_2105_764df27a0ecf.jpg
4712,C:\Users\Setekh\Desktop\ISY5002-Project\datasets\raw-2026-week1\4712\20260914T211536Z_4712_2115_5b942673bf39.jpg
4712,C:\Users\Setekh\Desktop\ISY5002-Project\datasets\raw-2026-week1\4712\20260914T213556Z_4712_2135_255e083a45f9.jpg
4712,C:\Users\Setekh\Desktop\ISY5002-Project\datasets\raw-2026-week1\4712\20260914T214557Z_4712_2145_2a565dad9c16.jpg
4712,C:\Users\Setekh\Desktop\ISY5002-Project\datasets\raw-2026-week1\4712\20260914T224039Z_4712_2240_0894c671e238.jpg
4712,C:\Users\Setekh\Desktop\ISY5002-Project\datasets\raw-2026-week1\4712\20260914T233041Z_4712_2330_31456614ed93.jpg
4712,C:\Users\Setekh\Desktop\ISY5002-Project\datasets\raw-2026-week1\4712\20260914T233521Z_4712_2335_7e8a887144d3.jpg
4712,C:\Users\Setekh\Desktop\ISY5002-Project\datasets\raw-2026-week1\4712\20260914T234521Z_4712_2345_9bff83414296.jpg
4712,C:\Users\Setekh\Desktop\ISY5002-Project\datasets\raw-2026-week1\4712\20260915T000042Z_4712_0000_64c765c5f212.jpg
4712,C:\Users\Setekh\Desktop\ISY5002-Project\datasets\raw-2026-week1\4712\20260915T001042Z_4712_0010_2210d54d7f70.jpg
4712,C:\Users\Setekh\Desktop\ISY5002-Project\datasets\raw-2026-week1\4712\20260915T002042Z_4712_0020_642a5dd88105.jpg
4712,C:\Users\Setekh\Desktop\ISY5002-Project\datasets\raw-2026-week1\4712\20260915T002543Z_4712_0025_3c31a479c888.jpg
4712,C:\Users\Setekh\Desktop\ISY5002-Project\datasets\raw-2026-week1\4712\20260915T004043Z_4712_0040_3e8d24f536ed.jpg
4712,C:\Users\Setekh\Desktop\ISY5002-Project\datasets\raw-2026-week1\4712\20260915T004603Z_4712_0046_4c22533c8dcd.jpg
4712,C:\Users\Setekh\Desktop\ISY5002-Project\datasets\raw-2026-week1\4712\20260915T010024Z_4712_0100_b407a1db387e.jpg
4712,C:\Users\Setekh\Desktop\ISY5002-Project\datasets\raw-2026-week1\4712\20260915T010544Z_4712_0105_e9b47379e0c9.jpg
4712,C:\Users\Setekh\Desktop\ISY5002-Project\datasets\raw-2026-week1\4712\20260915T011544Z_4712_0115_5d9db43c0dad.jpg
4712,C:\Users\Setekh\Desktop\ISY5002-Project\datasets\raw-2026-week1\4712\20260915T012545Z_4712_0125_be13debbacad.jpg
4712,C:\Users\Setekh\Desktop\ISY5002-Project\datasets\raw-2026-week1\4712\20260915T013545Z_4712_0135_d6a30acc6722.jpg
4712,C:\Users\Setekh\Desktop\ISY5002-Project\datasets\raw-2026-week1\4712\20260915T015546Z_4712_0155_558c629a7336.jpg
4712,C:\Users\Setekh\Desktop\ISY5002-Project\datasets\raw-2026-week1\4712\20260915T021046Z_4712_0210_f604a4bf589f.jpg
4712,C:\Users\Setekh\Desktop\ISY5002-Project\datasets\raw-2026-week1\4712\20260915T023547Z_4712_0235_d6a30acc6722.jpg
4712,C:\Users\Setekh\Desktop\ISY5002-Project\datasets\raw-2026-week1\4712\20260915T033550Z_4712_0335_b784845b12ce.jpg
4712,C:\Users\Setekh\Desktop\ISY5002-Project\datasets\raw-2026-week1\4712\20260915T040051Z_4712_0400_9493dffb7810.jpg
4712,C:\Users\Setekh\Desktop\ISY5002-Project\datasets\raw-2026-week1\4712\20260915T041031Z_4712_0410_12196866600a.jpg
4712,C:\Users\Setekh\Desktop\ISY5002-Project\datasets\raw-2026-week1\4712\20260915T042552Z_4712_0425_bfcb89e65713.jpg
4712,C:\Users\Setekh\Desktop\ISY5002-Project\datasets\raw-2026-week1\4712\20260915T044532Z_4712_0445_4e4016a7496a.jpg
4712,C:\Users\Setekh\Desktop\ISY5002-Project\datasets\raw-2026-week1\4712\20260915T050533Z_4712_0505_5234f4162e72.jpg
4712,C:\Users\Setekh\Desktop\ISY5002-Project\datasets\raw-2026-week1\4712\20260915T052534Z_4712_0525_24eadcaaaa30.jpg
4712,C:\Users\Setekh\Desktop\ISY5002-Project\datasets\raw-2026-week1\4712\20260915T054034Z_4712_0540_52a6c14c3424.jpg
4712,C:\Users\Setekh\Desktop\ISY5002-Project\datasets\raw-2026-week1\4712\20260915T060055Z_4712_0600_9c1c9a0ea2d9.jpg
4712,C:\Users\Setekh\Desktop\ISY5002-Project\datasets\raw-2026-week1\4712\20260915T060535Z_4712_0605_0e7743c49697.jpg
4712,C:\Users\Setekh\Desktop\ISY5002-Project\datasets\raw-2026-week1\4712\20260915T062036Z_4712_0620_7487f5060c47.jpg
4712,C:\Users\Setekh\Desktop\ISY5002-Project\datasets\raw-2026-week1\4712\20260915T063016Z_4712_0630_3e5e9e6e493d.jpg
4712,C:\Users\Setekh\Desktop\ISY5002-Project\datasets\raw-2026-week1\4712\20260915T064036Z_4712_0640_559bc539da8f.jpg
4712,C:\Users\Setekh\Desktop\ISY5002-Project\datasets\raw-2026-week1\4712\20260915T065057Z_4712_0650_2e88c6296258.jpg
4712,C:\Users\Setekh\Desktop\ISY5002-Project\datasets\raw-2026-week1\4712\20260915T070057Z_4712_0700_fe85c534220f.jpg
4712,C:\Users\Setekh\Desktop\ISY5002-Project\datasets\raw-2026-week1\4712\20260915T071038Z_4712_0710_bad517798682.jpg
4712,C:\Users\Setekh\Desktop\ISY5002-Project\datasets\raw-2026-week1\4712\20260915T072038Z_4712_0720_423231ea62dd.jpg
4712,C:\Users\Setekh\Desktop\ISY5002-Project\datasets\raw-2026-week1\4712\20260915T072538Z_4712_0725_345c174f7ecc.jpg
4712,C:\Users\Setekh\Desktop\ISY5002-Project\datasets\raw-2026-week1\4712\20260915T073559Z_4712_0735_e095f368148f.jpg
4712,C:\Users\Setekh\Desktop\ISY5002-Project\datasets\raw-2026-week1\4712\20260915T075039Z_4712_0750_98a6cc76e999.jpg
4712,C:\Users\Setekh\Desktop\ISY5002-Project\datasets\raw-2026-week1\4712\20260915T075559Z_4712_0755_d9a524091a64.jpg
4712,C:\Users\Setekh\Desktop\ISY5002-Project\datasets\raw-2026-week1\4712\20260915T080600Z_4712_0806_5940574be7af.jpg
4712,C:\Users\Setekh\Desktop\ISY5002-Project\datasets\raw-2026-week1\4712\20260915T081600Z_4712_0816_2db77cca6e7f.jpg
4712,C:\Users\Setekh\Desktop\ISY5002-Project\datasets\raw-2026-week1\4712\20260915T082600Z_4712_0826_60592e823b24.jpg
4712,C:\Users\Setekh\Desktop\ISY5002-Project\datasets\raw-2026-week1\4712\20260915T084541Z_4712_0845_c1596b57d513.jpg
4712,C:\Users\Setekh\Desktop\ISY5002-Project\datasets\raw-2026-week1\4712\20260915T085541Z_4712_0855_5ad2f50dd62d.jpg
4712,C:\Users\Setekh\Desktop\ISY5002-Project\datasets\raw-2026-week1\4712\20260915T091042Z_4712_0910_004c0d53d6db.jpg
4712,C:\Users\Setekh\Desktop\ISY5002-Project\datasets\raw-2026-week1\4712\20260915T092042Z_4712_0920_40c5a1cf4ae6.jpg
4712,C:\Users\Setekh\Desktop\ISY5002-Project\datasets\raw-2026-week1\4712\20260915T092543Z_4712_0925_b566b2ba0f52.jpg
4712,C:\Users\Setekh\Desktop\ISY5002-Project\datasets\raw-2026-week1\4712\20260915T094043Z_4712_0940_9ec77e1903ab.jpg
4712,C:\Users\Setekh\Desktop\ISY5002-Project\datasets\raw-2026-week1\4712\20260915T094603Z_4712_0946_94424a8b1a42.jpg
4712,C:\Users\Setekh\Desktop\ISY5002-Project\datasets\raw-2026-week1\4712\20260915T095544Z_4712_0955_30a06ddff642.jpg
4712,C:\Users\Setekh\Desktop\ISY5002-Project\datasets\raw-2026-week1\4712\20260915T100544Z_4712_1005_b11db41acfe7.jpg
4712,C:\Users\Setekh\Desktop\ISY5002-Project\datasets\raw-2026-week1\4712\20260915T101544Z_4712_1015_c12fc5d06d48.jpg
4712,C:\Users\Setekh\Desktop\ISY5002-Project\datasets\raw-2026-week1\4712\20260915T103045Z_4712_1030_ee855196c4b8.jpg
4712,C:\Users\Setekh\Desktop\ISY5002-Project\datasets\raw-2026-week1\4712\20260915T103545Z_4712_1035_30b4e03525c5.jpg
4712,C:\Users\Setekh\Desktop\ISY5002-Project\datasets\raw-2026-week1\4712\20260915T105046Z_4712_1050_ae3f041e29fe.jpg
4712,C:\Users\Setekh\Desktop\ISY5002-Project\datasets\raw-2026-week1\4712\20260915T105546Z_4712_1055_72db9ef3d25c.jpg
4712,C:\Users\Setekh\Desktop\ISY5002-Project\datasets\raw-2026-week1\4712\20260915T110046Z_4712_1100_6897f7ac868f.jpg
4712,C:\Users\Setekh\Desktop\ISY5002-Project\datasets\raw-2026-week1\4712\20260915T111026Z_4712_1110_a414225e140d.jpg
4712,C:\Users\Setekh\Desktop\ISY5002-Project\datasets\raw-2026-week1\4712\20260915T111547Z_4712_1115_dca78ced8ca5.jpg
4712,C:\Users\Setekh\Desktop\ISY5002-Project\datasets\raw-2026-week1\4712\20260915T113027Z_4712_1130_d8d7255287fb.jpg
4712,C:\Users\Setekh\Desktop\ISY5002-Project\datasets\raw-2026-week1\4712\20260915T114047Z_4712_1140_ac96ef9e13fa.jpg
4712,C:\Users\Setekh\Desktop\ISY5002-Project\datasets\raw-2026-week1\4712\20260915T115028Z_4712_1150_d648b88997d0.jpg
4712,C:\Users\Setekh\Desktop\ISY5002-Project\datasets\raw-2026-week1\4712\20260915T120028Z_4712_1200_ac5e06753914.jpg
4712,C:\Users\Setekh\Desktop\ISY5002-Project\datasets\raw-2026-week1\4712\20260915T121049Z_4712_1210_3c8135ccf8a3.jpg
4712,C:\Users\Setekh\Desktop\ISY5002-Project\datasets\raw-2026-week1\4712\20260915T122049Z_4712_1220_b4e7f593a381.jpg
4712,C:\Users\Setekh\Desktop\ISY5002-Project\datasets\raw-2026-week1\4712\20260915T123049Z_4712_1230_7c4a859187c8.jpg
4712,C:\Users\Setekh\Desktop\ISY5002-Project\datasets\raw-2026-week1\4712\20260915T124030Z_4712_1240_7eb66e34ab78.jpg
4712,C:\Users\Setekh\Desktop\ISY5002-Project\datasets\raw-2026-week1\4712\20260915T125030Z_4712_1250_b59d6e728d6b.jpg
4712,C:\Users\Setekh\Desktop\ISY5002-Project\datasets\raw-2026-week1\4712\20260915T130030Z_4712_1300_fac01b1b7756.jpg
4712,C:\Users\Setekh\Desktop\ISY5002-Project\datasets\raw-2026-week1\4712\20260915T131031Z_4712_1310_6f93faf2d7a9.jpg
4712,C:\Users\Setekh\Desktop\ISY5002-Project\datasets\raw-2026-week1\4712\20260915T132031Z_4712_1320_5a17c824fc90.jpg
4712,C:\Users\Setekh\Desktop\ISY5002-Project\datasets\raw-2026-week1\4712\20260915T133031Z_4712_1330_3599cfdd11ef.jpg
4712,C:\Users\Setekh\Desktop\ISY5002-Project\datasets\raw-2026-week1\4712\20260915T134052Z_4712_1340_8547cfba48bb.jpg
4712,C:\Users\Setekh\Desktop\ISY5002-Project\datasets\raw-2026-week1\4712\20260915T135052Z_4712_1350_7f8ad5fb6dee.jpg
4712,C:\Users\Setekh\Desktop\ISY5002-Project\datasets\raw-2026-week1\4712\20260915T140053Z_4712_1400_ffeeea9657dd.jpg
4712,C:\Users\Setekh\Desktop\ISY5002-Project\datasets\raw-2026-week1\4712\20260915T141053Z_4712_1410_5bb6e2e694d3.jpg
4712,C:\Users\Setekh\Desktop\ISY5002-Project\datasets\raw-2026-week1\4712\20260915T142054Z_4712_1420_9aa4b3e02c3a.jpg
4712,C:\Users\Setekh\Desktop\ISY5002-Project\datasets\raw-2026-week1\4712\20260915T143034Z_4712_1430_2bdb5dd10625.jpg
4712,C:\Users\Setekh\Desktop\ISY5002-Project\datasets\raw-2026-week1\4712\20260915T144034Z_4712_1440_f9b957957a2f.jpg
4712,C:\Users\Setekh\Desktop\ISY5002-Project\datasets\raw-2026-week1\4712\20260915T145055Z_4712_1450_dbb6f9dd7368.jpg
4712,C:\Users\Setekh\Desktop\ISY5002-Project\datasets\raw-2026-week1\4712\20260915T150055Z_4712_1500_57c32bd6157c.jpg
4712,C:\Users\Setekh\Desktop\ISY5002-Project\datasets\raw-2026-week1\4712\20260915T150555Z_4712_1505_09019e63e21e.jpg
4712,C:\Users\Setekh\Desktop\ISY5002-Project\datasets\raw-2026-week1\4712\20260915T152036Z_4712_1520_dce0ffdc635d.jpg
4712,C:\Users\Setekh\Desktop\ISY5002-Project\datasets\raw-2026-week1\4712\20260915T153036Z_4712_1530_0ff9786a6800.jpg
4712,C:\Users\Setekh\Desktop\ISY5002-Project\datasets\raw-2026-week1\4712\20260915T154056Z_4712_1540_1e0297b35d1d.jpg
4712,C:\Users\Setekh\Desktop\ISY5002-Project\datasets\raw-2026-week1\4712\20260915T155057Z_4712_1550_bb345dd33ab6.jpg
4712,C:\Users\Setekh\Desktop\ISY5002-Project\datasets\raw-2026-week1\4712\20260915T160037Z_4712_1600_3c7d32716af4.jpg
4712,C:\Users\Setekh\Desktop\ISY5002-Project\datasets\raw-2026-week1\4712\20260915T160537Z_4712_1605_45c31430ddaf.jpg
4712,C:\Users\Setekh\Desktop\ISY5002-Project\datasets\raw-2026-week1\4712\20260915T162038Z_4712_1620_c668a5de2583.jpg
4712,C:\Users\Setekh\Desktop\ISY5002-Project\datasets\raw-2026-week1\4712\20260915T162558Z_4712_1625_ef594605d0ef.jpg
4712,C:\Users\Setekh\Desktop\ISY5002-Project\datasets\raw-2026-week1\4712\20260915T163558Z_4712_1635_baf133ec9d2d.jpg
4712,C:\Users\Setekh\Desktop\ISY5002-Project\datasets\raw-2026-week1\4712\20260915T164039Z_4712_1640_6935cdd2a8c8.jpg
4712,C:\Users\Setekh\Desktop\ISY5002-Project\datasets\raw-2026-week1\4712\20260915T165039Z_4712_1650_d19be0e261e3.jpg
4712,C:\Users\Setekh\Desktop\ISY5002-Project\datasets\raw-2026-week1\4712\20260915T165559Z_4712_1655_f1cecbb34d85.jpg
4712,C:\Users\Setekh\Desktop\ISY5002-Project\datasets\raw-2026-week1\4712\20260915T170520Z_4712_1705_95744ac02c97.jpg
4712,C:\Users\Setekh\Desktop\ISY5002-Project\datasets\raw-2026-week1\4712\20260915T172040Z_4712_1720_f2b2b606d126.jpg
4712,C:\Users\Setekh\Desktop\ISY5002-Project\datasets\raw-2026-week1\4712\20260915T172540Z_4712_1725_a9c6138456e9.jpg
4712,C:\Users\Setekh\Desktop\ISY5002-Project\datasets\raw-2026-week1\4712\20260915T173601Z_4712_1736_1522cad8f254.jpg
4712,C:\Users\Setekh\Desktop\ISY5002-Project\datasets\raw-2026-week1\4712\20260915T174601Z_4712_1746_ce16e048b76b.jpg
4712,C:\Users\Setekh\Desktop\ISY5002-Project\datasets\raw-2026-week1\4712\20260915T175541Z_4712_1755_92e4dfe4432a.jpg
4712,C:\Users\Setekh\Desktop\ISY5002-Project\datasets\raw-2026-week1\4712\20260915T181042Z_4712_1810_73d92898cc81.jpg
4712,C:\Users\Setekh\Desktop\ISY5002-Project\datasets\raw-2026-week1\4712\20260915T182042Z_4712_1820_709cb861ed81.jpg
4712,C:\Users\Setekh\Desktop\ISY5002-Project\datasets\raw-2026-week1\4712\20260915T183023Z_4712_1830_1129d4ef7057.jpg
4712,C:\Users\Setekh\Desktop\ISY5002-Project\datasets\raw-2026-week1\4712\20260915T183543Z_4712_1835_ddf1519a6a1f.jpg
4712,C:\Users\Setekh\Desktop\ISY5002-Project\datasets\raw-2026-week1\4712\20260915T184103Z_4712_1841_64e689df8538.jpg
4712,C:\Users\Setekh\Desktop\ISY5002-Project\datasets\raw-2026-week1\4712\20260915T192525Z_4712_1925_0ce9230eeae8.jpg
4712,C:\Users\Setekh\Desktop\ISY5002-Project\datasets\raw-2026-week1\4712\20260915T194046Z_4712_1940_0f7155a62c44.jpg
4712,C:\Users\Setekh\Desktop\ISY5002-Project\datasets\raw-2026-week1\4712\20260915T195046Z_4712_1950_a1cd4a2cf0d9.jpg
4712,C:\Users\Setekh\Desktop\ISY5002-Project\datasets\raw-2026-week1\4712\20260915T200046Z_4712_2000_53d91d27ef1e.jpg
4712,C:\Users\Setekh\Desktop\ISY5002-Project\datasets\raw-2026-week1\4712\20260915T201047Z_4712_2010_ef59c0f9a64e.jpg
4712,C:\Users\Setekh\Desktop\ISY5002-Project\datasets\raw-2026-week1\4712\20260915T202027Z_4712_2020_cefe4a2e6154.jpg
4712,C:\Users\Setekh\Desktop\ISY5002-Project\datasets\raw-2026-week1\4712\20260915T203027Z_4712_2030_b553f1163af6.jpg
4712,C:\Users\Setekh\Desktop\ISY5002-Project\datasets\raw-2026-week1\4712\20260915T204028Z_4712_2040_992a5e0a409b.jpg
4712,C:\Users\Setekh\Desktop\ISY5002-Project\datasets\raw-2026-week1\4712\20260915T205028Z_4712_2050_ce4ec9e4afcc.jpg
4712,C:\Users\Setekh\Desktop\ISY5002-Project\datasets\raw-2026-week1\4712\20260915T210028Z_4712_2100_c12e5581108d.jpg
4712,C:\Users\Setekh\Desktop\ISY5002-Project\datasets\raw-2026-week1\4712\20260915T212049Z_4712_2120_bf92d68d6fb7.jpg
4712,C:\Users\Setekh\Desktop\ISY5002-Project\datasets\raw-2026-week1\4712\20260915T212549Z_4712_2125_81c632efa9b1.jpg
4712,C:\Users\Setekh\Desktop\ISY5002-Project\datasets\raw-2026-week1\4712\20260915T213550Z_4712_2135_412736e0fa99.jpg
4712,C:\Users\Setekh\Desktop\ISY5002-Project\datasets\raw-2026-week1\4712\20260915T215050Z_4712_2150_befe56052388.jpg
4712,C:\Users\Setekh\Desktop\ISY5002-Project\datasets\raw-2026-week1\4712\20260915T220031Z_4712_2200_06bd11f10abd.jpg
4712,C:\Users\Setekh\Desktop\ISY5002-Project\datasets\raw-2026-week1\4712\20260915T221031Z_4712_2210_8913f17511a4.jpg
4712,C:\Users\Setekh\Desktop\ISY5002-Project\datasets\raw-2026-week1\4712\20260915T221551Z_4712_2215_5fa2a030fbfe.jpg
4712,C:\Users\Setekh\Desktop\ISY5002-Project\datasets\raw-2026-week1\4712\20260915T222031Z_4712_2220_0e73ee731ca9.jpg
4712,C:\Users\Setekh\Desktop\ISY5002-Project\datasets\raw-2026-week1\4712\20260915T223032Z_4712_2230_79987d6613b0.jpg
4712,C:\Users\Setekh\Desktop\ISY5002-Project\datasets\raw-2026-week1\4712\20260915T224032Z_4712_2240_fb3e2628d81d.jpg
4712,C:\Users\Setekh\Desktop\ISY5002-Project\datasets\raw-2026-week1\4712\20260915T225032Z_4712_2250_896c1fe28fd2.jpg
4712,C:\Users\Setekh\Desktop\ISY5002-Project\datasets\raw-2026-week1\4712\20260915T230053Z_4712_2300_bdb5a9d98c1a.jpg
4712,C:\Users\Setekh\Desktop\ISY5002-Project\datasets\raw-2026-week1\4712\20260915T231033Z_4712_2310_5270345d501c.jpg
4712,C:\Users\Setekh\Desktop\ISY5002-Project\datasets\raw-2026-week1\4712\20260915T232034Z_4712_2320_c04b0f3a2686.jpg
4712,C:\Users\Setekh\Desktop\ISY5002-Project\datasets\raw-2026-week1\4712\20260915T233054Z_4712_2330_b616a71c4eaa.jpg
4712,C:\Users\Setekh\Desktop\ISY5002-Project\datasets\raw-2026-week1\4712\20260915T234054Z_4712_2340_6d450809dbff.jpg
4712,C:\Users\Setekh\Desktop\ISY5002-Project\datasets\raw-2026-week1\4712\20260915T235035Z_4712_2350_076cb9561d72.jpg
4712,C:\Users\Setekh\Desktop\ISY5002-Project\datasets\raw-2026-week1\4712\20260916T000055Z_4712_0000_0ab21693cd86.jpg
4712,C:\Users\Setekh\Desktop\ISY5002-Project\datasets\raw-2026-week1\4712\20260916T001035Z_4712_0010_13198a8c61e6.jpg
4712,C:\Users\Setekh\Desktop\ISY5002-Project\datasets\raw-2026-week1\4712\20260916T002056Z_4712_0020_57531c57ccca.jpg
4712,C:\Users\Setekh\Desktop\ISY5002-Project\datasets\raw-2026-week1\4712\20260916T003036Z_4712_0030_ab1a83668f4b.jpg
4712,C:\Users\Setekh\Desktop\ISY5002-Project\datasets\raw-2026-week1\4712\20260916T003536Z_4712_0035_871a88806b0b.jpg
4712,C:\Users\Setekh\Desktop\ISY5002-Project\datasets\raw-2026-week1\4712\20260916T005037Z_4712_0050_8d8912e19fab.jpg
4712,C:\Users\Setekh\Desktop\ISY5002-Project\datasets\raw-2026-week1\4712\20260916T005557Z_4712_0055_c6f760394be1.jpg
4712,C:\Users\Setekh\Desktop\ISY5002-Project\datasets\raw-2026-week1\4712\20260916T011058Z_4712_0110_ee6073ec821a.jpg
4712,C:\Users\Setekh\Desktop\ISY5002-Project\datasets\raw-2026-week1\4712\20260916T012038Z_4712_0120_fba5e7fe7600.jpg
4712,C:\Users\Setekh\Desktop\ISY5002-Project\datasets\raw-2026-week1\4712\20260916T013018Z_4712_0130_815242dbf249.jpg
4712,C:\Users\Setekh\Desktop\ISY5002-Project\datasets\raw-2026-week1\4712\20260916T014039Z_4712_0140_7698b64efb1a.jpg
4712,C:\Users\Setekh\Desktop\ISY5002-Project\datasets\raw-2026-week1\4712\20260916T015039Z_4712_0150_db68bbcb7283.jpg
4712,C:\Users\Setekh\Desktop\ISY5002-Project\datasets\raw-2026-week1\4712\20260916T020039Z_4712_0200_7956c8a9b29e.jpg
4712,C:\Users\Setekh\Desktop\ISY5002-Project\datasets\raw-2026-week1\4712\20260916T021040Z_4712_0210_646d7da62f01.jpg
4712,C:\Users\Setekh\Desktop\ISY5002-Project\datasets\raw-2026-week1\4712\20260916T022040Z_4712_0220_01fe80d8722e.jpg
4712,C:\Users\Setekh\Desktop\ISY5002-Project\datasets\raw-2026-week1\4712\20260916T023040Z_4712_0230_261cd440044e.jpg
4712,C:\Users\Setekh\Desktop\ISY5002-Project\datasets\raw-2026-week1\4712\20260916T024041Z_4712_0240_5d8959c9c0cf.jpg
4712,C:\Users\Setekh\Desktop\ISY5002-Project\datasets\raw-2026-week1\4712\20260916T024521Z_4712_0245_45f43cff83ae.jpg
4712,C:\Users\Setekh\Desktop\ISY5002-Project\datasets\raw-2026-week1\4712\20260916T030522Z_4712_0305_71984e26e089.jpg
4712,C:\Users\Setekh\Desktop\ISY5002-Project\datasets\raw-2026-week1\4712\20260916T032042Z_4712_0320_066d6a5cb3de.jpg
4712,C:\Users\Setekh\Desktop\ISY5002-Project\datasets\raw-2026-week1\4712\20260916T032542Z_4712_0325_4baf77db0226.jpg
4712,C:\Users\Setekh\Desktop\ISY5002-Project\datasets\raw-2026-week1\4712\20260916T033543Z_4712_0335_7cb3c4ee3374.jpg
4712,C:\Users\Setekh\Desktop\ISY5002-Project\datasets\raw-2026-week1\4712\20260916T034603Z_4712_0346_dcbb7e1b0107.jpg
4712,C:\Users\Setekh\Desktop\ISY5002-Project\datasets\raw-2026-week1\4712\20260916T035544Z_4712_0355_cb67cdf64062.jpg
4712,C:\Users\Setekh\Desktop\ISY5002-Project\datasets\raw-2026-week1\4712\20260916T040044Z_4712_0400_11a83f02151e.jpg
4712,C:\Users\Setekh\Desktop\ISY5002-Project\datasets\raw-2026-week1\4712\20260916T041024Z_4712_0410_e07f9bf294c8.jpg
4712,C:\Users\Setekh\Desktop\ISY5002-Project\datasets\raw-2026-week1\4712\20260916T042044Z_4712_0420_087852db38c1.jpg
4712,C:\Users\Setekh\Desktop\ISY5002-Project\datasets\raw-2026-week1\4712\20260916T043025Z_4712_0430_ae9144a169e3.jpg
4712,C:\Users\Setekh\Desktop\ISY5002-Project\datasets\raw-2026-week1\4712\20260916T044045Z_4712_0440_b61b7285e78a.jpg
4712,C:\Users\Setekh\Desktop\ISY5002-Project\datasets\raw-2026-week1\4712\20260916T045025Z_4712_0450_8100d9b1fc05.jpg
4712,C:\Users\Setekh\Desktop\ISY5002-Project\datasets\raw-2026-week1\4712\20260916T050046Z_4712_0500_fcec3843aced.jpg
4712,C:\Users\Setekh\Desktop\ISY5002-Project\datasets\raw-2026-week1\4712\20260916T050526Z_4712_0505_f73090e3bf34.jpg
4712,C:\Users\Setekh\Desktop\ISY5002-Project\datasets\raw-2026-week1\4712\20260916T052047Z_4712_0520_88461b230c76.jpg
4712,C:\Users\Setekh\Desktop\ISY5002-Project\datasets\raw-2026-week1\4712\20260916T053027Z_4712_0530_2eb7299a1658.jpg
4712,C:\Users\Setekh\Desktop\ISY5002-Project\datasets\raw-2026-week1\4712\20260916T054047Z_4712_0540_e18c45cdd426.jpg
4712,C:\Users\Setekh\Desktop\ISY5002-Project\datasets\raw-2026-week1\4712\20260916T055028Z_4712_0550_1bfbcbc51770.jpg
4712,C:\Users\Setekh\Desktop\ISY5002-Project\datasets\raw-2026-week1\4712\20260916T060028Z_4712_0600_d5d0a0d83736.jpg
4712,C:\Users\Setekh\Desktop\ISY5002-Project\datasets\raw-2026-week1\4712\20260916T061028Z_4712_0610_e6c640eeed49.jpg
4712,C:\Users\Setekh\Desktop\ISY5002-Project\datasets\raw-2026-week1\4712\20260916T062049Z_4712_0620_32cdf8b8f761.jpg
4712,C:\Users\Setekh\Desktop\ISY5002-Project\datasets\raw-2026-week1\4712\20260916T063049Z_4712_0630_5f4be6cd0641.jpg
4712,C:\Users\Setekh\Desktop\ISY5002-Project\datasets\raw-2026-week1\4712\20260916T064050Z_4712_0640_c5bd5e67299f.jpg
4712,C:\Users\Setekh\Desktop\ISY5002-Project\datasets\raw-2026-week1\4712\20260916T065030Z_4712_0650_2b64f0826a2b.jpg
4712,C:\Users\Setekh\Desktop\ISY5002-Project\datasets\raw-2026-week1\4712\20260916T070030Z_4712_0700_1ecd058dbd26.jpg
4712,C:\Users\Setekh\Desktop\ISY5002-Project\datasets\raw-2026-week1\4712\20260916T071051Z_4712_0710_10033f02b67d.jpg
4712,C:\Users\Setekh\Desktop\ISY5002-Project\datasets\raw-2026-week1\4712\20260916T072051Z_4712_0720_671300b9a8ed.jpg
4712,C:\Users\Setekh\Desktop\ISY5002-Project\datasets\raw-2026-week1\4712\20260916T073051Z_4712_0730_a7b7df8f22c1.jpg
4712,C:\Users\Setekh\Desktop\ISY5002-Project\datasets\raw-2026-week1\4712\20260916T074052Z_4712_0740_8eb2f8fb2a49.jpg
4712,C:\Users\Setekh\Desktop\ISY5002-Project\datasets\raw-2026-week1\4712\20260916T075052Z_4712_0750_ff355cc6a00e.jpg
4712,C:\Users\Setekh\Desktop\ISY5002-Project\datasets\raw-2026-week1\4712\20260916T080052Z_4712_0800_0ee1f27fc1c6.jpg
4712,C:\Users\Setekh\Desktop\ISY5002-Project\datasets\raw-2026-week1\4712\20260916T080533Z_4712_0805_15c84f54a351.jpg
4712,C:\Users\Setekh\Desktop\ISY5002-Project\datasets\raw-2026-week1\4712\20260916T082033Z_4712_0820_d1de6be30eb7.jpg
4712,C:\Users\Setekh\Desktop\ISY5002-Project\datasets\raw-2026-week1\4712\20260916T083034Z_4712_0830_236a5fa789b5.jpg
4712,C:\Users\Setekh\Desktop\ISY5002-Project\datasets\raw-2026-week1\4712\20260916T084054Z_4712_0840_427480328808.jpg
4712,C:\Users\Setekh\Desktop\ISY5002-Project\datasets\raw-2026-week1\4712\20260916T085034Z_4712_0850_604a9088c93f.jpg
4712,C:\Users\Setekh\Desktop\ISY5002-Project\datasets\raw-2026-week1\4712\20260916T090035Z_4712_0900_7e3ae52df314.jpg
4712,C:\Users\Setekh\Desktop\ISY5002-Project\datasets\raw-2026-week1\4712\20260916T091035Z_4712_0910_66ce3683b0ec.jpg
4712,C:\Users\Setekh\Desktop\ISY5002-Project\datasets\raw-2026-week1\4712\20260916T092035Z_4712_0920_1f49b4cc7a59.jpg
4712,C:\Users\Setekh\Desktop\ISY5002-Project\datasets\raw-2026-week1\4712\20260916T093036Z_4712_0930_fe7c1166c79b.jpg
4712,C:\Users\Setekh\Desktop\ISY5002-Project\datasets\raw-2026-week1\4712\20260916T093556Z_4712_0935_c5cb804f9d0e.jpg
4712,C:\Users\Setekh\Desktop\ISY5002-Project\datasets\raw-2026-week1\4712\20260916T094036Z_4712_0940_9f4eecc80df0.jpg
4712,C:\Users\Setekh\Desktop\ISY5002-Project\datasets\raw-2026-week1\4712\20260916T094536Z_4712_0945_d512b0ae91f2.jpg
4712,C:\Users\Setekh\Desktop\ISY5002-Project\datasets\raw-2026-week1\4712\20260916T100037Z_4712_1000_d5df9f4572ca.jpg
4712,C:\Users\Setekh\Desktop\ISY5002-Project\datasets\raw-2026-week1\4712\20260916T101037Z_4712_1010_36ed7df9cac0.jpg
4712,C:\Users\Setekh\Desktop\ISY5002-Project\datasets\raw-2026-week1\4712\20260916T102037Z_4712_1020_8b8c27fa8d72.jpg
4712,C:\Users\Setekh\Desktop\ISY5002-Project\datasets\raw-2026-week1\4712\20260916T103038Z_4712_1030_4d1f44cbd628.jpg
4712,C:\Users\Setekh\Desktop\ISY5002-Project\datasets\raw-2026-week1\4712\20260916T104038Z_4712_1040_8f208e375335.jpg
4712,C:\Users\Setekh\Desktop\ISY5002-Project\datasets\raw-2026-week1\4712\20260916T105038Z_4712_1050_f1e20c182bbe.jpg
4712,C:\Users\Setekh\Desktop\ISY5002-Project\datasets\raw-2026-week1\4712\20260916T105559Z_4712_1055_88fcb32c432e.jpg
4712,C:\Users\Setekh\Desktop\ISY5002-Project\datasets\raw-2026-week1\4712\20260916T111039Z_4712_1110_8b6ffaa7a2b8.jpg
4712,C:\Users\Setekh\Desktop\ISY5002-Project\datasets\raw-2026-week1\4712\20260916T111539Z_4712_1115_e9a1f4f9e26f.jpg
4712,C:\Users\Setekh\Desktop\ISY5002-Project\datasets\raw-2026-week1\4712\20260916T113020Z_4712_1130_817a849ab362.jpg
4712,C:\Users\Setekh\Desktop\ISY5002-Project\datasets\raw-2026-week1\4712\20260916T114040Z_4712_1140_65b0556fca27.jpg
4712,C:\Users\Setekh\Desktop\ISY5002-Project\datasets\raw-2026-week1\4712\20260916T115041Z_4712_1150_ca6815f53a15.jpg
4712,C:\Users\Setekh\Desktop\ISY5002-Project\datasets\raw-2026-week1\4712\20260916T120041Z_4712_1200_96dbbaf0bd54.jpg
4712,C:\Users\Setekh\Desktop\ISY5002-Project\datasets\raw-2026-week1\4712\20260916T121041Z_4712_1210_f4d158c7c631.jpg
4712,C:\Users\Setekh\Desktop\ISY5002-Project\datasets\raw-2026-week1\4712\20260916T121542Z_4712_1215_ee5a07a748f5.jpg
4712,C:\Users\Setekh\Desktop\ISY5002-Project\datasets\raw-2026-week1\4712\20260916T123042Z_4712_1230_52d3d6f7b9ff.jpg
4712,C:\Users\Setekh\Desktop\ISY5002-Project\datasets\raw-2026-week1\4712\20260916T124042Z_4712_1240_b928b3cd8e47.jpg
4712,C:\Users\Setekh\Desktop\ISY5002-Project\datasets\raw-2026-week1\4712\20260916T124603Z_4712_1246_52a05dc3d1f1.jpg
4712,C:\Users\Setekh\Desktop\ISY5002-Project\datasets\raw-2026-week1\4712\20260916T130043Z_4712_1300_9f15b9be137d.jpg
4712,C:\Users\Setekh\Desktop\ISY5002-Project\datasets\raw-2026-week1\4712\20260916T130543Z_4712_1305_579c945913ee.jpg
4712,C:\Users\Setekh\Desktop\ISY5002-Project\datasets\raw-2026-week1\4712\20260916T132044Z_4712_1320_19ef327a014e.jpg
4712,C:\Users\Setekh\Desktop\ISY5002-Project\datasets\raw-2026-week1\4712\20260916T133044Z_4712_1330_0423af334589.jpg
4712,C:\Users\Setekh\Desktop\ISY5002-Project\datasets\raw-2026-week1\4712\20260916T134045Z_4712_1340_7344867cc05f.jpg
4712,C:\Users\Setekh\Desktop\ISY5002-Project\datasets\raw-2026-week1\4712\20260916T135045Z_4712_1350_73263940098f.jpg
4712,C:\Users\Setekh\Desktop\ISY5002-Project\datasets\raw-2026-week1\4712\20260916T140045Z_4712_1400_1540aa72481e.jpg
4712,C:\Users\Setekh\Desktop\ISY5002-Project\datasets\raw-2026-week1\4712\20260916T141046Z_4712_1410_03690cbfa43d.jpg
4712,C:\Users\Setekh\Desktop\ISY5002-Project\datasets\raw-2026-week1\4712\20260916T141606Z_4712_1416_c01284c79a5f.jpg
4712,C:\Users\Setekh\Desktop\ISY5002-Project\datasets\raw-2026-week1\4712\20260916T143046Z_4712_1430_3ea36c49ef68.jpg
4712,C:\Users\Setekh\Desktop\ISY5002-Project\datasets\raw-2026-week1\4712\20260916T144047Z_4712_1440_412f8b17bf01.jpg
4712,C:\Users\Setekh\Desktop\ISY5002-Project\datasets\raw-2026-week1\4712\20260916T145047Z_4712_1450_7fd0ddaee518.jpg
4712,C:\Users\Setekh\Desktop\ISY5002-Project\datasets\raw-2026-week1\4712\20260916T150048Z_4712_1500_012b788d1405.jpg
4712,C:\Users\Setekh\Desktop\ISY5002-Project\datasets\raw-2026-week1\4712\20260916T151048Z_4712_1510_83a82d566fa5.jpg
4712,C:\Users\Setekh\Desktop\ISY5002-Project\datasets\raw-2026-week1\4712\20260916T151548Z_4712_1515_95e50b4cb5fc.jpg
4712,C:\Users\Setekh\Desktop\ISY5002-Project\datasets\raw-2026-week1\4712\20260916T152048Z_4712_1520_54ac754a2b07.jpg
4712,C:\Users\Setekh\Desktop\ISY5002-Project\datasets\raw-2026-week1\4712\20260916T153049Z_4712_1530_9684bd11c59a.jpg
4712,C:\Users\Setekh\Desktop\ISY5002-Project\datasets\raw-2026-week1\4712\20260916T154049Z_4712_1540_e0ab7abb14d3.jpg
4712,C:\Users\Setekh\Desktop\ISY5002-Project\datasets\raw-2026-week1\4712\20260916T155049Z_4712_1550_a60811b06187.jpg
4712,C:\Users\Setekh\Desktop\ISY5002-Project\datasets\raw-2026-week1\4712\20260916T160030Z_4712_1600_b72ca70b0ed8.jpg
4712,C:\Users\Setekh\Desktop\ISY5002-Project\datasets\raw-2026-week1\4712\20260916T160550Z_4712_1605_5c6b41bfeac3.jpg
4712,C:\Users\Setekh\Desktop\ISY5002-Project\datasets\raw-2026-week1\4712\20260916T162031Z_4712_1620_4e097909c459.jpg
4712,C:\Users\Setekh\Desktop\ISY5002-Project\datasets\raw-2026-week1\4712\20260916T163031Z_4712_1630_52f2da51866d.jpg
4712,C:\Users\Setekh\Desktop\ISY5002-Project\datasets\raw-2026-week1\4712\20260916T164031Z_4712_1640_751d1cb15431.jpg
4712,C:\Users\Setekh\Desktop\ISY5002-Project\datasets\raw-2026-week1\4712\20260916T165032Z_4712_1650_d0a6b2a80a45.jpg
4712,C:\Users\Setekh\Desktop\ISY5002-Project\datasets\raw-2026-week1\4712\20260916T170032Z_4712_1700_918c2ff5f748.jpg
4712,C:\Users\Setekh\Desktop\ISY5002-Project\datasets\raw-2026-week1\4712\20260916T171052Z_4712_1710_25d518baaae1.jpg
4712,C:\Users\Setekh\Desktop\ISY5002-Project\datasets\raw-2026-week1\4712\20260916T172033Z_4712_1720_94fc1ae626d3.jpg
4712,C:\Users\Setekh\Desktop\ISY5002-Project\datasets\raw-2026-week1\4712\20260916T173033Z_4712_1730_ba7a9972f1f7.jpg
4712,C:\Users\Setekh\Desktop\ISY5002-Project\datasets\raw-2026-week1\4712\20260916T174033Z_4712_1740_900f9f6e2655.jpg
4712,C:\Users\Setekh\Desktop\ISY5002-Project\datasets\raw-2026-week1\4712\20260916T175034Z_4712_1750_0f9cc30583c7.jpg
4712,C:\Users\Setekh\Desktop\ISY5002-Project\datasets\raw-2026-week1\4712\20260916T180034Z_4712_1800_f28c53235787.jpg
4712,C:\Users\Setekh\Desktop\ISY5002-Project\datasets\raw-2026-week1\4712\20260916T181035Z_4712_1810_d05cbb582314.jpg
4712,C:\Users\Setekh\Desktop\ISY5002-Project\datasets\raw-2026-week1\4712\20260916T182035Z_4712_1820_31d63e92fffd.jpg
4712,C:\Users\Setekh\Desktop\ISY5002-Project\datasets\raw-2026-week1\4712\20260916T183035Z_4712_1830_6238846be6cd.jpg
4712,C:\Users\Setekh\Desktop\ISY5002-Project\datasets\raw-2026-week1\4712\20260916T184036Z_4712_1840_6493da1319d6.jpg
4712,C:\Users\Setekh\Desktop\ISY5002-Project\datasets\raw-2026-week1\4712\20260916T184556Z_4712_1845_85749d328715.jpg
4712,C:\Users\Setekh\Desktop\ISY5002-Project\datasets\raw-2026-week1\4712\20260916T190036Z_4712_1900_9fa12ea2fc8a.jpg
4712,C:\Users\Setekh\Desktop\ISY5002-Project\datasets\raw-2026-week1\4712\20260916T191037Z_4712_1910_7c8cd139b537.jpg
4712,C:\Users\Setekh\Desktop\ISY5002-Project\datasets\raw-2026-week1\4712\20260916T192037Z_4712_1920_ae00da8bf5ef.jpg
4712,C:\Users\Setekh\Desktop\ISY5002-Project\datasets\raw-2026-week1\4712\20260916T193038Z_4712_1930_1fdd77332c6d.jpg
4712,C:\Users\Setekh\Desktop\ISY5002-Project\datasets\raw-2026-week1\4712\20260916T194038Z_4712_1940_4af010fa5432.jpg
4712,C:\Users\Setekh\Desktop\ISY5002-Project\datasets\raw-2026-week1\4712\20260916T195038Z_4712_1950_60ea6f0447fe.jpg
4712,C:\Users\Setekh\Desktop\ISY5002-Project\datasets\raw-2026-week1\4712\20260916T200039Z_4712_2000_23f7e2dbe7b5.jpg
4712,C:\Users\Setekh\Desktop\ISY5002-Project\datasets\raw-2026-week1\4712\20260916T201039Z_4712_2010_764e26f4ade4.jpg
4712,C:\Users\Setekh\Desktop\ISY5002-Project\datasets\raw-2026-week1\4712\20260916T202039Z_4712_2020_a911f8c52791.jpg
4712,C:\Users\Setekh\Desktop\ISY5002-Project\datasets\raw-2026-week1\4712\20260916T203040Z_4712_2030_d3ce1931846f.jpg
4712,C:\Users\Setekh\Desktop\ISY5002-Project\datasets\raw-2026-week1\4712\20260916T204040Z_4712_2040_451ab9ecd4e6.jpg
4712,C:\Users\Setekh\Desktop\ISY5002-Project\datasets\raw-2026-week1\4712\20260916T205041Z_4712_2050_d3dd73295cc4.jpg
4712,C:\Users\Setekh\Desktop\ISY5002-Project\datasets\raw-2026-week1\4712\20260916T205601Z_4712_2056_a498679e6d34.jpg
4712,C:\Users\Setekh\Desktop\ISY5002-Project\datasets\raw-2026-week1\4712\20260916T210541Z_4712_2105_f731d3f5caa9.jpg
4712,C:\Users\Setekh\Desktop\ISY5002-Project\datasets\raw-2026-week1\4712\20260916T212042Z_4712_2120_92f2481bc434.jpg
4712,C:\Users\Setekh\Desktop\ISY5002-Project\datasets\raw-2026-week1\4712\20260916T212542Z_4712_2125_1bdbb6192da8.jpg
4712,C:\Users\Setekh\Desktop\ISY5002-Project\datasets\raw-2026-week1\4712\20260916T214043Z_4712_2140_7c1f6492fd49.jpg
4712,C:\Users\Setekh\Desktop\ISY5002-Project\datasets\raw-2026-week1\4712\20260916T214603Z_4712_2146_1350c22b7ab0.jpg
4712,C:\Users\Setekh\Desktop\ISY5002-Project\datasets\raw-2026-week1\4712\20260916T220023Z_4712_2200_112463570da7.jpg
4712,C:\Users\Setekh\Desktop\ISY5002-Project\datasets\raw-2026-week1\4712\20260916T220523Z_4712_2205_a0e2debf0fdf.jpg
4712,C:\Users\Setekh\Desktop\ISY5002-Project\datasets\raw-2026-week1\4712\20260916T222044Z_4712_2220_98a30fdff25a.jpg
4712,C:\Users\Setekh\Desktop\ISY5002-Project\datasets\raw-2026-week1\4712\20260916T223024Z_4712_2230_2fd531350c3f.jpg
4712,C:\Users\Setekh\Desktop\ISY5002-Project\datasets\raw-2026-week1\4712\20260916T224045Z_4712_2240_4aff82198405.jpg
4712,C:\Users\Setekh\Desktop\ISY5002-Project\datasets\raw-2026-week1\4712\20260916T225045Z_4712_2250_82ab9a9a7497.jpg
4712,C:\Users\Setekh\Desktop\ISY5002-Project\datasets\raw-2026-week1\4712\20260916T230025Z_4712_2300_29754d959d63.jpg
4712,C:\Users\Setekh\Desktop\ISY5002-Project\datasets\raw-2026-week1\4712\20260916T231046Z_4712_2310_c99b992dd8ee.jpg
4712,C:\Users\Setekh\Desktop\ISY5002-Project\datasets\raw-2026-week1\4712\20260916T232026Z_4712_2320_d1dbc64ebb25.jpg
4712,C:\Users\Setekh\Desktop\ISY5002-Project\datasets\raw-2026-week1\4712\20260916T233027Z_4712_2330_f759184a3b5a.jpg
4712,C:\Users\Setekh\Desktop\ISY5002-Project\datasets\raw-2026-week1\4712\20260916T234047Z_4712_2340_6e98b8f8eec0.jpg
4712,C:\Users\Setekh\Desktop\ISY5002-Project\datasets\raw-2026-week1\4712\20260916T235027Z_4712_2350_b551af06be68.jpg
4712,C:\Users\Setekh\Desktop\ISY5002-Project\datasets\raw-2026-week1\4712\20260917T000028Z_4712_0000_39c7b52e8da7.jpg
4712,C:\Users\Setekh\Desktop\ISY5002-Project\datasets\raw-2026-week1\4712\20260917T001028Z_4712_0010_769b117e2c62.jpg
4712,C:\Users\Setekh\Desktop\ISY5002-Project\datasets\raw-2026-week1\4712\20260917T002028Z_4712_0020_2b2618a37b8a.jpg
4712,C:\Users\Setekh\Desktop\ISY5002-Project\datasets\raw-2026-week1\4712\20260917T003029Z_4712_0030_b2896306afeb.jpg
4712,C:\Users\Setekh\Desktop\ISY5002-Project\datasets\raw-2026-week1\4712\20260917T004029Z_4712_0040_b5054dcd8eff.jpg
4712,C:\Users\Setekh\Desktop\ISY5002-Project\datasets\raw-2026-week1\4712\20260917T005029Z_4712_0050_79fcd2a53f98.jpg
4712,C:\Users\Setekh\Desktop\ISY5002-Project\datasets\raw-2026-week1\4712\20260917T010050Z_4712_0100_61f6348213bd.jpg
4712,C:\Users\Setekh\Desktop\ISY5002-Project\datasets\raw-2026-week1\4712\20260917T011050Z_4712_0110_cabe73995deb.jpg
4712,C:\Users\Setekh\Desktop\ISY5002-Project\datasets\raw-2026-week1\4712\20260917T011530Z_4712_0115_d28268e20d53.jpg
4712,C:\Users\Setekh\Desktop\ISY5002-Project\datasets\raw-2026-week1\4712\20260917T012531Z_4712_0125_9472a242345a.jpg
4712,C:\Users\Setekh\Desktop\ISY5002-Project\datasets\raw-2026-week1\4712\20260917T014031Z_4712_0140_b3f566af45b8.jpg
4712,C:\Users\Setekh\Desktop\ISY5002-Project\datasets\raw-2026-week1\4712\20260917T015052Z_4712_0150_3ec0c7ff2c06.jpg
4712,C:\Users\Setekh\Desktop\ISY5002-Project\datasets\raw-2026-week1\4712\20260917T020032Z_4712_0200_5966ced09c17.jpg
4712,C:\Users\Setekh\Desktop\ISY5002-Project\datasets\raw-2026-week1\4712\20260917T021052Z_4712_0210_06b48fa2c2af.jpg
4712,C:\Users\Setekh\Desktop\ISY5002-Project\datasets\raw-2026-week1\4712\20260917T021553Z_4712_0215_cbee455a61a9.jpg
4712,C:\Users\Setekh\Desktop\ISY5002-Project\datasets\raw-2026-week1\4712\20260917T023033Z_4712_0230_a31b80544c5e.jpg
4712,C:\Users\Setekh\Desktop\ISY5002-Project\datasets\raw-2026-week1\4712\20260917T023533Z_4712_0235_03400fe38212.jpg
4712,C:\Users\Setekh\Desktop\ISY5002-Project\datasets\raw-2026-week1\4712\20260917T024054Z_4712_0240_78f155dc7ea2.jpg
4712,C:\Users\Setekh\Desktop\ISY5002-Project\datasets\raw-2026-week1\4712\20260917T025034Z_4712_0250_6bfbc684f449.jpg
4712,C:\Users\Setekh\Desktop\ISY5002-Project\datasets\raw-2026-week1\4712\20260917T030034Z_4712_0300_8987af172a37.jpg
4712,C:\Users\Setekh\Desktop\ISY5002-Project\datasets\raw-2026-week1\4712\20260917T031035Z_4712_0310_ad257abd3d12.jpg
4712,C:\Users\Setekh\Desktop\ISY5002-Project\datasets\raw-2026-week1\4712\20260917T032035Z_4712_0320_c0b009ccbdcf.jpg
4712,C:\Users\Setekh\Desktop\ISY5002-Project\datasets\raw-2026-week1\4712\20260917T033055Z_4712_0330_b07a363e80c6.jpg
4712,C:\Users\Setekh\Desktop\ISY5002-Project\datasets\raw-2026-week1\4712\20260917T033536Z_4712_0335_b88d4b1ddbed.jpg
4712,C:\Users\Setekh\Desktop\ISY5002-Project\datasets\raw-2026-week1\4712\20260917T035036Z_4712_0350_5dadeec6220d.jpg
4712,C:\Users\Setekh\Desktop\ISY5002-Project\datasets\raw-2026-week1\4712\20260917T040056Z_4712_0400_b945490446a0.jpg
4712,C:\Users\Setekh\Desktop\ISY5002-Project\datasets\raw-2026-week1\4712\20260917T040537Z_4712_0405_5cdc9301e179.jpg
4712,C:\Users\Setekh\Desktop\ISY5002-Project\datasets\raw-2026-week1\4712\20260917T042037Z_4712_0420_65c30cf1be1a.jpg
4712,C:\Users\Setekh\Desktop\ISY5002-Project\datasets\raw-2026-week1\4712\20260917T043038Z_4712_0430_379989885f90.jpg
4712,C:\Users\Setekh\Desktop\ISY5002-Project\datasets\raw-2026-week1\4712\20260917T043538Z_4712_0435_7b2d29dd6ff2.jpg
4712,C:\Users\Setekh\Desktop\ISY5002-Project\datasets\raw-2026-week1\4712\20260917T045038Z_4712_0450_cb448b3d9804.jpg
4712,C:\Users\Setekh\Desktop\ISY5002-Project\datasets\raw-2026-week1\4712\20260917T045558Z_4712_0455_d0b2ee23afd1.jpg
4712,C:\Users\Setekh\Desktop\ISY5002-Project\datasets\raw-2026-week1\4712\20260917T051039Z_4712_0510_befb59ff5be9.jpg
4712,C:\Users\Setekh\Desktop\ISY5002-Project\datasets\raw-2026-week1\4712\20260917T051559Z_4712_0515_29ffb5427ffa.jpg
4712,C:\Users\Setekh\Desktop\ISY5002-Project\datasets\raw-2026-week1\4712\20260917T052600Z_4712_0526_decd9149e782.jpg
4712,C:\Users\Setekh\Desktop\ISY5002-Project\datasets\raw-2026-week1\4712\20260917T053600Z_4712_0536_480c6f48833d.jpg
4712,C:\Users\Setekh\Desktop\ISY5002-Project\datasets\raw-2026-week1\4712\20260917T054540Z_4712_0545_0336b599d6e8.jpg
4712,C:\Users\Setekh\Desktop\ISY5002-Project\datasets\raw-2026-week1\4712\20260917T055601Z_4712_0556_1d9a348a40c7.jpg
4712,C:\Users\Setekh\Desktop\ISY5002-Project\datasets\raw-2026-week1\4712\20260917T061021Z_4712_0610_df42256a7d30.jpg
4712,C:\Users\Setekh\Desktop\ISY5002-Project\datasets\raw-2026-week1\4712\20260917T062041Z_4712_0620_da66dc4e1920.jpg
4712,C:\Users\Setekh\Desktop\ISY5002-Project\datasets\raw-2026-week1\4712\20260917T063022Z_4712_0630_6d9e570dfcb7.jpg
4712,C:\Users\Setekh\Desktop\ISY5002-Project\datasets\raw-2026-week1\4712\20260917T063542Z_4712_0635_b81143481629.jpg
4712,C:\Users\Setekh\Desktop\ISY5002-Project\datasets\raw-2026-week1\4712\20260917T065022Z_4712_0650_ebf189e238ba.jpg
4712,C:\Users\Setekh\Desktop\ISY5002-Project\datasets\raw-2026-week1\4712\20260917T070023Z_4712_0700_b72eb10107e2.jpg
4712,C:\Users\Setekh\Desktop\ISY5002-Project\datasets\raw-2026-week1\4712\20260917T070523Z_4712_0705_a24d300d782c.jpg
4712,C:\Users\Setekh\Desktop\ISY5002-Project\datasets\raw-2026-week1\4712\20260917T072044Z_4712_0720_0409bca2da9c.jpg
4712,C:\Users\Setekh\Desktop\ISY5002-Project\datasets\raw-2026-week1\4712\20260917T072604Z_4712_0726_f26b192a6ffa.jpg
4712,C:\Users\Setekh\Desktop\ISY5002-Project\datasets\raw-2026-week1\4712\20260917T073544Z_4712_0735_226e7ac56909.jpg
4712,C:\Users\Setekh\Desktop\ISY5002-Project\datasets\raw-2026-week1\4712\20260917T075025Z_4712_0750_244cd570f755.jpg
4712,C:\Users\Setekh\Desktop\ISY5002-Project\datasets\raw-2026-week1\4712\20260917T080025Z_4712_0800_35837a672918.jpg
4712,C:\Users\Setekh\Desktop\ISY5002-Project\datasets\raw-2026-week1\4712\20260917T081045Z_4712_0810_55466639557e.jpg
4712,C:\Users\Setekh\Desktop\ISY5002-Project\datasets\raw-2026-week1\4712\20260917T081546Z_4712_0815_09f04764f862.jpg
4712,C:\Users\Setekh\Desktop\ISY5002-Project\datasets\raw-2026-week1\4712\20260917T082046Z_4712_0820_61c99bf307e8.jpg
4712,C:\Users\Setekh\Desktop\ISY5002-Project\datasets\raw-2026-week1\4712\20260917T082546Z_4712_0825_258bcf070eb3.jpg
4712,C:\Users\Setekh\Desktop\ISY5002-Project\datasets\raw-2026-week1\4712\20260917T084046Z_4712_0840_56126e2ea283.jpg
4712,C:\Users\Setekh\Desktop\ISY5002-Project\datasets\raw-2026-week1\4712\20260917T085047Z_4712_0850_0e8ed7e5ea35.jpg
4712,C:\Users\Setekh\Desktop\ISY5002-Project\datasets\raw-2026-week1\4712\20260917T090027Z_4712_0900_c3cd4a50f88a.jpg
4712,C:\Users\Setekh\Desktop\ISY5002-Project\datasets\raw-2026-week1\4712\20260917T091048Z_4712_0910_296e6a3fe460.jpg
4712,C:\Users\Setekh\Desktop\ISY5002-Project\datasets\raw-2026-week1\4712\20260917T092048Z_4712_0920_0d935e6add78.jpg
4712,C:\Users\Setekh\Desktop\ISY5002-Project\datasets\raw-2026-week1\4712\20260917T092548Z_4712_0925_df4d66056b8d.jpg
4712,C:\Users\Setekh\Desktop\ISY5002-Project\datasets\raw-2026-week1\4712\20260917T094049Z_4712_0940_666b82ac4bb3.jpg
4712,C:\Users\Setekh\Desktop\ISY5002-Project\datasets\raw-2026-week1\4712\20260917T095029Z_4712_0950_6320e9da55dd.jpg
4712,C:\Users\Setekh\Desktop\ISY5002-Project\datasets\raw-2026-week1\4712\20260917T095549Z_4712_0955_a8abd4db7746.jpg
4712,C:\Users\Setekh\Desktop\ISY5002-Project\datasets\raw-2026-week1\4712\20260917T101050Z_4712_1010_6809040b81da.jpg
4712,C:\Users\Setekh\Desktop\ISY5002-Project\datasets\raw-2026-week1\4712\20260917T102030Z_4712_1020_d13d63a307b6.jpg
4712,C:\Users\Setekh\Desktop\ISY5002-Project\datasets\raw-2026-week1\4712\20260917T103051Z_4712_1030_56a042b6131e.jpg
4712,C:\Users\Setekh\Desktop\ISY5002-Project\datasets\raw-2026-week1\4712\20260917T104031Z_4712_1040_e1c322ea6fc6.jpg
4712,C:\Users\Setekh\Desktop\ISY5002-Project\datasets\raw-2026-week1\4712\20260917T105031Z_4712_1050_522874c92c1d.jpg
4712,C:\Users\Setekh\Desktop\ISY5002-Project\datasets\raw-2026-week1\4712\20260917T110052Z_4712_1100_5299766c2f5b.jpg
4712,C:\Users\Setekh\Desktop\ISY5002-Project\datasets\raw-2026-week1\4712\20260917T111032Z_4712_1110_b488501c073e.jpg
4712,C:\Users\Setekh\Desktop\ISY5002-Project\datasets\raw-2026-week1\4712\20260917T112052Z_4712_1120_8a6fa087085f.jpg
4712,C:\Users\Setekh\Desktop\ISY5002-Project\datasets\raw-2026-week1\4712\20260917T113033Z_4712_1130_bfb920e6cf9f.jpg
4712,C:\Users\Setekh\Desktop\ISY5002-Project\datasets\raw-2026-week1\4712\20260917T114033Z_4712_1140_f28606e61eff.jpg
4712,C:\Users\Setekh\Desktop\ISY5002-Project\datasets\raw-2026-week1\4712\20260917T115054Z_4712_1150_61a8610e1fca.jpg
4712,C:\Users\Setekh\Desktop\ISY5002-Project\datasets\raw-2026-week1\4712\20260917T115534Z_4712_1155_6269f627d619.jpg
4712,C:\Users\Setekh\Desktop\ISY5002-Project\datasets\raw-2026-week1\4712\20260917T121034Z_4712_1210_e77407bb9f4a.jpg
4712,C:\Users\Setekh\Desktop\ISY5002-Project\datasets\raw-2026-week1\4712\20260917T122035Z_4712_1220_c7a44ba90c01.jpg
4712,C:\Users\Setekh\Desktop\ISY5002-Project\datasets\raw-2026-week1\4712\20260917T123055Z_4712_1230_00f0766f1809.jpg
4712,C:\Users\Setekh\Desktop\ISY5002-Project\datasets\raw-2026-week1\4712\20260917T124036Z_4712_1240_673a52635c2d.jpg
4712,C:\Users\Setekh\Desktop\ISY5002-Project\datasets\raw-2026-week1\4712\20260917T124536Z_4712_1245_f9f508d07f79.jpg
4712,C:\Users\Setekh\Desktop\ISY5002-Project\datasets\raw-2026-week1\4712\20260917T130036Z_4712_1300_fd0ca696fe4d.jpg
4712,C:\Users\Setekh\Desktop\ISY5002-Project\datasets\raw-2026-week1\4712\20260917T131037Z_4712_1310_b0a1c09b4257.jpg
4712,C:\Users\Setekh\Desktop\ISY5002-Project\datasets\raw-2026-week1\4712\20260917T132057Z_4712_1320_bc686a6af92f.jpg
4712,C:\Users\Setekh\Desktop\ISY5002-Project\datasets\raw-2026-week1\4712\20260917T133037Z_4712_1330_b1e22c019601.jpg
4712,C:\Users\Setekh\Desktop\ISY5002-Project\datasets\raw-2026-week1\4712\20260917T134038Z_4712_1340_e82dcd390311.jpg
4712,C:\Users\Setekh\Desktop\ISY5002-Project\datasets\raw-2026-week1\4712\20260917T134538Z_4712_1345_9ca366f870a0.jpg
4712,C:\Users\Setekh\Desktop\ISY5002-Project\datasets\raw-2026-week1\4712\20260917T135538Z_4712_1355_240bb827d93b.jpg
4712,C:\Users\Setekh\Desktop\ISY5002-Project\datasets\raw-2026-week1\4712\20260917T140038Z_4712_1400_bec75116769a.jpg
4712,C:\Users\Setekh\Desktop\ISY5002-Project\datasets\raw-2026-week1\4712\20260917T141039Z_4712_1410_c749b87bd34a.jpg
4712,C:\Users\Setekh\Desktop\ISY5002-Project\datasets\raw-2026-week1\4712\20260917T141559Z_4712_1415_b77886033554.jpg
4712,C:\Users\Setekh\Desktop\ISY5002-Project\datasets\raw-2026-week1\4712\20260917T143040Z_4712_1430_e8c5f31ddbe8.jpg
4712,C:\Users\Setekh\Desktop\ISY5002-Project\datasets\raw-2026-week1\4712\20260917T144040Z_4712_1440_5acbebcc6b12.jpg
4712,C:\Users\Setekh\Desktop\ISY5002-Project\datasets\raw-2026-week1\4712\20260917T144540Z_4712_1445_dea2105051ce.jpg
4712,C:\Users\Setekh\Desktop\ISY5002-Project\datasets\raw-2026-week1\4712\20260917T150041Z_4712_1500_8bb9a5520c02.jpg
4712,C:\Users\Setekh\Desktop\ISY5002-Project\datasets\raw-2026-week1\4712\20260917T150601Z_4712_1506_f5535653d711.jpg
4712,C:\Users\Setekh\Desktop\ISY5002-Project\datasets\raw-2026-week1\4712\20260917T151601Z_4712_1516_60c50fc103d3.jpg
4712,C:\Users\Setekh\Desktop\ISY5002-Project\datasets\raw-2026-week1\4712\20260917T153042Z_4712_1530_952cceac7955.jpg
4712,C:\Users\Setekh\Desktop\ISY5002-Project\datasets\raw-2026-week1\4712\20260917T153542Z_4712_1535_30a391edadd7.jpg
4712,C:\Users\Setekh\Desktop\ISY5002-Project\datasets\raw-2026-week1\4712\20260917T155042Z_4712_1550_46142ba3b86e.jpg
4712,C:\Users\Setekh\Desktop\ISY5002-Project\datasets\raw-2026-week1\4712\20260917T155603Z_4712_1556_66a873cda63e.jpg
4712,C:\Users\Setekh\Desktop\ISY5002-Project\datasets\raw-2026-week1\4712\20260917T160603Z_4712_1606_133a28507f32.jpg
4712,C:\Users\Setekh\Desktop\ISY5002-Project\datasets\raw-2026-week1\4712\20260917T161603Z_4712_1616_4b3a9955e295.jpg
4712,C:\Users\Setekh\Desktop\ISY5002-Project\datasets\raw-2026-week1\4712\20260917T163044Z_4712_1630_b9cc81ab9f39.jpg
4712,C:\Users\Setekh\Desktop\ISY5002-Project\datasets\raw-2026-week1\4712\20260917T164044Z_4712_1640_7a3d7eaa2313.jpg
4712,C:\Users\Setekh\Desktop\ISY5002-Project\datasets\raw-2026-week1\4712\20260917T165045Z_4712_1650_09ac8221bf27.jpg
4712,C:\Users\Setekh\Desktop\ISY5002-Project\datasets\raw-2026-week1\4712\20260917T170045Z_4712_1700_5c5e667c109c.jpg
4712,C:\Users\Setekh\Desktop\ISY5002-Project\datasets\raw-2026-week1\4712\20260917T171045Z_4712_1710_cf759c45b5dd.jpg
4712,C:\Users\Setekh\Desktop\ISY5002-Project\datasets\raw-2026-week1\4712\20260917T172026Z_4712_1720_c0d76d5282b7.jpg
4712,C:\Users\Setekh\Desktop\ISY5002-Project\datasets\raw-2026-week1\4712\20260917T173046Z_4712_1730_749e7d825bec.jpg
4712,C:\Users\Setekh\Desktop\ISY5002-Project\datasets\raw-2026-week1\4712\20260917T174046Z_4712_1740_9f6c35a01a2c.jpg
4712,C:\Users\Setekh\Desktop\ISY5002-Project\datasets\raw-2026-week1\4712\20260917T175047Z_4712_1750_766b9d76e697.jpg
4712,C:\Users\Setekh\Desktop\ISY5002-Project\datasets\raw-2026-week1\4712\20260917T175607Z_4712_1756_8786698720cb.jpg
4712,C:\Users\Setekh\Desktop\ISY5002-Project\datasets\raw-2026-week1\4712\20260917T181028Z_4712_1810_fafc7b59f908.jpg
4712,C:\Users\Setekh\Desktop\ISY5002-Project\datasets\raw-2026-week1\4712\20260917T182028Z_4712_1820_3d3a0439369a.jpg
4712,C:\Users\Setekh\Desktop\ISY5002-Project\datasets\raw-2026-week1\4712\20260917T183028Z_4712_1830_315848983723.jpg
4712,C:\Users\Setekh\Desktop\ISY5002-Project\datasets\raw-2026-week1\4712\20260917T184029Z_4712_1840_de3a6dd89b9f.jpg
4712,C:\Users\Setekh\Desktop\ISY5002-Project\datasets\raw-2026-week1\4712\20260917T185029Z_4712_1850_509855b12f9e.jpg
4712,C:\Users\Setekh\Desktop\ISY5002-Project\datasets\raw-2026-week1\4712\20260917T185609Z_4712_1856_0f57d86462da.jpg
4712,C:\Users\Setekh\Desktop\ISY5002-Project\datasets\raw-2026-week1\4712\20260917T191030Z_4712_1910_7dc4ef9ef03e.jpg
4712,C:\Users\Setekh\Desktop\ISY5002-Project\datasets\raw-2026-week1\4712\20260917T192030Z_4712_1920_95cb9187971c.jpg
4712,C:\Users\Setekh\Desktop\ISY5002-Project\datasets\raw-2026-week1\4712\20260917T193051Z_4712_1930_fe00bd190a0f.jpg
4712,C:\Users\Setekh\Desktop\ISY5002-Project\datasets\raw-2026-week1\4712\20260917T193531Z_4712_1935_a6eab6357e78.jpg
4712,C:\Users\Setekh\Desktop\ISY5002-Project\datasets\raw-2026-week1\4712\20260917T194551Z_4712_1945_b26912e37e05.jpg
4712,C:\Users\Setekh\Desktop\ISY5002-Project\datasets\raw-2026-week1\4712\20260917T200032Z_4712_2000_c5057a9e4ac9.jpg
4712,C:\Users\Setekh\Desktop\ISY5002-Project\datasets\raw-2026-week1\4712\20260917T201052Z_4712_2010_702495cbfcdb.jpg
4712,C:\Users\Setekh\Desktop\ISY5002-Project\datasets\raw-2026-week1\4712\20260917T202052Z_4712_2020_1909c4f60022.jpg
4712,C:\Users\Setekh\Desktop\ISY5002-Project\datasets\raw-2026-week1\4712\20260917T203033Z_4712_2030_7c1c3200036f.jpg
4712,C:\Users\Setekh\Desktop\ISY5002-Project\datasets\raw-2026-week1\4712\20260917T204033Z_4712_2040_441fa7b699a3.jpg
4712,C:\Users\Setekh\Desktop\ISY5002-Project\datasets\raw-2026-week1\4712\20260917T205053Z_4712_2050_2020e171a344.jpg
4712,C:\Users\Setekh\Desktop\ISY5002-Project\datasets\raw-2026-week1\4712\20260917T210054Z_4712_2100_58e881e5e0a9.jpg
4712,C:\Users\Setekh\Desktop\ISY5002-Project\datasets\raw-2026-week1\4712\20260917T211054Z_4712_2110_ba0590d6abf2.jpg
4712,C:\Users\Setekh\Desktop\ISY5002-Project\datasets\raw-2026-week1\4712\20260917T212035Z_4712_2120_d00f5f5ece02.jpg
4712,C:\Users\Setekh\Desktop\ISY5002-Project\datasets\raw-2026-week1\4712\20260917T212555Z_4712_2125_ba1876ee2a4b.jpg
4712,C:\Users\Setekh\Desktop\ISY5002-Project\datasets\raw-2026-week1\4712\20260917T214055Z_4712_2140_d1986e937a5c.jpg
4712,C:\Users\Setekh\Desktop\ISY5002-Project\datasets\raw-2026-week1\4712\20260917T215056Z_4712_2150_8ecc556af837.jpg
4712,C:\Users\Setekh\Desktop\ISY5002-Project\datasets\raw-2026-week1\4712\20260917T220036Z_4712_2200_6e965a904375.jpg
4712,C:\Users\Setekh\Desktop\ISY5002-Project\datasets\raw-2026-week1\4712\20260917T221036Z_4712_2210_9633bdb4c13b.jpg
4712,C:\Users\Setekh\Desktop\ISY5002-Project\datasets\raw-2026-week1\4712\20260917T221557Z_4712_2215_ceea446e8db2.jpg
4712,C:\Users\Setekh\Desktop\ISY5002-Project\datasets\raw-2026-week1\4712\20260917T223037Z_4712_2230_cfe06375457c.jpg
4712,C:\Users\Setekh\Desktop\ISY5002-Project\datasets\raw-2026-week1\4712\20260917T223557Z_4712_2235_93c0d735b621.jpg
4712,C:\Users\Setekh\Desktop\ISY5002-Project\datasets\raw-2026-week1\4712\20260917T224558Z_4712_2245_42042309761f.jpg
4712,C:\Users\Setekh\Desktop\ISY5002-Project\datasets\raw-2026-week1\4712\20260917T225538Z_4712_2255_28bbfb9b3312.jpg
4712,C:\Users\Setekh\Desktop\ISY5002-Project\datasets\raw-2026-week1\4712\20260917T230558Z_4712_2305_b491afa31a26.jpg
4712,C:\Users\Setekh\Desktop\ISY5002-Project\datasets\raw-2026-week1\4712\20260917T232039Z_4712_2320_317b341e1081.jpg
4712,C:\Users\Setekh\Desktop\ISY5002-Project\datasets\raw-2026-week1\4712\20260917T233039Z_4712_2330_fbb713588402.jpg
4712,C:\Users\Setekh\Desktop\ISY5002-Project\datasets\raw-2026-week1\4712\20260917T234040Z_4712_2340_395bb36795b9.jpg
4712,C:\Users\Setekh\Desktop\ISY5002-Project\datasets\raw-2026-week1\4712\20260917T235040Z_4712_2350_22f868047cf6.jpg
4712,C:\Users\Setekh\Desktop\ISY5002-Project\datasets\raw-2026-week1\4712\20260918T000040Z_4712_0000_8bb9c39d7875.jpg
4712,C:\Users\Setekh\Desktop\ISY5002-Project\datasets\raw-2026-week1\4712\20260918T001041Z_4712_0010_2c0f0eceea52.jpg
4712,C:\Users\Setekh\Desktop\ISY5002-Project\datasets\raw-2026-week1\4712\20260918T002041Z_4712_0020_5f7d0ab676b5.jpg
4712,C:\Users\Setekh\Desktop\ISY5002-Project\datasets\raw-2026-week1\4712\20260918T003042Z_4712_0030_9612b6be9deb.jpg
4712,C:\Users\Setekh\Desktop\ISY5002-Project\datasets\raw-2026-week1\4712\20260918T004042Z_4712_0040_cebeab22e942.jpg
4712,C:\Users\Setekh\Desktop\ISY5002-Project\datasets\raw-2026-week1\4712\20260918T005042Z_4712_0050_a6e50e9de3f6.jpg
4712,C:\Users\Setekh\Desktop\ISY5002-Project\datasets\raw-2026-week1\4712\20260918T010043Z_4712_0100_ab57e66e4463.jpg
4712,C:\Users\Setekh\Desktop\ISY5002-Project\datasets\raw-2026-week1\4712\20260918T011043Z_4712_0110_32d06ddc6bcb.jpg
4712,C:\Users\Setekh\Desktop\ISY5002-Project\datasets\raw-2026-week1\4712\20260918T011543Z_4712_0115_2c435f030738.jpg
4712,C:\Users\Setekh\Desktop\ISY5002-Project\datasets\raw-2026-week1\4712\20260918T013044Z_4712_0130_4639eee1ed1e.jpg
4712,C:\Users\Setekh\Desktop\ISY5002-Project\datasets\raw-2026-week1\4712\20260918T014044Z_4712_0140_9eeb736b8e64.jpg
4712,C:\Users\Setekh\Desktop\ISY5002-Project\datasets\raw-2026-week1\4712\20260918T015044Z_4712_0150_c3764f5c6b24.jpg
4712,C:\Users\Setekh\Desktop\ISY5002-Project\datasets\raw-2026-week1\4712\20260918T020045Z_4712_0200_fd890723d1ea.jpg
4712,C:\Users\Setekh\Desktop\ISY5002-Project\datasets\raw-2026-week1\4712\20260918T020545Z_4712_0205_9e02d92761d1.jpg
4712,C:\Users\Setekh\Desktop\ISY5002-Project\datasets\raw-2026-week1\4712\20260918T022026Z_4712_0220_dc28a71f2b88.jpg
4712,C:\Users\Setekh\Desktop\ISY5002-Project\datasets\raw-2026-week1\4712\20260918T023046Z_4712_0230_b63382df5814.jpg
4712,C:\Users\Setekh\Desktop\ISY5002-Project\datasets\raw-2026-week1\4712\20260918T024046Z_4712_0240_9a1cec9c975c.jpg
4712,C:\Users\Setekh\Desktop\ISY5002-Project\datasets\raw-2026-week1\4712\20260918T025047Z_4712_0250_17ee0dac10a0.jpg
4712,C:\Users\Setekh\Desktop\ISY5002-Project\datasets\raw-2026-week1\4712\20260918T025547Z_4712_0255_e390b8470a3f.jpg
4712,C:\Users\Setekh\Desktop\ISY5002-Project\datasets\raw-2026-week1\4712\20260918T031047Z_4712_0310_2c23a69c5bdd.jpg
4712,C:\Users\Setekh\Desktop\ISY5002-Project\datasets\raw-2026-week1\4712\20260918T032048Z_4712_0320_ed67dd8f686f.jpg
4712,C:\Users\Setekh\Desktop\ISY5002-Project\datasets\raw-2026-week1\4712\20260918T032608Z_4712_0326_af79fd0c3f19.jpg
4712,C:\Users\Setekh\Desktop\ISY5002-Project\datasets\raw-2026-week1\4712\20260918T033548Z_4712_0335_91ac7f637482.jpg
4712,C:\Users\Setekh\Desktop\ISY5002-Project\datasets\raw-2026-week1\4712\20260918T035049Z_4712_0350_cda21af8092a.jpg
4712,C:\Users\Setekh\Desktop\ISY5002-Project\datasets\raw-2026-week1\4712\20260918T040029Z_4712_0400_46e4f0524510.jpg
4712,C:\Users\Setekh\Desktop\ISY5002-Project\datasets\raw-2026-week1\4712\20260918T041030Z_4712_0410_013e29aa3a9e.jpg
4712,C:\Users\Setekh\Desktop\ISY5002-Project\datasets\raw-2026-week1\4712\20260918T042050Z_4712_0420_ed6efce84a5e.jpg
4712,C:\Users\Setekh\Desktop\ISY5002-Project\datasets\raw-2026-week1\4712\20260918T043050Z_4712_0430_5867720c88d7.jpg
4712,C:\Users\Setekh\Desktop\ISY5002-Project\datasets\raw-2026-week1\4712\20260918T044031Z_4712_0440_ab552f5ab2a3.jpg
4712,C:\Users\Setekh\Desktop\ISY5002-Project\datasets\raw-2026-week1\4712\20260918T045031Z_4712_0450_adb6ada3bded.jpg
4712,C:\Users\Setekh\Desktop\ISY5002-Project\datasets\raw-2026-week1\4712\20260918T050031Z_4712_0500_8c696395cbb6.jpg
4712,C:\Users\Setekh\Desktop\ISY5002-Project\datasets\raw-2026-week1\4712\20260918T051052Z_4712_0510_884abd852d81.jpg
4712,C:\Users\Setekh\Desktop\ISY5002-Project\datasets\raw-2026-week1\4712\20260918T052052Z_4712_0520_a2f71cce8a88.jpg
4712,C:\Users\Setekh\Desktop\ISY5002-Project\datasets\raw-2026-week1\4712\20260918T053053Z_4712_0530_149eaa62d6eb.jpg
4712,C:\Users\Setekh\Desktop\ISY5002-Project\datasets\raw-2026-week1\4712\20260918T053553Z_4712_0535_a43d0dce71e0.jpg
4712,C:\Users\Setekh\Desktop\ISY5002-Project\datasets\raw-2026-week1\4712\20260918T055033Z_4712_0550_9b93d64fec60.jpg
4712,C:\Users\Setekh\Desktop\ISY5002-Project\datasets\raw-2026-week1\4712\20260918T060034Z_4712_0600_58b84bda17b0.jpg
4712,C:\Users\Setekh\Desktop\ISY5002-Project\datasets\raw-2026-week1\4712\20260918T061034Z_4712_0610_7a1fb2b735d1.jpg
4712,C:\Users\Setekh\Desktop\ISY5002-Project\datasets\raw-2026-week1\4712\20260918T062034Z_4712_0620_377b9503732b.jpg
4712,C:\Users\Setekh\Desktop\ISY5002-Project\datasets\raw-2026-week1\4712\20260918T063055Z_4712_0630_3bf7f20cbbb0.jpg
4712,C:\Users\Setekh\Desktop\ISY5002-Project\datasets\raw-2026-week1\4712\20260918T064055Z_4712_0640_a9fdc31ad8ca.jpg
4712,C:\Users\Setekh\Desktop\ISY5002-Project\datasets\raw-2026-week1\4712\20260918T065035Z_4712_0650_e34387a3a77f.jpg
4712,C:\Users\Setekh\Desktop\ISY5002-Project\datasets\raw-2026-week1\4712\20260918T065536Z_4712_0655_288a4ef341d8.jpg
4712,C:\Users\Setekh\Desktop\ISY5002-Project\datasets\raw-2026-week1\4712\20260918T071056Z_4712_0710_cd686f2eeb01.jpg
4712,C:\Users\Setekh\Desktop\ISY5002-Project\datasets\raw-2026-week1\4712\20260918T072037Z_4712_0720_c88ad19a1d15.jpg
4712,C:\Users\Setekh\Desktop\ISY5002-Project\datasets\raw-2026-week1\4712\20260918T072537Z_4712_0725_dde083cc2679.jpg
4712,C:\Users\Setekh\Desktop\ISY5002-Project\datasets\raw-2026-week1\4712\20260918T074037Z_4712_0740_8ad75d70114b.jpg
4712,C:\Users\Setekh\Desktop\ISY5002-Project\datasets\raw-2026-week1\4712\20260918T075038Z_4712_0750_1e74a516a8bd.jpg
4712,C:\Users\Setekh\Desktop\ISY5002-Project\datasets\raw-2026-week1\4712\20260918T080018Z_4712_0800_efb308d24662.jpg
4712,C:\Users\Setekh\Desktop\ISY5002-Project\datasets\raw-2026-week1\4712\20260918T081038Z_4712_0810_ece28ad1c01a.jpg
4712,C:\Users\Setekh\Desktop\ISY5002-Project\datasets\raw-2026-week1\4712\20260918T082039Z_4712_0820_b08ed3caaa04.jpg
4712,C:\Users\Setekh\Desktop\ISY5002-Project\datasets\raw-2026-week1\4712\20260918T083039Z_4712_0830_07a5933d4522.jpg
4712,C:\Users\Setekh\Desktop\ISY5002-Project\datasets\raw-2026-week1\4712\20260918T083559Z_4712_0835_79211a16c748.jpg
4712,C:\Users\Setekh\Desktop\ISY5002-Project\datasets\raw-2026-week1\4712\20260918T085040Z_4712_0850_0f813a78cc35.jpg
4712,C:\Users\Setekh\Desktop\ISY5002-Project\datasets\raw-2026-week1\4712\20260918T085540Z_4712_0855_b4b44f0a2b5f.jpg
4712,C:\Users\Setekh\Desktop\ISY5002-Project\datasets\raw-2026-week1\4712\20260918T091040Z_4712_0910_704b3a05f2ea.jpg
4712,C:\Users\Setekh\Desktop\ISY5002-Project\datasets\raw-2026-week1\4712\20260918T091541Z_4712_0915_455265007071.jpg
4712,C:\Users\Setekh\Desktop\ISY5002-Project\datasets\raw-2026-week1\4712\20260918T093041Z_4712_0930_1839db8195d3.jpg
4712,C:\Users\Setekh\Desktop\ISY5002-Project\datasets\raw-2026-week1\4712\20260918T094042Z_4712_0940_0e5d5f27762c.jpg
4712,C:\Users\Setekh\Desktop\ISY5002-Project\datasets\raw-2026-week1\4712\20260918T095042Z_4712_0950_c2488ea92156.jpg
4712,C:\Users\Setekh\Desktop\ISY5002-Project\datasets\raw-2026-week1\4712\20260918T100042Z_4712_1000_aa05673b96a1.jpg
4712,C:\Users\Setekh\Desktop\ISY5002-Project\datasets\raw-2026-week1\4712\20260918T100522Z_4712_1005_9ef43a9c4e75.jpg
4712,C:\Users\Setekh\Desktop\ISY5002-Project\datasets\raw-2026-week1\4712\20260918T101603Z_4712_1016_c9b6d89b9005.jpg
4712,C:\Users\Setekh\Desktop\ISY5002-Project\datasets\raw-2026-week1\4712\20260918T103043Z_4712_1030_0dff0a80e28c.jpg
4712,C:\Users\Setekh\Desktop\ISY5002-Project\datasets\raw-2026-week1\4712\20260918T103544Z_4712_1035_56718bbbeffb.jpg
4712,C:\Users\Setekh\Desktop\ISY5002-Project\datasets\raw-2026-week1\4712\20260918T105044Z_4712_1050_374623a3b891.jpg
4712,C:\Users\Setekh\Desktop\ISY5002-Project\datasets\raw-2026-week1\4712\20260918T110044Z_4712_1100_670afb1f07e2.jpg
4712,C:\Users\Setekh\Desktop\ISY5002-Project\datasets\raw-2026-week1\4712\20260918T111045Z_4712_1110_29f41569097e.jpg
4712,C:\Users\Setekh\Desktop\ISY5002-Project\datasets\raw-2026-week1\4712\20260918T112045Z_4712_1120_27531a5df956.jpg
4712,C:\Users\Setekh\Desktop\ISY5002-Project\datasets\raw-2026-week1\4712\20260918T113026Z_4712_1130_f3ea14cb70eb.jpg
4712,C:\Users\Setekh\Desktop\ISY5002-Project\datasets\raw-2026-week1\4712\20260918T114046Z_4712_1140_b1d89ef650df.jpg
4712,C:\Users\Setekh\Desktop\ISY5002-Project\datasets\raw-2026-week1\4712\20260918T115026Z_4712_1150_2ad51251134d.jpg
4712,C:\Users\Setekh\Desktop\ISY5002-Project\datasets\raw-2026-week1\4712\20260918T120047Z_4712_1200_89688c7a3c4b.jpg
4712,C:\Users\Setekh\Desktop\ISY5002-Project\datasets\raw-2026-week1\4712\20260918T120547Z_4712_1205_80327e2024a8.jpg
4712,C:\Users\Setekh\Desktop\ISY5002-Project\datasets\raw-2026-week1\4712\20260918T122027Z_4712_1220_374d63a10a88.jpg
4712,C:\Users\Setekh\Desktop\ISY5002-Project\datasets\raw-2026-week1\4712\20260918T122548Z_4712_1225_5b895c9f78ad.jpg
4712,C:\Users\Setekh\Desktop\ISY5002-Project\datasets\raw-2026-week1\4712\20260918T123608Z_4712_1236_86ef0f8f1acd.jpg
4712,C:\Users\Setekh\Desktop\ISY5002-Project\datasets\raw-2026-week1\4712\20260918T124048Z_4712_1240_f945c3e61566.jpg
4712,C:\Users\Setekh\Desktop\ISY5002-Project\datasets\raw-2026-week1\4712\20260918T125029Z_4712_1250_c1d37e19dfd1.jpg
4712,C:\Users\Setekh\Desktop\ISY5002-Project\datasets\raw-2026-week1\4712\20260918T125529Z_4712_1255_2cbfd4cda538.jpg
4712,C:\Users\Setekh\Desktop\ISY5002-Project\datasets\raw-2026-week1\4712\20260918T131049Z_4712_1310_6c0083d9e683.jpg
4712,C:\Users\Setekh\Desktop\ISY5002-Project\datasets\raw-2026-week1\4712\20260918T132050Z_4712_1320_2169462ab9b1.jpg
4712,C:\Users\Setekh\Desktop\ISY5002-Project\datasets\raw-2026-week1\4712\20260918T132550Z_4712_1325_4f55a32cdb50.jpg
4712,C:\Users\Setekh\Desktop\ISY5002-Project\datasets\raw-2026-week1\4712\20260918T133550Z_4712_1335_0351991c087c.jpg
4712,C:\Users\Setekh\Desktop\ISY5002-Project\datasets\raw-2026-week1\4712\20260918T134551Z_4712_1345_e8029c18f4d5.jpg
4712,C:\Users\Setekh\Desktop\ISY5002-Project\datasets\raw-2026-week1\4712\20260918T140051Z_4712_1400_5d2d360b0e7c.jpg
4712,C:\Users\Setekh\Desktop\ISY5002-Project\datasets\raw-2026-week1\4712\20260918T141051Z_4712_1410_d1764e2eff0f.jpg
4712,C:\Users\Setekh\Desktop\ISY5002-Project\datasets\raw-2026-week1\4712\20260918T142052Z_4712_1420_4e78cbec9080.jpg
4712,C:\Users\Setekh\Desktop\ISY5002-Project\datasets\raw-2026-week1\4712\20260918T143032Z_4712_1430_40a28996e458.jpg
4712,C:\Users\Setekh\Desktop\ISY5002-Project\datasets\raw-2026-week1\4712\20260918T143532Z_4712_1435_f01308f0eed6.jpg
4712,C:\Users\Setekh\Desktop\ISY5002-Project\datasets\raw-2026-week1\4712\20260918T144552Z_4712_1445_0454618cd290.jpg
4712,C:\Users\Setekh\Desktop\ISY5002-Project\datasets\raw-2026-week1\4712\20260918T145613Z_4712_1456_f977258054cb.jpg
4712,C:\Users\Setekh\Desktop\ISY5002-Project\datasets\raw-2026-week1\4712\20260918T150553Z_4712_1505_c35c72365ff6.jpg
4712,C:\Users\Setekh\Desktop\ISY5002-Project\datasets\raw-2026-week1\4712\20260918T151553Z_4712_1515_0073762c5a60.jpg
4712,C:\Users\Setekh\Desktop\ISY5002-Project\datasets\raw-2026-week1\4712\20260918T152554Z_4712_1525_bc433b9bfc7a.jpg
4712,C:\Users\Setekh\Desktop\ISY5002-Project\datasets\raw-2026-week1\4712\20260918T154034Z_4712_1540_6ba5cfe1e44d.jpg
4712,C:\Users\Setekh\Desktop\ISY5002-Project\datasets\raw-2026-week1\4712\20260918T155615Z_4712_1556_5c552d7ebeba.jpg
4712,C:\Users\Setekh\Desktop\ISY5002-Project\datasets\raw-2026-week1\4712\20260918T161055Z_4712_1610_c76fbec4ba7d.jpg
4712,C:\Users\Setekh\Desktop\ISY5002-Project\datasets\raw-2026-week1\4712\20260918T161555Z_4712_1615_5a9fd12f1669.jpg
4712,C:\Users\Setekh\Desktop\ISY5002-Project\datasets\raw-2026-week1\4712\20260918T162055Z_4712_1620_728cb6c73c16.jpg
4712,C:\Users\Setekh\Desktop\ISY5002-Project\datasets\raw-2026-week1\4712\20260918T164036Z_4712_1640_d2d1bff3eefd.jpg
4712,C:\Users\Setekh\Desktop\ISY5002-Project\datasets\raw-2026-week1\4712\20260918T165036Z_4712_1650_45bba1a91fb7.jpg
4712,C:\Users\Setekh\Desktop\ISY5002-Project\datasets\raw-2026-week1\4712\20260918T170037Z_4712_1700_23d3f31a8dcb.jpg
4712,C:\Users\Setekh\Desktop\ISY5002-Project\datasets\raw-2026-week1\4712\20260918T171037Z_4712_1710_420465e0e9f5.jpg
4712,C:\Users\Setekh\Desktop\ISY5002-Project\datasets\raw-2026-week1\4712\20260918T172037Z_4712_1720_dbc66fcf99a3.jpg
4712,C:\Users\Setekh\Desktop\ISY5002-Project\datasets\raw-2026-week1\4712\20260918T173038Z_4712_1730_3251e46da0c1.jpg
4712,C:\Users\Setekh\Desktop\ISY5002-Project\datasets\raw-2026-week1\4712\20260918T174038Z_4712_1740_91a5f17f1e5e.jpg
4712,C:\Users\Setekh\Desktop\ISY5002-Project\datasets\raw-2026-week1\4712\20260918T175038Z_4712_1750_23241fee7e1b.jpg
4712,C:\Users\Setekh\Desktop\ISY5002-Project\datasets\raw-2026-week1\4712\20260918T180039Z_4712_1800_a5aecfff5f1b.jpg
4712,C:\Users\Setekh\Desktop\ISY5002-Project\datasets\raw-2026-week1\4712\20260918T181039Z_4712_1810_22e8275315d4.jpg
4712,C:\Users\Setekh\Desktop\ISY5002-Project\datasets\raw-2026-week1\4712\20260918T182040Z_4712_1820_4cca1eb5a359.jpg
4712,C:\Users\Setekh\Desktop\ISY5002-Project\datasets\raw-2026-week1\4712\20260918T182600Z_4712_1826_a985d26ad1e8.jpg
4712,C:\Users\Setekh\Desktop\ISY5002-Project\datasets\raw-2026-week1\4712\20260918T184040Z_4712_1840_1ad6c300594c.jpg
4712,C:\Users\Setekh\Desktop\ISY5002-Project\datasets\raw-2026-week1\4712\20260918T185041Z_4712_1850_c4faa0f12fc6.jpg
4712,C:\Users\Setekh\Desktop\ISY5002-Project\datasets\raw-2026-week1\4712\20260918T190041Z_4712_1900_9733c18c7342.jpg
4712,C:\Users\Setekh\Desktop\ISY5002-Project\datasets\raw-2026-week1\4712\20260918T191042Z_4712_1910_ae04ae173452.jpg
4712,C:\Users\Setekh\Desktop\ISY5002-Project\datasets\raw-2026-week1\4712\20260918T192042Z_4712_1920_3b17ec4451f0.jpg
4712,C:\Users\Setekh\Desktop\ISY5002-Project\datasets\raw-2026-week1\4712\20260918T193042Z_4712_1930_499009612ce3.jpg
4712,C:\Users\Setekh\Desktop\ISY5002-Project\datasets\raw-2026-week1\4712\20260918T194043Z_4712_1940_1c888cbf5f5a.jpg
4712,C:\Users\Setekh\Desktop\ISY5002-Project\datasets\raw-2026-week1\4712\20260918T194543Z_4712_1945_8f692c848cb3.jpg
4712,C:\Users\Setekh\Desktop\ISY5002-Project\datasets\raw-2026-week1\4712\20260918T200043Z_4712_2000_80bf83912d00.jpg
4712,C:\Users\Setekh\Desktop\ISY5002-Project\datasets\raw-2026-week1\4712\20260918T201044Z_4712_2010_da99d91b130d.jpg
4712,C:\Users\Setekh\Desktop\ISY5002-Project\datasets\raw-2026-week1\4712\20260918T202044Z_4712_2020_621ff2a48d02.jpg
4712,C:\Users\Setekh\Desktop\ISY5002-Project\datasets\raw-2026-week1\4712\20260918T203044Z_4712_2030_574a6a4222e1.jpg
4712,C:\Users\Setekh\Desktop\ISY5002-Project\datasets\raw-2026-week1\4712\20260918T204045Z_4712_2040_90cb008799ed.jpg
4712,C:\Users\Setekh\Desktop\ISY5002-Project\datasets\raw-2026-week1\4712\20260918T205045Z_4712_2050_65a97a150843.jpg
4712,C:\Users\Setekh\Desktop\ISY5002-Project\datasets\raw-2026-week1\4712\20260918T205605Z_4712_2056_f1dd0d8bdafd.jpg
4712,C:\Users\Setekh\Desktop\ISY5002-Project\datasets\raw-2026-week1\4712\20260918T211046Z_4712_2110_3040afb4d2c6.jpg
4712,C:\Users\Setekh\Desktop\ISY5002-Project\datasets\raw-2026-week1\4712\20260918T212046Z_4712_2120_598dc564189a.jpg
4712,C:\Users\Setekh\Desktop\ISY5002-Project\datasets\raw-2026-week1\4712\20260918T213047Z_4712_2130_d9ae14504bfe.jpg
4712,C:\Users\Setekh\Desktop\ISY5002-Project\datasets\raw-2026-week1\4712\20260918T213607Z_4712_2136_6a3993f665cb.jpg
4712,C:\Users\Setekh\Desktop\ISY5002-Project\datasets\raw-2026-week1\4712\20260918T215107Z_4712_2151_e69b324ca36d.jpg
4712,C:\Users\Setekh\Desktop\ISY5002-Project\datasets\raw-2026-week1\4712\20260918T215607Z_4712_2156_2b7faf480e30.jpg
4712,C:\Users\Setekh\Desktop\ISY5002-Project\datasets\raw-2026-week1\4712\20260918T221048Z_4712_2210_ca82008fcfd5.jpg
4712,C:\Users\Setekh\Desktop\ISY5002-Project\datasets\raw-2026-week1\4712\20260918T221608Z_4712_2216_e59840848bf9.jpg
4712,C:\Users\Setekh\Desktop\ISY5002-Project\datasets\raw-2026-week1\4712\20260918T222549Z_4712_2225_39c7ded20d3c.jpg
4712,C:\Users\Setekh\Desktop\ISY5002-Project\datasets\raw-2026-week1\4712\20260918T223609Z_4712_2236_50e74420a111.jpg
4712,C:\Users\Setekh\Desktop\ISY5002-Project\datasets\raw-2026-week1\4712\20260918T225049Z_4712_2250_8ffb5c52c5d9.jpg
4712,C:\Users\Setekh\Desktop\ISY5002-Project\datasets\raw-2026-week1\4712\20260918T230030Z_4712_2300_e33f8e645d62.jpg
4712,C:\Users\Setekh\Desktop\ISY5002-Project\datasets\raw-2026-week1\4712\20260918T231030Z_4712_2310_0dc3c4403007.jpg
4712,C:\Users\Setekh\Desktop\ISY5002-Project\datasets\raw-2026-week1\4712\20260918T232051Z_4712_2320_4cc0c70cc003.jpg
4712,C:\Users\Setekh\Desktop\ISY5002-Project\datasets\raw-2026-week1\4712\20260918T233031Z_4712_2330_7d39db20fc5e.jpg
4712,C:\Users\Setekh\Desktop\ISY5002-Project\datasets\raw-2026-week1\4712\20260918T234051Z_4712_2340_7ed3cd9ed12b.jpg
4712,C:\Users\Setekh\Desktop\ISY5002-Project\datasets\raw-2026-week1\4712\20260918T235052Z_4712_2350_5dcc81f6693f.jpg
4712,C:\Users\Setekh\Desktop\ISY5002-Project\datasets\raw-2026-week1\4712\20260919T000052Z_4712_0000_9dded894028d.jpg
4712,C:\Users\Setekh\Desktop\ISY5002-Project\datasets\raw-2026-week1\4712\20260919T001052Z_4712_0010_81987ecb498b.jpg
4712,C:\Users\Setekh\Desktop\ISY5002-Project\datasets\raw-2026-week1\4712\20260919T002033Z_4712_0020_3ee8699be34a.jpg
4712,C:\Users\Setekh\Desktop\ISY5002-Project\datasets\raw-2026-week1\4712\20260919T003033Z_4712_0030_76def264957d.jpg
4712,C:\Users\Setekh\Desktop\ISY5002-Project\datasets\raw-2026-week1\4712\20260919T004054Z_4712_0040_32254750ab4d.jpg
4712,C:\Users\Setekh\Desktop\ISY5002-Project\datasets\raw-2026-week1\4712\20260919T004554Z_4712_0045_9158a0515251.jpg
4712,C:\Users\Setekh\Desktop\ISY5002-Project\datasets\raw-2026-week1\4712\20260919T010054Z_4712_0100_39dcb45b85e6.jpg
4712,C:\Users\Setekh\Desktop\ISY5002-Project\datasets\raw-2026-week1\4712\20260919T010614Z_4712_0106_a40295ade0fb.jpg
4712,C:\Users\Setekh\Desktop\ISY5002-Project\datasets\raw-2026-week1\4712\20260919T011555Z_4712_0115_c73d5fa3e8ce.jpg
4712,C:\Users\Setekh\Desktop\ISY5002-Project\datasets\raw-2026-week1\4712\20260919T012555Z_4712_0125_0a70743b4a9d.jpg
4712,C:\Users\Setekh\Desktop\ISY5002-Project\datasets\raw-2026-week1\4712\20260919T014036Z_4712_0140_84b8c41b4a6f.jpg
4712,C:\Users\Setekh\Desktop\ISY5002-Project\datasets\raw-2026-week1\4712\20260919T015056Z_4712_0150_99f1f1a0f7ee.jpg
4712,C:\Users\Setekh\Desktop\ISY5002-Project\datasets\raw-2026-week1\4712\20260919T020036Z_4712_0200_a60660ec5ba5.jpg
4712,C:\Users\Setekh\Desktop\ISY5002-Project\datasets\raw-2026-week1\4712\20260919T020617Z_4712_0206_f81ad543f4dc.jpg
4712,C:\Users\Setekh\Desktop\ISY5002-Project\datasets\raw-2026-week1\4712\20260919T021557Z_4712_0215_acde5d6dd797.jpg
4712,C:\Users\Setekh\Desktop\ISY5002-Project\datasets\raw-2026-week1\4712\20260919T022557Z_4712_0225_14edc23e9df9.jpg
4712,C:\Users\Setekh\Desktop\ISY5002-Project\datasets\raw-2026-week1\4712\20260919T023538Z_4712_0235_09b273d063ba.jpg
4712,C:\Users\Setekh\Desktop\ISY5002-Project\datasets\raw-2026-week1\4712\20260919T025038Z_4712_0250_d8ce6f8ada05.jpg
4712,C:\Users\Setekh\Desktop\ISY5002-Project\datasets\raw-2026-week1\4712\20260919T025559Z_4712_0255_c32719117444.jpg
4712,C:\Users\Setekh\Desktop\ISY5002-Project\datasets\raw-2026-week1\4712\20260919T030539Z_4712_0305_f38b2c815d72.jpg
4712,C:\Users\Setekh\Desktop\ISY5002-Project\datasets\raw-2026-week1\4712\20260919T031539Z_4712_0315_7fd23477c9a3.jpg
4712,C:\Users\Setekh\Desktop\ISY5002-Project\datasets\raw-2026-week1\4712\20260919T033040Z_4712_0330_eebec7337044.jpg
4712,C:\Users\Setekh\Desktop\ISY5002-Project\datasets\raw-2026-week1\4712\20260919T033600Z_4712_0336_18bb29d28000.jpg
4712,C:\Users\Setekh\Desktop\ISY5002-Project\datasets\raw-2026-week1\4712\20260919T035041Z_4712_0350_4ffa5538e8de.jpg
4712,C:\Users\Setekh\Desktop\ISY5002-Project\datasets\raw-2026-week1\4712\20260919T035541Z_4712_0355_ad71e1a87dc8.jpg
4712,C:\Users\Setekh\Desktop\ISY5002-Project\datasets\raw-2026-week1\4712\20260919T040521Z_4712_0405_7d910c317d13.jpg
4712,C:\Users\Setekh\Desktop\ISY5002-Project\datasets\raw-2026-week1\4712\20260919T042042Z_4712_0420_c9fff2f5729c.jpg
4712,C:\Users\Setekh\Desktop\ISY5002-Project\datasets\raw-2026-week1\4712\20260919T042602Z_4712_0426_f587540a306d.jpg
4712,C:\Users\Setekh\Desktop\ISY5002-Project\datasets\raw-2026-week1\4712\20260919T043602Z_4712_0436_3ca778363307.jpg
4712,C:\Users\Setekh\Desktop\ISY5002-Project\datasets\raw-2026-week1\4712\20260919T044543Z_4712_0445_e147738ba7d2.jpg
4712,C:\Users\Setekh\Desktop\ISY5002-Project\datasets\raw-2026-week1\4712\20260919T045543Z_4712_0455_0d3eac3194e1.jpg
4712,C:\Users\Setekh\Desktop\ISY5002-Project\datasets\raw-2026-week1\4712\20260919T050543Z_4712_0505_38ea8096f694.jpg
4712,C:\Users\Setekh\Desktop\ISY5002-Project\datasets\raw-2026-week1\4712\20260919T052044Z_4712_0520_55b46e11dde2.jpg
4712,C:\Users\Setekh\Desktop\ISY5002-Project\datasets\raw-2026-week1\4712\20260919T053044Z_4712_0530_7034ccdf8ed5.jpg
4712,C:\Users\Setekh\Desktop\ISY5002-Project\datasets\raw-2026-week1\4712\20260919T054045Z_4712_0540_cf9d3682f92b.jpg
4712,C:\Users\Setekh\Desktop\ISY5002-Project\datasets\raw-2026-week1\4712\20260919T054545Z_4712_0545_52b14bf0668b.jpg
4712,C:\Users\Setekh\Desktop\ISY5002-Project\datasets\raw-2026-week1\4712\20260919T055545Z_4712_0555_5654f4d67a3f.jpg
4712,C:\Users\Setekh\Desktop\ISY5002-Project\datasets\raw-2026-week1\4712\20260919T061046Z_4712_0610_684441e0440c.jpg
4712,C:\Users\Setekh\Desktop\ISY5002-Project\datasets\raw-2026-week1\4712\20260919T062046Z_4712_0620_020d6585c0a7.jpg
4712,C:\Users\Setekh\Desktop\ISY5002-Project\datasets\raw-2026-week1\4712\20260919T062546Z_4712_0625_1c679de1985f.jpg
4712,C:\Users\Setekh\Desktop\ISY5002-Project\datasets\raw-2026-week1\4712\20260919T063527Z_4712_0635_7ae5e3694b16.jpg
4712,C:\Users\Setekh\Desktop\ISY5002-Project\datasets\raw-2026-week1\4712\20260919T065047Z_4712_0650_e1a68602ce6d.jpg
4712,C:\Users\Setekh\Desktop\ISY5002-Project\datasets\raw-2026-week1\4712\20260919T070048Z_4712_0700_cab2ef4b53a4.jpg
4712,C:\Users\Setekh\Desktop\ISY5002-Project\datasets\raw-2026-week1\4712\20260919T071048Z_4712_0710_360073806038.jpg
4712,C:\Users\Setekh\Desktop\ISY5002-Project\datasets\raw-2026-week1\4712\20260919T072048Z_4712_0720_ae8a9ff66329.jpg
4712,C:\Users\Setekh\Desktop\ISY5002-Project\datasets\raw-2026-week1\4712\20260919T073029Z_4712_0730_06c674f7acf2.jpg
4712,C:\Users\Setekh\Desktop\ISY5002-Project\datasets\raw-2026-week1\4712\20260919T074049Z_4712_0740_6e59dd7a8fbe.jpg
4712,C:\Users\Setekh\Desktop\ISY5002-Project\datasets\raw-2026-week1\4712\20260919T075049Z_4712_0750_f41b6619e0f9.jpg
4712,C:\Users\Setekh\Desktop\ISY5002-Project\datasets\raw-2026-week1\4712\20260919T080030Z_4712_0800_5c5aa554b5b6.jpg
4712,C:\Users\Setekh\Desktop\ISY5002-Project\datasets\raw-2026-week1\4712\20260919T080530Z_4712_0805_2f7c97b9bb76.jpg
4712,C:\Users\Setekh\Desktop\ISY5002-Project\datasets\raw-2026-week1\4712\20260919T081550Z_4712_0815_f8e9537356d4.jpg
4712,C:\Users\Setekh\Desktop\ISY5002-Project\datasets\raw-2026-week1\4712\20260919T083031Z_4712_0830_2a52e7327d04.jpg
4712,C:\Users\Setekh\Desktop\ISY5002-Project\datasets\raw-2026-week1\4712\20260919T084051Z_4712_0840_667108d765c8.jpg
4712,C:\Users\Setekh\Desktop\ISY5002-Project\datasets\raw-2026-week1\4712\20260919T085032Z_4712_0850_12f467a1d02d.jpg
4712,C:\Users\Setekh\Desktop\ISY5002-Project\datasets\raw-2026-week1\4712\20260919T090032Z_4712_0900_a4a73ba4eab3.jpg
4712,C:\Users\Setekh\Desktop\ISY5002-Project\datasets\raw-2026-week1\4712\20260919T091052Z_4712_0910_fb669805c915.jpg
4712,C:\Users\Setekh\Desktop\ISY5002-Project\datasets\raw-2026-week1\4712\20260919T092033Z_4712_0920_355bec6063e2.jpg
4712,C:\Users\Setekh\Desktop\ISY5002-Project\datasets\raw-2026-week1\4712\20260919T093033Z_4712_0930_0c82eff64d98.jpg
4712,C:\Users\Setekh\Desktop\ISY5002-Project\datasets\raw-2026-week1\4712\20260919T093553Z_4712_0935_9c7d6a8fe424.jpg
4712,C:\Users\Setekh\Desktop\ISY5002-Project\datasets\raw-2026-week1\4712\20260919T095054Z_4712_0950_f72ff29c0314.jpg
4712,C:\Users\Setekh\Desktop\ISY5002-Project\datasets\raw-2026-week1\4712\20260919T100054Z_4712_1000_24518877d23b.jpg
4712,C:\Users\Setekh\Desktop\ISY5002-Project\datasets\raw-2026-week1\4712\20260919T101035Z_4712_1010_86f87bb9e8b1.jpg
4712,C:\Users\Setekh\Desktop\ISY5002-Project\datasets\raw-2026-week1\4712\20260919T102035Z_4712_1020_3930876f1f5b.jpg
4712,C:\Users\Setekh\Desktop\ISY5002-Project\datasets\raw-2026-week1\4712\20260919T103035Z_4712_1030_1f3cf4730fbe.jpg
4712,C:\Users\Setekh\Desktop\ISY5002-Project\datasets\raw-2026-week1\4712\20260919T104036Z_4712_1040_98abbb0f06b9.jpg
4712,C:\Users\Setekh\Desktop\ISY5002-Project\datasets\raw-2026-week1\4712\20260919T105056Z_4712_1050_16627326bbc8.jpg
4712,C:\Users\Setekh\Desktop\ISY5002-Project\datasets\raw-2026-week1\4712\20260919T110036Z_4712_1100_4ae2a6b38965.jpg
4712,C:\Users\Setekh\Desktop\ISY5002-Project\datasets\raw-2026-week1\4712\20260919T110557Z_4712_1105_1e54363a7e22.jpg
4712,C:\Users\Setekh\Desktop\ISY5002-Project\datasets\raw-2026-week1\4712\20260919T111537Z_4712_1115_ff93efdd908b.jpg
4712,C:\Users\Setekh\Desktop\ISY5002-Project\datasets\raw-2026-week1\4712\20260919T112117Z_4712_1121_18b3d56e8b1a.jpg
4712,C:\Users\Setekh\Desktop\ISY5002-Project\datasets\raw-2026-week1\4712\20260919T113038Z_4712_1130_0450e7167ecd.jpg
4712,C:\Users\Setekh\Desktop\ISY5002-Project\datasets\raw-2026-week1\4712\20260919T113538Z_4712_1135_62f8b9f244d2.jpg
4712,C:\Users\Setekh\Desktop\ISY5002-Project\datasets\raw-2026-week1\4712\20260919T115038Z_4712_1150_e31707e6cb3d.jpg
4712,C:\Users\Setekh\Desktop\ISY5002-Project\datasets\raw-2026-week1\4712\20260919T115619Z_4712_1156_fcdd87881c0f.jpg
4712,C:\Users\Setekh\Desktop\ISY5002-Project\datasets\raw-2026-week1\4712\20260919T120559Z_4712_1205_d6a4d2dd5a58.jpg
4712,C:\Users\Setekh\Desktop\ISY5002-Project\datasets\raw-2026-week1\4712\20260919T121559Z_4712_1215_3045f671c2f6.jpg
4712,C:\Users\Setekh\Desktop\ISY5002-Project\datasets\raw-2026-week1\4712\20260919T123040Z_4712_1230_04c2ae73f152.jpg
4712,C:\Users\Setekh\Desktop\ISY5002-Project\datasets\raw-2026-week1\4712\20260919T124040Z_4712_1240_3401a52e4ab6.jpg
4712,C:\Users\Setekh\Desktop\ISY5002-Project\datasets\raw-2026-week1\4712\20260919T124541Z_4712_1245_298174414e09.jpg
4712,C:\Users\Setekh\Desktop\ISY5002-Project\datasets\raw-2026-week1\4712\20260919T130041Z_4712_1300_fc4ffc3b7fcc.jpg
4712,C:\Users\Setekh\Desktop\ISY5002-Project\datasets\raw-2026-week1\4712\20260919T131041Z_4712_1310_0fd13a2ed644.jpg
4712,C:\Users\Setekh\Desktop\ISY5002-Project\datasets\raw-2026-week1\4712\20260919T131542Z_4712_1315_5512056f77e1.jpg
4712,C:\Users\Setekh\Desktop\ISY5002-Project\datasets\raw-2026-week1\4712\20260919T133542Z_4712_1335_d45545430f0e.jpg
4712,C:\Users\Setekh\Desktop\ISY5002-Project\datasets\raw-2026-week1\4712\20260919T135043Z_4712_1350_cee45fabf924.jpg
4712,C:\Users\Setekh\Desktop\ISY5002-Project\datasets\raw-2026-week1\4712\20260919T135603Z_4712_1356_14479e86127d.jpg
4712,C:\Users\Setekh\Desktop\ISY5002-Project\datasets\raw-2026-week1\4712\20260919T141043Z_4712_1410_6006bdfb73bb.jpg
4712,C:\Users\Setekh\Desktop\ISY5002-Project\datasets\raw-2026-week1\4712\20260919T142024Z_4712_1420_bc903e3eba23.jpg
4712,C:\Users\Setekh\Desktop\ISY5002-Project\datasets\raw-2026-week1\4712\20260919T142524Z_4712_1425_c02bf0648638.jpg
4712,C:\Users\Setekh\Desktop\ISY5002-Project\datasets\raw-2026-week1\4712\20260919T144045Z_4712_1440_6160d54c6169.jpg
4712,C:\Users\Setekh\Desktop\ISY5002-Project\datasets\raw-2026-week1\4712\20260919T145045Z_4712_1450_84f455a19a5b.jpg
4712,C:\Users\Setekh\Desktop\ISY5002-Project\datasets\raw-2026-week1\4712\20260919T145605Z_4712_1456_2f553e8979ab.jpg
4712,C:\Users\Setekh\Desktop\ISY5002-Project\datasets\raw-2026-week1\4712\20260919T151026Z_4712_1510_86e15f47711c.jpg
4712,C:\Users\Setekh\Desktop\ISY5002-Project\datasets\raw-2026-week1\4712\20260919T152046Z_4712_1520_a17615a2bee4.jpg
4712,C:\Users\Setekh\Desktop\ISY5002-Project\datasets\raw-2026-week1\4712\20260919T153046Z_4712_1530_bdf378befa98.jpg
4712,C:\Users\Setekh\Desktop\ISY5002-Project\datasets\raw-2026-week1\4712\20260919T154027Z_4712_1540_fba4e974503f.jpg
4712,C:\Users\Setekh\Desktop\ISY5002-Project\datasets\raw-2026-week1\4712\20260919T155047Z_4712_1550_f31c71811017.jpg
4712,C:\Users\Setekh\Desktop\ISY5002-Project\datasets\raw-2026-week1\4712\20260919T160028Z_4712_1600_08600d7b9f23.jpg
4712,C:\Users\Setekh\Desktop\ISY5002-Project\datasets\raw-2026-week1\4712\20260919T161028Z_4712_1610_978beb096596.jpg
4712,C:\Users\Setekh\Desktop\ISY5002-Project\datasets\raw-2026-week1\4712\20260919T162028Z_4712_1620_cd209c4421f8.jpg
4712,C:\Users\Setekh\Desktop\ISY5002-Project\datasets\raw-2026-week1\4712\20260919T162548Z_4712_1625_4c6ebff51508.jpg
4712,C:\Users\Setekh\Desktop\ISY5002-Project\datasets\raw-2026-week1\4712\20260919T164049Z_4712_1640_6f61d3c6774d.jpg
4712,C:\Users\Setekh\Desktop\ISY5002-Project\datasets\raw-2026-week1\4712\20260919T165029Z_4712_1650_3bd76f008e4f.jpg
4712,C:\Users\Setekh\Desktop\ISY5002-Project\datasets\raw-2026-week1\4712\20260919T170030Z_4712_1700_88b7516ae4a3.jpg
4712,C:\Users\Setekh\Desktop\ISY5002-Project\datasets\raw-2026-week1\4712\20260919T173051Z_4712_1730_f070d75530c6.jpg
4712,C:\Users\Setekh\Desktop\ISY5002-Project\datasets\raw-2026-week1\4712\20260919T174031Z_4712_1740_d0c0c115202c.jpg
4712,C:\Users\Setekh\Desktop\ISY5002-Project\datasets\raw-2026-week1\4712\20260919T174532Z_4712_1745_ca20820a7028.jpg
4712,C:\Users\Setekh\Desktop\ISY5002-Project\datasets\raw-2026-week1\4712\20260919T180032Z_4712_1800_90b47b5c9a41.jpg
4712,C:\Users\Setekh\Desktop\ISY5002-Project\datasets\raw-2026-week1\4712\20260919T181032Z_4712_1810_ca837b7c8126.jpg
4712,C:\Users\Setekh\Desktop\ISY5002-Project\datasets\raw-2026-week1\4712\20260919T182033Z_4712_1820_e5658eb981b4.jpg
4712,C:\Users\Setekh\Desktop\ISY5002-Project\datasets\raw-2026-week1\4712\20260919T183033Z_4712_1830_0b5fbab46e59.jpg
4712,C:\Users\Setekh\Desktop\ISY5002-Project\datasets\raw-2026-week1\4712\20260919T184034Z_4712_1840_23f690d40ae2.jpg
4712,C:\Users\Setekh\Desktop\ISY5002-Project\datasets\raw-2026-week1\4712\20260919T192035Z_4712_1920_1a2e234b49c7.jpg
4712,C:\Users\Setekh\Desktop\ISY5002-Project\datasets\raw-2026-week1\4712\20260919T193035Z_4712_1930_8fc0914ac7ad.jpg
4712,C:\Users\Setekh\Desktop\ISY5002-Project\datasets\raw-2026-week1\4712\20260919T195036Z_4712_1950_fea088ae7970.jpg
4712,C:\Users\Setekh\Desktop\ISY5002-Project\datasets\raw-2026-week1\4712\20260919T200057Z_4712_2000_bb068ffb7a2f.jpg
4712,C:\Users\Setekh\Desktop\ISY5002-Project\datasets\raw-2026-week1\4712\20260919T200557Z_4712_2005_acfd444e7297.jpg
4712,C:\Users\Setekh\Desktop\ISY5002-Project\datasets\raw-2026-week1\4712\20260919T201537Z_4712_2015_81f856b89c62.jpg
4712,C:\Users\Setekh\Desktop\ISY5002-Project\datasets\raw-2026-week1\4712\20260919T203038Z_4712_2030_935187c037ef.jpg
4712,C:\Users\Setekh\Desktop\ISY5002-Project\datasets\raw-2026-week1\4712\20260919T204038Z_4712_2040_3a82a87e3688.jpg
4712,C:\Users\Setekh\Desktop\ISY5002-Project\datasets\raw-2026-week1\4712\20260919T205038Z_4712_2050_6820819b566d.jpg
4712,C:\Users\Setekh\Desktop\ISY5002-Project\datasets\raw-2026-week1\4712\20260919T205539Z_4712_2055_719f11492cff.jpg
4712,C:\Users\Setekh\Desktop\ISY5002-Project\datasets\raw-2026-week1\4712\20260919T211039Z_4712_2110_669a6cec5b1a.jpg
4712,C:\Users\Setekh\Desktop\ISY5002-Project\datasets\raw-2026-week1\4712\20260919T211539Z_4712_2115_9fec23add2ff.jpg
4712,C:\Users\Setekh\Desktop\ISY5002-Project\datasets\raw-2026-week1\4712\20260919T213040Z_4712_2130_af5763d63c8b.jpg
4712,C:\Users\Setekh\Desktop\ISY5002-Project\datasets\raw-2026-week1\4712\20260919T214040Z_4712_2140_80184e62ddb5.jpg
4712,C:\Users\Setekh\Desktop\ISY5002-Project\datasets\raw-2026-week1\4712\20260919T215041Z_4712_2150_a80587d2453c.jpg
4712,C:\Users\Setekh\Desktop\ISY5002-Project\datasets\raw-2026-week1\4712\20260919T220041Z_4712_2200_7900fbbf46f0.jpg
4712,C:\Users\Setekh\Desktop\ISY5002-Project\datasets\raw-2026-week1\4712\20260919T220601Z_4712_2206_95056bda0eaf.jpg
4712,C:\Users\Setekh\Desktop\ISY5002-Project\datasets\raw-2026-week1\4712\20260919T222042Z_4712_2220_7dcdbbec2ab5.jpg
4712,C:\Users\Setekh\Desktop\ISY5002-Project\datasets\raw-2026-week1\4712\20260919T222542Z_4712_2225_96a55e714e9c.jpg
4712,C:\Users\Setekh\Desktop\ISY5002-Project\datasets\raw-2026-week1\4712\20260919T224043Z_4712_2240_706f05c71ab7.jpg
4712,C:\Users\Setekh\Desktop\ISY5002-Project\datasets\raw-2026-week1\4712\20260919T225043Z_4712_2250_874868e8016a.jpg
4712,C:\Users\Setekh\Desktop\ISY5002-Project\datasets\raw-2026-week1\4712\20260919T231044Z_4712_2310_bb88e43988bb.jpg
4712,C:\Users\Setekh\Desktop\ISY5002-Project\datasets\raw-2026-week1\4712\20260919T231544Z_4712_2315_f16429eb7821.jpg
4712,C:\Users\Setekh\Desktop\ISY5002-Project\datasets\raw-2026-week1\4712\20260919T233024Z_4712_2330_bbb350d657eb.jpg
4712,C:\Users\Setekh\Desktop\ISY5002-Project\datasets\raw-2026-week1\4712\20260919T234045Z_4712_2340_b1085a5a6096.jpg
4712,C:\Users\Setekh\Desktop\ISY5002-Project\datasets\raw-2026-week1\4712\20260919T235045Z_4712_2350_adcb7368b568.jpg
4712,C:\Users\Setekh\Desktop\ISY5002-Project\datasets\raw-2026-week1\4712\20260920T000046Z_4712_0000_0c682a87743d.jpg
4712,C:\Users\Setekh\Desktop\ISY5002-Project\datasets\raw-2026-week1\4712\20260920T001046Z_4712_0010_47099653708b.jpg
4712,C:\Users\Setekh\Desktop\ISY5002-Project\datasets\raw-2026-week1\4712\20260920T002046Z_4712_0020_69ef8055dd2b.jpg
4712,C:\Users\Setekh\Desktop\ISY5002-Project\datasets\raw-2026-week1\4712\20260920T003027Z_4712_0030_d40f6cc32b40.jpg
4712,C:\Users\Setekh\Desktop\ISY5002-Project\datasets\raw-2026-week1\4712\20260920T004027Z_4712_0040_f7e843a9a078.jpg
4712,C:\Users\Setekh\Desktop\ISY5002-Project\datasets\raw-2026-week1\4712\20260920T011548Z_4712_0115_9896f784c01a.jpg
4712,C:\Users\Setekh\Desktop\ISY5002-Project\datasets\raw-2026-week1\4712\20260920T013029Z_4712_0130_949fd7e474ef.jpg
4712,C:\Users\Setekh\Desktop\ISY5002-Project\datasets\raw-2026-week1\4712\20260920T014049Z_4712_0140_5e1eef9365f4.jpg
4712,C:\Users\Setekh\Desktop\ISY5002-Project\datasets\raw-2026-week1\4712\20260920T015030Z_4712_0150_79bdf578048d.jpg
4712,C:\Users\Setekh\Desktop\ISY5002-Project\datasets\raw-2026-week1\4712\20260920T020030Z_4712_0200_7971291e7824.jpg
4712,C:\Users\Setekh\Desktop\ISY5002-Project\datasets\raw-2026-week1\4712\20260920T021051Z_4712_0210_d52598ffd949.jpg
4712,C:\Users\Setekh\Desktop\ISY5002-Project\datasets\raw-2026-week1\4712\20260920T021531Z_4712_0215_c345f726413b.jpg
4712,C:\Users\Setekh\Desktop\ISY5002-Project\datasets\raw-2026-week1\4712\20260920T023031Z_4712_0230_82dbfdae8400.jpg
4712,C:\Users\Setekh\Desktop\ISY5002-Project\datasets\raw-2026-week1\4712\20260920T024031Z_4712_0240_f6d3fb713605.jpg
4712,C:\Users\Setekh\Desktop\ISY5002-Project\datasets\raw-2026-week1\4712\20260920T025032Z_4712_0250_316ae3a77539.jpg
4712,C:\Users\Setekh\Desktop\ISY5002-Project\datasets\raw-2026-week1\4712\20260920T030052Z_4712_0300_b71debc761aa.jpg
4712,C:\Users\Setekh\Desktop\ISY5002-Project\datasets\raw-2026-week1\4712\20260920T031033Z_4712_0310_b8cb2b4d17a1.jpg
4712,C:\Users\Setekh\Desktop\ISY5002-Project\datasets\raw-2026-week1\4712\20260920T032033Z_4712_0320_cfd402d05ba7.jpg
4712,C:\Users\Setekh\Desktop\ISY5002-Project\datasets\raw-2026-week1\4712\20260920T033033Z_4712_0330_8ba6b4901bd5.jpg
4712,C:\Users\Setekh\Desktop\ISY5002-Project\datasets\raw-2026-week1\4712\20260920T034054Z_4712_0340_aa9217495211.jpg
4712,C:\Users\Setekh\Desktop\ISY5002-Project\datasets\raw-2026-week1\4712\20260920T035034Z_4712_0350_88f1a81a139e.jpg
4712,C:\Users\Setekh\Desktop\ISY5002-Project\datasets\raw-2026-week1\4712\20260920T040034Z_4712_0400_1ada300abf22.jpg
4712,C:\Users\Setekh\Desktop\ISY5002-Project\datasets\raw-2026-week1\4712\20260920T041055Z_4712_0410_a0c1297540b0.jpg
4712,C:\Users\Setekh\Desktop\ISY5002-Project\datasets\raw-2026-week1\4712\20260920T042035Z_4712_0420_cec99f424b8d.jpg
4712,C:\Users\Setekh\Desktop\ISY5002-Project\datasets\raw-2026-week1\4712\20260920T043036Z_4712_0430_3e6a0bd149ff.jpg
4712,C:\Users\Setekh\Desktop\ISY5002-Project\datasets\raw-2026-week1\4712\20260920T043556Z_4712_0435_454f5caf881a.jpg
4712,C:\Users\Setekh\Desktop\ISY5002-Project\datasets\raw-2026-week1\4712\20260920T045036Z_4712_0450_8f70d665096e.jpg
4712,C:\Users\Setekh\Desktop\ISY5002-Project\datasets\raw-2026-week1\4712\20260920T045536Z_4712_0455_190bb03396ca.jpg
4712,C:\Users\Setekh\Desktop\ISY5002-Project\datasets\raw-2026-week1\4712\20260920T050557Z_4712_0505_d76fc4ebb8ad.jpg
4712,C:\Users\Setekh\Desktop\ISY5002-Project\datasets\raw-2026-week1\4712\20260920T052037Z_4712_0520_e9d7506779f1.jpg
4712,C:\Users\Setekh\Desktop\ISY5002-Project\datasets\raw-2026-week1\4712\20260920T053038Z_4712_0530_5f1fc992309b.jpg
4712,C:\Users\Setekh\Desktop\ISY5002-Project\datasets\raw-2026-week1\4712\20260920T053558Z_4712_0535_c3b5ac426e5e.jpg
4712,C:\Users\Setekh\Desktop\ISY5002-Project\datasets\raw-2026-week1\4712\20260920T054558Z_4712_0545_c0c51f099a46.jpg
4712,C:\Users\Setekh\Desktop\ISY5002-Project\datasets\raw-2026-week1\4712\20260920T060019Z_4712_0600_2daf4655a415.jpg
4712,C:\Users\Setekh\Desktop\ISY5002-Project\datasets\raw-2026-week1\4712\20260920T060559Z_4712_0605_e1d7e44344d0.jpg
4712,C:\Users\Setekh\Desktop\ISY5002-Project\datasets\raw-2026-week1\4712\20260920T061539Z_4712_0615_c5bfc5ccff10.jpg
4712,C:\Users\Setekh\Desktop\ISY5002-Project\datasets\raw-2026-week1\4712\20260920T063040Z_4712_0630_60b781a3db5d.jpg
4712,C:\Users\Setekh\Desktop\ISY5002-Project\datasets\raw-2026-week1\4712\20260920T064040Z_4712_0640_44b619e4a15b.jpg
4712,C:\Users\Setekh\Desktop\ISY5002-Project\datasets\raw-2026-week1\4712\20260920T065041Z_4712_0650_753feb7ddf0d.jpg
4712,C:\Users\Setekh\Desktop\ISY5002-Project\datasets\raw-2026-week1\4712\20260920T070021Z_4712_0700_f04a3d178edd.jpg
4712,C:\Users\Setekh\Desktop\ISY5002-Project\datasets\raw-2026-week1\4712\20260920T070601Z_4712_0706_6ca52f166122.jpg
4712,C:\Users\Setekh\Desktop\ISY5002-Project\datasets\raw-2026-week1\4712\20260920T071602Z_4712_0716_8c46a099608e.jpg
4712,C:\Users\Setekh\Desktop\ISY5002-Project\datasets\raw-2026-week1\4712\20260920T073042Z_4712_0730_78499aa7ce01.jpg
4712,C:\Users\Setekh\Desktop\ISY5002-Project\datasets\raw-2026-week1\4712\20260920T074042Z_4712_0740_f3fd55aa1c84.jpg
4712,C:\Users\Setekh\Desktop\ISY5002-Project\datasets\raw-2026-week1\4712\20260920T075023Z_4712_0750_562e792ba694.jpg
4712,C:\Users\Setekh\Desktop\ISY5002-Project\datasets\raw-2026-week1\4712\20260920T080043Z_4712_0800_c12b44ddd436.jpg
4712,C:\Users\Setekh\Desktop\ISY5002-Project\datasets\raw-2026-week1\4712\20260920T081044Z_4712_0810_840a6e0aa208.jpg
4712,C:\Users\Setekh\Desktop\ISY5002-Project\datasets\raw-2026-week1\4712\20260920T082044Z_4712_0820_3888259ad935.jpg
4712,C:\Users\Setekh\Desktop\ISY5002-Project\datasets\raw-2026-week1\4712\20260920T083044Z_4712_0830_51e9ab8344d6.jpg
4712,C:\Users\Setekh\Desktop\ISY5002-Project\datasets\raw-2026-week1\4712\20260920T084045Z_4712_0840_7c003a548350.jpg
4712,C:\Users\Setekh\Desktop\ISY5002-Project\datasets\raw-2026-week1\4712\20260920T085045Z_4712_0850_af6754773f58.jpg
4712,C:\Users\Setekh\Desktop\ISY5002-Project\datasets\raw-2026-week1\4712\20260920T090045Z_4712_0900_b5bf2cc1b55d.jpg
4712,C:\Users\Setekh\Desktop\ISY5002-Project\datasets\raw-2026-week1\4712\20260920T091046Z_4712_0910_217ee7ba8ba4.jpg
4712,C:\Users\Setekh\Desktop\ISY5002-Project\datasets\raw-2026-week1\4712\20260920T092046Z_4712_0920_43a238cd0379.jpg
4712,C:\Users\Setekh\Desktop\ISY5002-Project\datasets\raw-2026-week1\4712\20260920T093027Z_4712_0930_beb9e982627a.jpg
4712,C:\Users\Setekh\Desktop\ISY5002-Project\datasets\raw-2026-week1\4712\20260920T094027Z_4712_0940_41ebf3984a4d.jpg
4712,C:\Users\Setekh\Desktop\ISY5002-Project\datasets\raw-2026-week1\4712\20260920T095027Z_4712_0950_41fdecc83013.jpg
4712,C:\Users\Setekh\Desktop\ISY5002-Project\datasets\raw-2026-week1\4712\20260920T100028Z_4712_1000_66c7114cb5ac.jpg
4712,C:\Users\Setekh\Desktop\ISY5002-Project\datasets\raw-2026-week1\4712\20260920T101028Z_4712_1010_cbd00fff3a52.jpg
4712,C:\Users\Setekh\Desktop\ISY5002-Project\datasets\raw-2026-week1\4712\20260920T102048Z_4712_1020_c9a1b200a784.jpg
4712,C:\Users\Setekh\Desktop\ISY5002-Project\datasets\raw-2026-week1\4712\20260920T103029Z_4712_1030_0576c91181e7.jpg
4712,C:\Users\Setekh\Desktop\ISY5002-Project\datasets\raw-2026-week1\4712\20260920T104029Z_4712_1040_67a3d4c65b26.jpg
4712,C:\Users\Setekh\Desktop\ISY5002-Project\datasets\raw-2026-week1\4712\20260920T105029Z_4712_1050_77624844edf5.jpg
4712,C:\Users\Setekh\Desktop\ISY5002-Project\datasets\raw-2026-week1\4712\20260920T110030Z_4712_1100_351744f49364.jpg
4712,C:\Users\Setekh\Desktop\ISY5002-Project\datasets\raw-2026-week1\4712\20260920T111030Z_4712_1110_3471776ce6e0.jpg
4712,C:\Users\Setekh\Desktop\ISY5002-Project\datasets\raw-2026-week1\4712\20260920T112031Z_4712_1120_9a6413d89958.jpg
4712,C:\Users\Setekh\Desktop\ISY5002-Project\datasets\raw-2026-week1\4712\20260920T113051Z_4712_1130_713ab795e6fe.jpg
4712,C:\Users\Setekh\Desktop\ISY5002-Project\datasets\raw-2026-week1\4712\20260920T114031Z_4712_1140_abbbd34d5037.jpg
4712,C:\Users\Setekh\Desktop\ISY5002-Project\datasets\raw-2026-week1\4712\20260920T115052Z_4712_1150_75fc8637a1c7.jpg
4712,C:\Users\Setekh\Desktop\ISY5002-Project\datasets\raw-2026-week1\4712\20260920T120052Z_4712_1200_32c79fde2eda.jpg
4712,C:\Users\Setekh\Desktop\ISY5002-Project\datasets\raw-2026-week1\4712\20260920T123053Z_4712_1230_c9ac950f247d.jpg
4712,C:\Users\Setekh\Desktop\ISY5002-Project\datasets\raw-2026-week1\4712\20260920T124034Z_4712_1240_d768bacbe3bb.jpg
4712,C:\Users\Setekh\Desktop\ISY5002-Project\datasets\raw-2026-week1\4712\20260920T125034Z_4712_1250_705ac18ca491.jpg
4712,C:\Users\Setekh\Desktop\ISY5002-Project\datasets\raw-2026-week1\4712\20260920T130054Z_4712_1300_49a4d1ebb9bb.jpg
4712,C:\Users\Setekh\Desktop\ISY5002-Project\datasets\raw-2026-week1\4712\20260920T130615Z_4712_1306_f389a5455635.jpg
4712,C:\Users\Setekh\Desktop\ISY5002-Project\datasets\raw-2026-week1\4712\20260920T131555Z_4712_1315_a9fc44c221f0.jpg
4712,C:\Users\Setekh\Desktop\ISY5002-Project\datasets\raw-2026-week1\4712\20260920T133055Z_4712_1330_8334c004cc33.jpg
4712,C:\Users\Setekh\Desktop\ISY5002-Project\datasets\raw-2026-week1\4712\20260920T133556Z_4712_1335_0ea7be4b9bd9.jpg
4712,C:\Users\Setekh\Desktop\ISY5002-Project\datasets\raw-2026-week1\4712\20260920T135036Z_4712_1350_6fc031a87cc6.jpg
4712,C:\Users\Setekh\Desktop\ISY5002-Project\datasets\raw-2026-week1\4712\20260920T135556Z_4712_1355_451b8a206695.jpg
4712,C:\Users\Setekh\Desktop\ISY5002-Project\datasets\raw-2026-week1\4712\20260920T140537Z_4712_1405_7f969cc1927b.jpg
4712,C:\Users\Setekh\Desktop\ISY5002-Project\datasets\raw-2026-week1\4712\20260920T142037Z_4712_1420_dd3d56cccfca.jpg
4712,C:\Users\Setekh\Desktop\ISY5002-Project\datasets\raw-2026-week1\4712\20260920T142537Z_4712_1425_4fa7e722ed92.jpg
4712,C:\Users\Setekh\Desktop\ISY5002-Project\datasets\raw-2026-week1\4712\20260920T143538Z_4712_1435_68d62a3c3485.jpg
4712,C:\Users\Setekh\Desktop\ISY5002-Project\datasets\raw-2026-week1\4712\20260920T145018Z_4712_1450_d6ede860f711.jpg
4712,C:\Users\Setekh\Desktop\ISY5002-Project\datasets\raw-2026-week1\4712\20260920T145619Z_4712_1456_7cd19f9190e2.jpg
4712,C:\Users\Setekh\Desktop\ISY5002-Project\datasets\raw-2026-week1\4712\20260920T150559Z_4712_1505_8ff01a4d8f80.jpg
4712,C:\Users\Setekh\Desktop\ISY5002-Project\datasets\raw-2026-week1\4712\20260920T152039Z_4712_1520_3616967de9de.jpg
4712,C:\Users\Setekh\Desktop\ISY5002-Project\datasets\raw-2026-week1\4712\20260920T152600Z_4712_1526_4ef76dfd170c.jpg
4712,C:\Users\Setekh\Desktop\ISY5002-Project\datasets\raw-2026-week1\4712\20260920T154040Z_4712_1540_aaa2f6dab39d.jpg
4713,C:\Users\Setekh\Desktop\ISY5002-Project\datasets\raw-2026-week1\4713\20260913T124023Z_4713_1240_718511efdca3.jpg
4713,C:\Users\Setekh\Desktop\ISY5002-Project\datasets\raw-2026-week1\4713\20260913T164052Z_4713_1640_0f8f8f391ec1.jpg
4713,C:\Users\Setekh\Desktop\ISY5002-Project\datasets\raw-2026-week1\4713\20260913T165033Z_4713_1650_abe323aead57.jpg
4713,C:\Users\Setekh\Desktop\ISY5002-Project\datasets\raw-2026-week1\4713\20260913T165553Z_4713_1655_f862cd3741df.jpg
4713,C:\Users\Setekh\Desktop\ISY5002-Project\datasets\raw-2026-week1\4713\20260913T170053Z_4713_1700_54e8f460530a.jpg
4713,C:\Users\Setekh\Desktop\ISY5002-Project\datasets\raw-2026-week1\4713\20260913T171053Z_4713_1710_910828343f32.jpg
4713,C:\Users\Setekh\Desktop\ISY5002-Project\datasets\raw-2026-week1\4713\20260913T172054Z_4713_1720_d157c3464c38.jpg
4713,C:\Users\Setekh\Desktop\ISY5002-Project\datasets\raw-2026-week1\4713\20260913T172554Z_4713_1725_076f79663429.jpg
4713,C:\Users\Setekh\Desktop\ISY5002-Project\datasets\raw-2026-week1\4713\20260913T173034Z_4713_1730_01b6e2b0a99e.jpg
4713,C:\Users\Setekh\Desktop\ISY5002-Project\datasets\raw-2026-week1\4713\20260913T174034Z_4713_1740_8a050991b2c3.jpg
4713,C:\Users\Setekh\Desktop\ISY5002-Project\datasets\raw-2026-week1\4713\20260913T175055Z_4713_1750_bc48b98d7a29.jpg
4713,C:\Users\Setekh\Desktop\ISY5002-Project\datasets\raw-2026-week1\4713\20260913T180055Z_4713_1800_ff7b74e63150.jpg
4713,C:\Users\Setekh\Desktop\ISY5002-Project\datasets\raw-2026-week1\4713\20260913T180535Z_4713_1805_174754783042.jpg
4713,C:\Users\Setekh\Desktop\ISY5002-Project\datasets\raw-2026-week1\4713\20260913T181556Z_4713_1815_ed4907791720.jpg
4713,C:\Users\Setekh\Desktop\ISY5002-Project\datasets\raw-2026-week1\4713\20260913T191038Z_4713_1910_f5b0fc76c910.jpg
4713,C:\Users\Setekh\Desktop\ISY5002-Project\datasets\raw-2026-week1\4713\20260913T192018Z_4713_1920_0e7736a8d881.jpg
4713,C:\Users\Setekh\Desktop\ISY5002-Project\datasets\raw-2026-week1\4713\20260913T212103Z_4713_2121_c28e1f5cb96f.jpg
4713,C:\Users\Setekh\Desktop\ISY5002-Project\datasets\raw-2026-week1\4713\20260913T212603Z_4713_2126_92b9af87b57f.jpg
4713,C:\Users\Setekh\Desktop\ISY5002-Project\datasets\raw-2026-week1\4713\20260913T231547Z_4713_2315_de2fb0222fa2.jpg
4713,C:\Users\Setekh\Desktop\ISY5002-Project\datasets\raw-2026-week1\4713\20260913T232027Z_4713_2320_8d5305ba8c62.jpg
4713,C:\Users\Setekh\Desktop\ISY5002-Project\datasets\raw-2026-week1\4713\20260914T005550Z_4713_0055_c365ed76c8b2.jpg
4713,C:\Users\Setekh\Desktop\ISY5002-Project\datasets\raw-2026-week1\4713\20260914T010031Z_4713_0100_adec71217207.jpg
4713,C:\Users\Setekh\Desktop\ISY5002-Project\datasets\raw-2026-week1\4713\20260914T011031Z_4713_0110_d7af61920b5e.jpg
4713,C:\Users\Setekh\Desktop\ISY5002-Project\datasets\raw-2026-week1\4713\20260914T012051Z_4713_0120_906cd70f7939.jpg
4713,C:\Users\Setekh\Desktop\ISY5002-Project\datasets\raw-2026-week1\4713\20260914T013032Z_4713_0130_e718b71524de.jpg
4713,C:\Users\Setekh\Desktop\ISY5002-Project\datasets\raw-2026-week1\4713\20260914T014052Z_4713_0140_36ba36219b6f.jpg
4713,C:\Users\Setekh\Desktop\ISY5002-Project\datasets\raw-2026-week1\4713\20260914T015052Z_4713_0150_82e0f5b0ada5.jpg
4713,C:\Users\Setekh\Desktop\ISY5002-Project\datasets\raw-2026-week1\4713\20260914T020033Z_4713_0200_ecffa43fe988.jpg
4713,C:\Users\Setekh\Desktop\ISY5002-Project\datasets\raw-2026-week1\4713\20260914T021033Z_4713_0210_8f26186329fc.jpg
4713,C:\Users\Setekh\Desktop\ISY5002-Project\datasets\raw-2026-week1\4713\20260914T022053Z_4713_0220_6707b358ed79.jpg
4713,C:\Users\Setekh\Desktop\ISY5002-Project\datasets\raw-2026-week1\4713\20260914T023034Z_4713_0230_ddb9ba9bc038.jpg
4713,C:\Users\Setekh\Desktop\ISY5002-Project\datasets\raw-2026-week1\4713\20260914T024034Z_4713_0240_c3d6c1573eb8.jpg
4713,C:\Users\Setekh\Desktop\ISY5002-Project\datasets\raw-2026-week1\4713\20260914T025055Z_4713_0250_0e31e5eb389e.jpg
4713,C:\Users\Setekh\Desktop\ISY5002-Project\datasets\raw-2026-week1\4713\20260914T030035Z_4713_0300_a04c2a13fda7.jpg
4713,C:\Users\Setekh\Desktop\ISY5002-Project\datasets\raw-2026-week1\4713\20260914T031055Z_4713_0310_d1c2437e3b2c.jpg
4713,C:\Users\Setekh\Desktop\ISY5002-Project\datasets\raw-2026-week1\4713\20260914T033056Z_4713_0330_dc8e0e1cde83.jpg
4713,C:\Users\Setekh\Desktop\ISY5002-Project\datasets\raw-2026-week1\4713\20260914T034056Z_4713_0340_e05419294df1.jpg
4713,C:\Users\Setekh\Desktop\ISY5002-Project\datasets\raw-2026-week1\4713\20260914T034617Z_4713_0346_80e2e6fb03dc.jpg
4713,C:\Users\Setekh\Desktop\ISY5002-Project\datasets\raw-2026-week1\4713\20260914T041558Z_4713_0415_074ce45d3d55.jpg
4713,C:\Users\Setekh\Desktop\ISY5002-Project\datasets\raw-2026-week1\4713\20260914T043018Z_4713_0430_c65f44393237.jpg
4713,C:\Users\Setekh\Desktop\ISY5002-Project\datasets\raw-2026-week1\4713\20260914T043559Z_4713_0435_7c4270a0e735.jpg
4713,C:\Users\Setekh\Desktop\ISY5002-Project\datasets\raw-2026-week1\4713\20260914T045039Z_4713_0450_3a29667c2ef8.jpg
4713,C:\Users\Setekh\Desktop\ISY5002-Project\datasets\raw-2026-week1\4713\20260914T045559Z_4713_0455_e7d690fede25.jpg
4713,C:\Users\Setekh\Desktop\ISY5002-Project\datasets\raw-2026-week1\4713\20260914T051040Z_4713_0510_60be87e48770.jpg
4713,C:\Users\Setekh\Desktop\ISY5002-Project\datasets\raw-2026-week1\4713\20260914T051540Z_4713_0515_5ac47f707a30.jpg
4713,C:\Users\Setekh\Desktop\ISY5002-Project\datasets\raw-2026-week1\4713\20260914T052600Z_4713_0526_44ebfb96243d.jpg
4713,C:\Users\Setekh\Desktop\ISY5002-Project\datasets\raw-2026-week1\4713\20260914T054041Z_4713_0540_5106d64ef2b8.jpg
4713,C:\Users\Setekh\Desktop\ISY5002-Project\datasets\raw-2026-week1\4713\20260914T054601Z_4713_0546_7d81580b24a2.jpg
4713,C:\Users\Setekh\Desktop\ISY5002-Project\datasets\raw-2026-week1\4713\20260914T060042Z_4713_0600_50d4495ee6db.jpg
4713,C:\Users\Setekh\Desktop\ISY5002-Project\datasets\raw-2026-week1\4713\20260914T060542Z_4713_0605_4ce0d86350b3.jpg
4713,C:\Users\Setekh\Desktop\ISY5002-Project\datasets\raw-2026-week1\4713\20260914T061602Z_4713_0616_1bbce467bc26.jpg
4713,C:\Users\Setekh\Desktop\ISY5002-Project\datasets\raw-2026-week1\4713\20260914T063043Z_4713_0630_d3b46bfc3c4a.jpg
4713,C:\Users\Setekh\Desktop\ISY5002-Project\datasets\raw-2026-week1\4713\20260914T063543Z_4713_0635_ea4dfd678612.jpg
4713,C:\Users\Setekh\Desktop\ISY5002-Project\datasets\raw-2026-week1\4713\20260914T064043Z_4713_0640_0e449d54a3b2.jpg
4713,C:\Users\Setekh\Desktop\ISY5002-Project\datasets\raw-2026-week1\4713\20260914T064603Z_4713_0646_b4e04fc9572b.jpg
4713,C:\Users\Setekh\Desktop\ISY5002-Project\datasets\raw-2026-week1\4713\20260914T070024Z_4713_0700_1e512c7a6e61.jpg
4713,C:\Users\Setekh\Desktop\ISY5002-Project\datasets\raw-2026-week1\4713\20260914T071024Z_4713_0710_bda3b24b63d7.jpg
4713,C:\Users\Setekh\Desktop\ISY5002-Project\datasets\raw-2026-week1\4713\20260914T073025Z_4713_0730_56b59dcb71fa.jpg
4713,C:\Users\Setekh\Desktop\ISY5002-Project\datasets\raw-2026-week1\4713\20260914T074045Z_4713_0740_e7de668f1366.jpg
4713,C:\Users\Setekh\Desktop\ISY5002-Project\datasets\raw-2026-week1\4713\20260914T075046Z_4713_0750_45bb65657b34.jpg
4713,C:\Users\Setekh\Desktop\ISY5002-Project\datasets\raw-2026-week1\4713\20260914T080046Z_4713_0800_c4cfac0eba6f.jpg
4713,C:\Users\Setekh\Desktop\ISY5002-Project\datasets\raw-2026-week1\4713\20260914T081046Z_4713_0810_446303f06a92.jpg
4713,C:\Users\Setekh\Desktop\ISY5002-Project\datasets\raw-2026-week1\4713\20260914T081547Z_4713_0815_fd7df695ceef.jpg
4713,C:\Users\Setekh\Desktop\ISY5002-Project\datasets\raw-2026-week1\4713\20260914T083047Z_4713_0830_df6b29f3a534.jpg
4713,C:\Users\Setekh\Desktop\ISY5002-Project\datasets\raw-2026-week1\4713\20260914T084047Z_4713_0840_e96658f9be10.jpg
4713,C:\Users\Setekh\Desktop\ISY5002-Project\datasets\raw-2026-week1\4713\20260914T085028Z_4713_0850_be6464fe93a5.jpg
4713,C:\Users\Setekh\Desktop\ISY5002-Project\datasets\raw-2026-week1\4713\20260914T090048Z_4713_0900_869b7cffb35c.jpg
4713,C:\Users\Setekh\Desktop\ISY5002-Project\datasets\raw-2026-week1\4713\20260914T091049Z_4713_0910_4a967817d32f.jpg
4713,C:\Users\Setekh\Desktop\ISY5002-Project\datasets\raw-2026-week1\4713\20260914T092029Z_4713_0920_2214e9be28d7.jpg
4713,C:\Users\Setekh\Desktop\ISY5002-Project\datasets\raw-2026-week1\4713\20260914T092549Z_4713_0925_4ce523883985.jpg
4713,C:\Users\Setekh\Desktop\ISY5002-Project\datasets\raw-2026-week1\4713\20260914T094030Z_4713_0940_13ad6f7d39ea.jpg
4713,C:\Users\Setekh\Desktop\ISY5002-Project\datasets\raw-2026-week1\4713\20260914T095050Z_4713_0950_7e1ef525954f.jpg
4713,C:\Users\Setekh\Desktop\ISY5002-Project\datasets\raw-2026-week1\4713\20260914T100030Z_4713_1000_a362c4acc0bd.jpg
4713,C:\Users\Setekh\Desktop\ISY5002-Project\datasets\raw-2026-week1\4713\20260914T101051Z_4713_1010_68f6ccdd66e6.jpg
4713,C:\Users\Setekh\Desktop\ISY5002-Project\datasets\raw-2026-week1\4713\20260914T102051Z_4713_1020_bdd40ec6545c.jpg
4713,C:\Users\Setekh\Desktop\ISY5002-Project\datasets\raw-2026-week1\4713\20260914T103052Z_4713_1030_138daa0161a1.jpg
4713,C:\Users\Setekh\Desktop\ISY5002-Project\datasets\raw-2026-week1\4713\20260914T104052Z_4713_1040_8c7f27a064dc.jpg
4713,C:\Users\Setekh\Desktop\ISY5002-Project\datasets\raw-2026-week1\4713\20260914T105032Z_4713_1050_8de3a79412be.jpg
4713,C:\Users\Setekh\Desktop\ISY5002-Project\datasets\raw-2026-week1\4713\20260914T110053Z_4713_1100_d0136fbc3f51.jpg
4713,C:\Users\Setekh\Desktop\ISY5002-Project\datasets\raw-2026-week1\4713\20260914T111053Z_4713_1110_43fac8acc074.jpg
4713,C:\Users\Setekh\Desktop\ISY5002-Project\datasets\raw-2026-week1\4713\20260914T111553Z_4713_1115_6dd7fda4b6c9.jpg
4713,C:\Users\Setekh\Desktop\ISY5002-Project\datasets\raw-2026-week1\4713\20260914T113054Z_4713_1130_0476137b39f0.jpg
4713,C:\Users\Setekh\Desktop\ISY5002-Project\datasets\raw-2026-week1\4713\20260914T114054Z_4713_1140_3c88f8a28273.jpg
4713,C:\Users\Setekh\Desktop\ISY5002-Project\datasets\raw-2026-week1\4713\20260914T115034Z_4713_1150_5a1abf1a2b1e.jpg
4713,C:\Users\Setekh\Desktop\ISY5002-Project\datasets\raw-2026-week1\4713\20260914T120035Z_4713_1200_3fbddc93b67a.jpg
4713,C:\Users\Setekh\Desktop\ISY5002-Project\datasets\raw-2026-week1\4713\20260914T121055Z_4713_1210_78b19c0acb6b.jpg
4713,C:\Users\Setekh\Desktop\ISY5002-Project\datasets\raw-2026-week1\4713\20260914T121555Z_4713_1215_c1da4d9eb841.jpg
4713,C:\Users\Setekh\Desktop\ISY5002-Project\datasets\raw-2026-week1\4713\20260914T123036Z_4713_1230_17c689be0e33.jpg
4713,C:\Users\Setekh\Desktop\ISY5002-Project\datasets\raw-2026-week1\4713\20260914T123556Z_4713_1235_2dfbc8c0de7d.jpg
4713,C:\Users\Setekh\Desktop\ISY5002-Project\datasets\raw-2026-week1\4713\20260914T124557Z_4713_1245_5cdfcb9dd90b.jpg
4713,C:\Users\Setekh\Desktop\ISY5002-Project\datasets\raw-2026-week1\4713\20260914T125557Z_4713_1255_cca23c85a22f.jpg
4713,C:\Users\Setekh\Desktop\ISY5002-Project\datasets\raw-2026-week1\4713\20260914T130557Z_4713_1305_c910e1a09196.jpg
4713,C:\Users\Setekh\Desktop\ISY5002-Project\datasets\raw-2026-week1\4713\20260914T131558Z_4713_1315_92a3bdb6b1cc.jpg
4713,C:\Users\Setekh\Desktop\ISY5002-Project\datasets\raw-2026-week1\4713\20260914T133038Z_4713_1330_1267e3d1d1c2.jpg
4713,C:\Users\Setekh\Desktop\ISY5002-Project\datasets\raw-2026-week1\4713\20260914T133538Z_4713_1335_ec0a4607b4c5.jpg
4713,C:\Users\Setekh\Desktop\ISY5002-Project\datasets\raw-2026-week1\4713\20260914T134559Z_4713_1345_7a76063696bc.jpg
4713,C:\Users\Setekh\Desktop\ISY5002-Project\datasets\raw-2026-week1\4713\20260914T140039Z_4713_1400_790f0f06beea.jpg
4713,C:\Users\Setekh\Desktop\ISY5002-Project\datasets\raw-2026-week1\4713\20260914T141040Z_4713_1410_c3926e71a9e5.jpg
4713,C:\Users\Setekh\Desktop\ISY5002-Project\datasets\raw-2026-week1\4713\20260914T141600Z_4713_1416_f380cf6ed0a8.jpg
4713,C:\Users\Setekh\Desktop\ISY5002-Project\datasets\raw-2026-week1\4713\20260914T143040Z_4713_1430_fcc2e437e98a.jpg
4713,C:\Users\Setekh\Desktop\ISY5002-Project\datasets\raw-2026-week1\4713\20260914T143541Z_4713_1435_69cdc67cbbe6.jpg
4713,C:\Users\Setekh\Desktop\ISY5002-Project\datasets\raw-2026-week1\4713\20260914T144601Z_4713_1446_3bb23e2960fd.jpg
4713,C:\Users\Setekh\Desktop\ISY5002-Project\datasets\raw-2026-week1\4713\20260914T150022Z_4713_1500_0ea6d022c9fc.jpg
4713,C:\Users\Setekh\Desktop\ISY5002-Project\datasets\raw-2026-week1\4713\20260914T151042Z_4713_1510_a32bd037f78d.jpg
4713,C:\Users\Setekh\Desktop\ISY5002-Project\datasets\raw-2026-week1\4713\20260914T151602Z_4713_1516_c79d031cdd12.jpg
4713,C:\Users\Setekh\Desktop\ISY5002-Project\datasets\raw-2026-week1\4713\20260914T153043Z_4713_1530_d09db9ccd1e7.jpg
4713,C:\Users\Setekh\Desktop\ISY5002-Project\datasets\raw-2026-week1\4713\20260914T154043Z_4713_1540_988ccc436501.jpg
4713,C:\Users\Setekh\Desktop\ISY5002-Project\datasets\raw-2026-week1\4713\20260914T155043Z_4713_1550_c41b2f48ef10.jpg
4713,C:\Users\Setekh\Desktop\ISY5002-Project\datasets\raw-2026-week1\4713\20260914T155604Z_4713_1556_cf23967dfff4.jpg
4713,C:\Users\Setekh\Desktop\ISY5002-Project\datasets\raw-2026-week1\4713\20260914T161044Z_4713_1610_f4911238ba12.jpg
4713,C:\Users\Setekh\Desktop\ISY5002-Project\datasets\raw-2026-week1\4713\20260914T161604Z_4713_1616_9c80b6a21f49.jpg
4713,C:\Users\Setekh\Desktop\ISY5002-Project\datasets\raw-2026-week1\4713\20260914T162545Z_4713_1625_a6b428ff2ed8.jpg
4713,C:\Users\Setekh\Desktop\ISY5002-Project\datasets\raw-2026-week1\4713\20260914T163545Z_4713_1635_dca3e81e15ee.jpg
4713,C:\Users\Setekh\Desktop\ISY5002-Project\datasets\raw-2026-week1\4713\20260914T165546Z_4713_1655_a12dc34bc981.jpg
4713,C:\Users\Setekh\Desktop\ISY5002-Project\datasets\raw-2026-week1\4713\20260914T171046Z_4713_1710_77a2788dfe70.jpg
4713,C:\Users\Setekh\Desktop\ISY5002-Project\datasets\raw-2026-week1\4713\20260914T172027Z_4713_1720_0c84bea75454.jpg
4713,C:\Users\Setekh\Desktop\ISY5002-Project\datasets\raw-2026-week1\4713\20260914T172547Z_4713_1725_5a51ef30b64a.jpg
4713,C:\Users\Setekh\Desktop\ISY5002-Project\datasets\raw-2026-week1\4713\20260914T210555Z_4713_2105_62a238070199.jpg
4713,C:\Users\Setekh\Desktop\ISY5002-Project\datasets\raw-2026-week1\4713\20260914T211536Z_4713_2115_bcf4f9f2ba45.jpg
4713,C:\Users\Setekh\Desktop\ISY5002-Project\datasets\raw-2026-week1\4713\20260914T213556Z_4713_2135_81a64143d89b.jpg
4713,C:\Users\Setekh\Desktop\ISY5002-Project\datasets\raw-2026-week1\4713\20260914T214557Z_4713_2145_6eae7b39b841.jpg
4713,C:\Users\Setekh\Desktop\ISY5002-Project\datasets\raw-2026-week1\4713\20260914T224039Z_4713_2240_069bac7200e7.jpg
4713,C:\Users\Setekh\Desktop\ISY5002-Project\datasets\raw-2026-week1\4713\20260914T232600Z_4713_2326_89a4c7e1ceec.jpg
4713,C:\Users\Setekh\Desktop\ISY5002-Project\datasets\raw-2026-week1\4713\20260914T233521Z_4713_2335_c7f88a0ac1bf.jpg
4713,C:\Users\Setekh\Desktop\ISY5002-Project\datasets\raw-2026-week1\4713\20260914T234521Z_4713_2345_856e78a77447.jpg
4713,C:\Users\Setekh\Desktop\ISY5002-Project\datasets\raw-2026-week1\4713\20260915T000042Z_4713_0000_247d65a8e5de.jpg
4713,C:\Users\Setekh\Desktop\ISY5002-Project\datasets\raw-2026-week1\4713\20260915T001042Z_4713_0010_6077259589bc.jpg
4713,C:\Users\Setekh\Desktop\ISY5002-Project\datasets\raw-2026-week1\4713\20260915T002042Z_4713_0020_b971627cec50.jpg
4713,C:\Users\Setekh\Desktop\ISY5002-Project\datasets\raw-2026-week1\4713\20260915T002543Z_4713_0025_fbb4e7ef2bb1.jpg
4713,C:\Users\Setekh\Desktop\ISY5002-Project\datasets\raw-2026-week1\4713\20260915T004043Z_4713_0040_856163aef3e5.jpg
4713,C:\Users\Setekh\Desktop\ISY5002-Project\datasets\raw-2026-week1\4713\20260915T004603Z_4713_0046_014902b8eed9.jpg
4713,C:\Users\Setekh\Desktop\ISY5002-Project\datasets\raw-2026-week1\4713\20260915T010024Z_4713_0100_2ec6b5c25765.jpg
4713,C:\Users\Setekh\Desktop\ISY5002-Project\datasets\raw-2026-week1\4713\20260915T010544Z_4713_0105_fcc5d01588c2.jpg
4713,C:\Users\Setekh\Desktop\ISY5002-Project\datasets\raw-2026-week1\4713\20260915T011544Z_4713_0115_632b90815fc6.jpg
4713,C:\Users\Setekh\Desktop\ISY5002-Project\datasets\raw-2026-week1\4713\20260915T012545Z_4713_0125_c5d98e910ebd.jpg
4713,C:\Users\Setekh\Desktop\ISY5002-Project\datasets\raw-2026-week1\4713\20260915T013545Z_4713_0135_03ff017e4414.jpg
4713,C:\Users\Setekh\Desktop\ISY5002-Project\datasets\raw-2026-week1\4713\20260915T015546Z_4713_0155_7849ac23673e.jpg
4713,C:\Users\Setekh\Desktop\ISY5002-Project\datasets\raw-2026-week1\4713\20260915T021046Z_4713_0210_df81a2b902bb.jpg
4713,C:\Users\Setekh\Desktop\ISY5002-Project\datasets\raw-2026-week1\4713\20260915T023547Z_4713_0235_0fabdf3a9618.jpg
4713,C:\Users\Setekh\Desktop\ISY5002-Project\datasets\raw-2026-week1\4713\20260915T033550Z_4713_0335_a3641ec6b638.jpg
4713,C:\Users\Setekh\Desktop\ISY5002-Project\datasets\raw-2026-week1\4713\20260915T040051Z_4713_0400_d1b4fcd08a96.jpg
4713,C:\Users\Setekh\Desktop\ISY5002-Project\datasets\raw-2026-week1\4713\20260915T041031Z_4713_0410_46c47545c7d3.jpg
4713,C:\Users\Setekh\Desktop\ISY5002-Project\datasets\raw-2026-week1\4713\20260915T042552Z_4713_0425_e07052460ddf.jpg
4713,C:\Users\Setekh\Desktop\ISY5002-Project\datasets\raw-2026-week1\4713\20260915T044532Z_4713_0445_fa0085735782.jpg
4713,C:\Users\Setekh\Desktop\ISY5002-Project\datasets\raw-2026-week1\4713\20260915T050533Z_4713_0505_072296081945.jpg
4713,C:\Users\Setekh\Desktop\ISY5002-Project\datasets\raw-2026-week1\4713\20260915T052534Z_4713_0525_3bdb51c735c7.jpg
4713,C:\Users\Setekh\Desktop\ISY5002-Project\datasets\raw-2026-week1\4713\20260915T054034Z_4713_0540_575558adc1fe.jpg
4713,C:\Users\Setekh\Desktop\ISY5002-Project\datasets\raw-2026-week1\4713\20260915T060055Z_4713_0600_c1c22b441cc4.jpg
4713,C:\Users\Setekh\Desktop\ISY5002-Project\datasets\raw-2026-week1\4713\20260915T060535Z_4713_0605_cbb10e17d38d.jpg
4713,C:\Users\Setekh\Desktop\ISY5002-Project\datasets\raw-2026-week1\4713\20260915T062036Z_4713_0620_e7270a003f60.jpg
4713,C:\Users\Setekh\Desktop\ISY5002-Project\datasets\raw-2026-week1\4713\20260915T063016Z_4713_0630_44cfeb9d917b.jpg
4713,C:\Users\Setekh\Desktop\ISY5002-Project\datasets\raw-2026-week1\4713\20260915T064036Z_4713_0640_336c9adf3dfc.jpg
4713,C:\Users\Setekh\Desktop\ISY5002-Project\datasets\raw-2026-week1\4713\20260915T065057Z_4713_0650_88925d3c38e3.jpg
4713,C:\Users\Setekh\Desktop\ISY5002-Project\datasets\raw-2026-week1\4713\20260915T070057Z_4713_0700_2d741214845f.jpg
4713,C:\Users\Setekh\Desktop\ISY5002-Project\datasets\raw-2026-week1\4713\20260915T071038Z_4713_0710_f6e4d1ae83d2.jpg
4713,C:\Users\Setekh\Desktop\ISY5002-Project\datasets\raw-2026-week1\4713\20260915T072038Z_4713_0720_729cd063d8ea.jpg
4713,C:\Users\Setekh\Desktop\ISY5002-Project\datasets\raw-2026-week1\4713\20260915T072538Z_4713_0725_8ee9da2f1bb6.jpg
4713,C:\Users\Setekh\Desktop\ISY5002-Project\datasets\raw-2026-week1\4713\20260915T073559Z_4713_0735_f078411ee983.jpg
4713,C:\Users\Setekh\Desktop\ISY5002-Project\datasets\raw-2026-week1\4713\20260915T075039Z_4713_0750_fc163a659ffe.jpg
4713,C:\Users\Setekh\Desktop\ISY5002-Project\datasets\raw-2026-week1\4713\20260915T075559Z_4713_0755_7dd8da9c9e76.jpg
4713,C:\Users\Setekh\Desktop\ISY5002-Project\datasets\raw-2026-week1\4713\20260915T081600Z_4713_0816_24040d94aa48.jpg
4713,C:\Users\Setekh\Desktop\ISY5002-Project\datasets\raw-2026-week1\4713\20260915T082600Z_4713_0826_c2249a6f4652.jpg
4713,C:\Users\Setekh\Desktop\ISY5002-Project\datasets\raw-2026-week1\4713\20260915T084041Z_4713_0840_d2c809fad22c.jpg
4713,C:\Users\Setekh\Desktop\ISY5002-Project\datasets\raw-2026-week1\4713\20260915T084541Z_4713_0845_1bfe26716a40.jpg
4713,C:\Users\Setekh\Desktop\ISY5002-Project\datasets\raw-2026-week1\4713\20260915T085541Z_4713_0855_5b03b32fcc17.jpg
4713,C:\Users\Setekh\Desktop\ISY5002-Project\datasets\raw-2026-week1\4713\20260915T091042Z_4713_0910_53f57566093a.jpg
4713,C:\Users\Setekh\Desktop\ISY5002-Project\datasets\raw-2026-week1\4713\20260915T092042Z_4713_0920_542464ec2b06.jpg
4713,C:\Users\Setekh\Desktop\ISY5002-Project\datasets\raw-2026-week1\4713\20260915T092543Z_4713_0925_25135a376248.jpg
4713,C:\Users\Setekh\Desktop\ISY5002-Project\datasets\raw-2026-week1\4713\20260915T094603Z_4713_0946_1d0bfc9c1457.jpg
4713,C:\Users\Setekh\Desktop\ISY5002-Project\datasets\raw-2026-week1\4713\20260915T100544Z_4713_1005_5e643757cb76.jpg
4713,C:\Users\Setekh\Desktop\ISY5002-Project\datasets\raw-2026-week1\4713\20260915T101544Z_4713_1015_5234166e2d02.jpg
4713,C:\Users\Setekh\Desktop\ISY5002-Project\datasets\raw-2026-week1\4713\20260915T103045Z_4713_1030_c30b44458c81.jpg
4713,C:\Users\Setekh\Desktop\ISY5002-Project\datasets\raw-2026-week1\4713\20260915T103545Z_4713_1035_07dddec18e74.jpg
4713,C:\Users\Setekh\Desktop\ISY5002-Project\datasets\raw-2026-week1\4713\20260915T105046Z_4713_1050_18903cc261fc.jpg
4713,C:\Users\Setekh\Desktop\ISY5002-Project\datasets\raw-2026-week1\4713\20260915T105546Z_4713_1055_a1f730f7ab24.jpg
4713,C:\Users\Setekh\Desktop\ISY5002-Project\datasets\raw-2026-week1\4713\20260915T110046Z_4713_1100_f6c9422bf301.jpg
4713,C:\Users\Setekh\Desktop\ISY5002-Project\datasets\raw-2026-week1\4713\20260915T111026Z_4713_1110_fb326d0c0246.jpg
4713,C:\Users\Setekh\Desktop\ISY5002-Project\datasets\raw-2026-week1\4713\20260915T111547Z_4713_1115_43e51daa7d53.jpg
4713,C:\Users\Setekh\Desktop\ISY5002-Project\datasets\raw-2026-week1\4713\20260915T113027Z_4713_1130_9b824f544d12.jpg
4713,C:\Users\Setekh\Desktop\ISY5002-Project\datasets\raw-2026-week1\4713\20260915T114047Z_4713_1140_97be374990b3.jpg
4713,C:\Users\Setekh\Desktop\ISY5002-Project\datasets\raw-2026-week1\4713\20260915T115028Z_4713_1150_0eb392fa25f3.jpg
4713,C:\Users\Setekh\Desktop\ISY5002-Project\datasets\raw-2026-week1\4713\20260915T120028Z_4713_1200_790710508e08.jpg
4713,C:\Users\Setekh\Desktop\ISY5002-Project\datasets\raw-2026-week1\4713\20260915T121049Z_4713_1210_9562583de4a7.jpg
4713,C:\Users\Setekh\Desktop\ISY5002-Project\datasets\raw-2026-week1\4713\20260915T122049Z_4713_1220_9e9dcacdd372.jpg
4713,C:\Users\Setekh\Desktop\ISY5002-Project\datasets\raw-2026-week1\4713\20260915T123049Z_4713_1230_022d8f018eb3.jpg
4713,C:\Users\Setekh\Desktop\ISY5002-Project\datasets\raw-2026-week1\4713\20260915T124030Z_4713_1240_cf91da916ef5.jpg
4713,C:\Users\Setekh\Desktop\ISY5002-Project\datasets\raw-2026-week1\4713\20260915T125030Z_4713_1250_a6615348f02d.jpg
4713,C:\Users\Setekh\Desktop\ISY5002-Project\datasets\raw-2026-week1\4713\20260915T130030Z_4713_1300_73f74866677e.jpg
4713,C:\Users\Setekh\Desktop\ISY5002-Project\datasets\raw-2026-week1\4713\20260915T131031Z_4713_1310_fd74c045f0d0.jpg
4713,C:\Users\Setekh\Desktop\ISY5002-Project\datasets\raw-2026-week1\4713\20260915T132031Z_4713_1320_2dbeb713cca1.jpg
4713,C:\Users\Setekh\Desktop\ISY5002-Project\datasets\raw-2026-week1\4713\20260915T133031Z_4713_1330_3af736191f9b.jpg
4713,C:\Users\Setekh\Desktop\ISY5002-Project\datasets\raw-2026-week1\4713\20260915T134052Z_4713_1340_df98bd285c12.jpg
4713,C:\Users\Setekh\Desktop\ISY5002-Project\datasets\raw-2026-week1\4713\20260915T135052Z_4713_1350_fcdfaf17918a.jpg
4713,C:\Users\Setekh\Desktop\ISY5002-Project\datasets\raw-2026-week1\4713\20260915T140053Z_4713_1400_c2458d12e014.jpg
4713,C:\Users\Setekh\Desktop\ISY5002-Project\datasets\raw-2026-week1\4713\20260915T141053Z_4713_1410_048b14358b91.jpg
4713,C:\Users\Setekh\Desktop\ISY5002-Project\datasets\raw-2026-week1\4713\20260915T142054Z_4713_1420_adcbab610bb0.jpg
4713,C:\Users\Setekh\Desktop\ISY5002-Project\datasets\raw-2026-week1\4713\20260915T143034Z_4713_1430_19c13982e507.jpg
4713,C:\Users\Setekh\Desktop\ISY5002-Project\datasets\raw-2026-week1\4713\20260915T144034Z_4713_1440_b845812f623d.jpg
4713,C:\Users\Setekh\Desktop\ISY5002-Project\datasets\raw-2026-week1\4713\20260915T145055Z_4713_1450_9028abad8e2e.jpg
4713,C:\Users\Setekh\Desktop\ISY5002-Project\datasets\raw-2026-week1\4713\20260915T150055Z_4713_1500_bf3bdd245882.jpg
4713,C:\Users\Setekh\Desktop\ISY5002-Project\datasets\raw-2026-week1\4713\20260915T150555Z_4713_1505_9a28f62bcbc1.jpg
4713,C:\Users\Setekh\Desktop\ISY5002-Project\datasets\raw-2026-week1\4713\20260915T152036Z_4713_1520_a1112b224936.jpg
4713,C:\Users\Setekh\Desktop\ISY5002-Project\datasets\raw-2026-week1\4713\20260915T153036Z_4713_1530_2ee900595830.jpg
4713,C:\Users\Setekh\Desktop\ISY5002-Project\datasets\raw-2026-week1\4713\20260915T154056Z_4713_1540_7110ce2e4e66.jpg
4713,C:\Users\Setekh\Desktop\ISY5002-Project\datasets\raw-2026-week1\4713\20260915T155057Z_4713_1550_181113b7d94f.jpg
4713,C:\Users\Setekh\Desktop\ISY5002-Project\datasets\raw-2026-week1\4713\20260915T160037Z_4713_1600_18d05c7212af.jpg
4713,C:\Users\Setekh\Desktop\ISY5002-Project\datasets\raw-2026-week1\4713\20260915T160537Z_4713_1605_e0cfbf45536e.jpg
4713,C:\Users\Setekh\Desktop\ISY5002-Project\datasets\raw-2026-week1\4713\20260915T162038Z_4713_1620_34618fe5ce7c.jpg
4713,C:\Users\Setekh\Desktop\ISY5002-Project\datasets\raw-2026-week1\4713\20260915T162558Z_4713_1625_d38172c64a01.jpg
4713,C:\Users\Setekh\Desktop\ISY5002-Project\datasets\raw-2026-week1\4713\20260915T163558Z_4713_1635_a517d9fec751.jpg
4713,C:\Users\Setekh\Desktop\ISY5002-Project\datasets\raw-2026-week1\4713\20260915T164039Z_4713_1640_f07134c2d638.jpg
4713,C:\Users\Setekh\Desktop\ISY5002-Project\datasets\raw-2026-week1\4713\20260915T165039Z_4713_1650_6bce28c9c0fb.jpg
4713,C:\Users\Setekh\Desktop\ISY5002-Project\datasets\raw-2026-week1\4713\20260915T165559Z_4713_1655_0f8a4a85597d.jpg
4713,C:\Users\Setekh\Desktop\ISY5002-Project\datasets\raw-2026-week1\4713\20260915T170520Z_4713_1705_ba87f9b369b0.jpg
4713,C:\Users\Setekh\Desktop\ISY5002-Project\datasets\raw-2026-week1\4713\20260915T172040Z_4713_1720_98cbd1d0d90d.jpg
4713,C:\Users\Setekh\Desktop\ISY5002-Project\datasets\raw-2026-week1\4713\20260915T172540Z_4713_1725_d2246046bb9d.jpg
4713,C:\Users\Setekh\Desktop\ISY5002-Project\datasets\raw-2026-week1\4713\20260915T173601Z_4713_1736_485d7cbfa896.jpg
4713,C:\Users\Setekh\Desktop\ISY5002-Project\datasets\raw-2026-week1\4713\20260915T174601Z_4713_1746_8e336caea1af.jpg
4713,C:\Users\Setekh\Desktop\ISY5002-Project\datasets\raw-2026-week1\4713\20260915T175541Z_4713_1755_5fa702460420.jpg
4713,C:\Users\Setekh\Desktop\ISY5002-Project\datasets\raw-2026-week1\4713\20260915T181042Z_4713_1810_4cfc1f439513.jpg
4713,C:\Users\Setekh\Desktop\ISY5002-Project\datasets\raw-2026-week1\4713\20260915T182042Z_4713_1820_fb8f747074bd.jpg
4713,C:\Users\Setekh\Desktop\ISY5002-Project\datasets\raw-2026-week1\4713\20260915T183023Z_4713_1830_33a118c36685.jpg
4713,C:\Users\Setekh\Desktop\ISY5002-Project\datasets\raw-2026-week1\4713\20260915T183543Z_4713_1835_af87852d7972.jpg
4713,C:\Users\Setekh\Desktop\ISY5002-Project\datasets\raw-2026-week1\4713\20260915T184103Z_4713_1841_cb1bec1911fe.jpg
4713,C:\Users\Setekh\Desktop\ISY5002-Project\datasets\raw-2026-week1\4713\20260915T192045Z_4713_1920_39d775374fb9.jpg
4713,C:\Users\Setekh\Desktop\ISY5002-Project\datasets\raw-2026-week1\4713\20260915T192525Z_4713_1925_b1c40b4c037e.jpg
4713,C:\Users\Setekh\Desktop\ISY5002-Project\datasets\raw-2026-week1\4713\20260915T194046Z_4713_1940_d479bd542b98.jpg
4713,C:\Users\Setekh\Desktop\ISY5002-Project\datasets\raw-2026-week1\4713\20260915T195046Z_4713_1950_2dc668e2a957.jpg
4713,C:\Users\Setekh\Desktop\ISY5002-Project\datasets\raw-2026-week1\4713\20260915T200046Z_4713_2000_ecb210c7ac1c.jpg
4713,C:\Users\Setekh\Desktop\ISY5002-Project\datasets\raw-2026-week1\4713\20260915T201047Z_4713_2010_1d9782560d06.jpg
4713,C:\Users\Setekh\Desktop\ISY5002-Project\datasets\raw-2026-week1\4713\20260915T202027Z_4713_2020_21194f19d168.jpg
4713,C:\Users\Setekh\Desktop\ISY5002-Project\datasets\raw-2026-week1\4713\20260915T203027Z_4713_2030_7f51a3f9db5f.jpg
4713,C:\Users\Setekh\Desktop\ISY5002-Project\datasets\raw-2026-week1\4713\20260915T204028Z_4713_2040_ae4da3d2b367.jpg
4713,C:\Users\Setekh\Desktop\ISY5002-Project\datasets\raw-2026-week1\4713\20260915T205028Z_4713_2050_465c82fa9c4a.jpg
4713,C:\Users\Setekh\Desktop\ISY5002-Project\datasets\raw-2026-week1\4713\20260915T210028Z_4713_2100_e8b1f86c5509.jpg
4713,C:\Users\Setekh\Desktop\ISY5002-Project\datasets\raw-2026-week1\4713\20260915T212049Z_4713_2120_02b29c6dcf08.jpg
4713,C:\Users\Setekh\Desktop\ISY5002-Project\datasets\raw-2026-week1\4713\20260915T212549Z_4713_2125_5fbb79fe459b.jpg
4713,C:\Users\Setekh\Desktop\ISY5002-Project\datasets\raw-2026-week1\4713\20260915T213550Z_4713_2135_19ece0f0e567.jpg
4713,C:\Users\Setekh\Desktop\ISY5002-Project\datasets\raw-2026-week1\4713\20260915T215050Z_4713_2150_3b732e71e962.jpg
4713,C:\Users\Setekh\Desktop\ISY5002-Project\datasets\raw-2026-week1\4713\20260915T220031Z_4713_2200_41c6e4889202.jpg
4713,C:\Users\Setekh\Desktop\ISY5002-Project\datasets\raw-2026-week1\4713\20260915T221031Z_4713_2210_f4d593e677a3.jpg
4713,C:\Users\Setekh\Desktop\ISY5002-Project\datasets\raw-2026-week1\4713\20260915T221551Z_4713_2215_3dd9a94d772d.jpg
4713,C:\Users\Setekh\Desktop\ISY5002-Project\datasets\raw-2026-week1\4713\20260915T222031Z_4713_2220_075549eef1ca.jpg
4713,C:\Users\Setekh\Desktop\ISY5002-Project\datasets\raw-2026-week1\4713\20260915T223032Z_4713_2230_cebec72b84e6.jpg
4713,C:\Users\Setekh\Desktop\ISY5002-Project\datasets\raw-2026-week1\4713\20260915T224032Z_4713_2240_1ea74083c152.jpg
4713,C:\Users\Setekh\Desktop\ISY5002-Project\datasets\raw-2026-week1\4713\20260915T225032Z_4713_2250_837294107164.jpg
4713,C:\Users\Setekh\Desktop\ISY5002-Project\datasets\raw-2026-week1\4713\20260915T230053Z_4713_2300_7ec2383939c5.jpg
4713,C:\Users\Setekh\Desktop\ISY5002-Project\datasets\raw-2026-week1\4713\20260915T231033Z_4713_2310_6a156bfe07b4.jpg
4713,C:\Users\Setekh\Desktop\ISY5002-Project\datasets\raw-2026-week1\4713\20260915T232034Z_4713_2320_b9519f00dfff.jpg
4713,C:\Users\Setekh\Desktop\ISY5002-Project\datasets\raw-2026-week1\4713\20260915T233054Z_4713_2330_d42d1fb10b0a.jpg
4713,C:\Users\Setekh\Desktop\ISY5002-Project\datasets\raw-2026-week1\4713\20260915T234054Z_4713_2340_15c8f4c0765f.jpg
4713,C:\Users\Setekh\Desktop\ISY5002-Project\datasets\raw-2026-week1\4713\20260915T235035Z_4713_2350_aae1efa166b2.jpg
4713,C:\Users\Setekh\Desktop\ISY5002-Project\datasets\raw-2026-week1\4713\20260916T000055Z_4713_0000_1e7ac3f9b520.jpg
4713,C:\Users\Setekh\Desktop\ISY5002-Project\datasets\raw-2026-week1\4713\20260916T001035Z_4713_0010_ac4fa5323c3f.jpg
4713,C:\Users\Setekh\Desktop\ISY5002-Project\datasets\raw-2026-week1\4713\20260916T002056Z_4713_0020_dbd16a7e0bc2.jpg
4713,C:\Users\Setekh\Desktop\ISY5002-Project\datasets\raw-2026-week1\4713\20260916T003036Z_4713_0030_cd9655c8dfc5.jpg
4713,C:\Users\Setekh\Desktop\ISY5002-Project\datasets\raw-2026-week1\4713\20260916T003536Z_4713_0035_d8548eddf1fe.jpg
4713,C:\Users\Setekh\Desktop\ISY5002-Project\datasets\raw-2026-week1\4713\20260916T005037Z_4713_0050_b54b10cde75e.jpg
4713,C:\Users\Setekh\Desktop\ISY5002-Project\datasets\raw-2026-week1\4713\20260916T005557Z_4713_0055_7a560fb22857.jpg
4713,C:\Users\Setekh\Desktop\ISY5002-Project\datasets\raw-2026-week1\4713\20260916T011058Z_4713_0110_3726a02c17b1.jpg
4713,C:\Users\Setekh\Desktop\ISY5002-Project\datasets\raw-2026-week1\4713\20260916T012038Z_4713_0120_4638fa680b42.jpg
4713,C:\Users\Setekh\Desktop\ISY5002-Project\datasets\raw-2026-week1\4713\20260916T013018Z_4713_0130_24de2ffef7a7.jpg
4713,C:\Users\Setekh\Desktop\ISY5002-Project\datasets\raw-2026-week1\4713\20260916T014039Z_4713_0140_b0f8477a7d41.jpg
4713,C:\Users\Setekh\Desktop\ISY5002-Project\datasets\raw-2026-week1\4713\20260916T015039Z_4713_0150_896f6048c455.jpg
4713,C:\Users\Setekh\Desktop\ISY5002-Project\datasets\raw-2026-week1\4713\20260916T020039Z_4713_0200_0b4d3f7ad023.jpg
4713,C:\Users\Setekh\Desktop\ISY5002-Project\datasets\raw-2026-week1\4713\20260916T021040Z_4713_0210_73c239f97847.jpg
4713,C:\Users\Setekh\Desktop\ISY5002-Project\datasets\raw-2026-week1\4713\20260916T022040Z_4713_0220_15f50f28a134.jpg
4713,C:\Users\Setekh\Desktop\ISY5002-Project\datasets\raw-2026-week1\4713\20260916T023040Z_4713_0230_678aa093f28b.jpg
4713,C:\Users\Setekh\Desktop\ISY5002-Project\datasets\raw-2026-week1\4713\20260916T024041Z_4713_0240_5cdb7ba53515.jpg
4713,C:\Users\Setekh\Desktop\ISY5002-Project\datasets\raw-2026-week1\4713\20260916T024521Z_4713_0245_90f08842dbbe.jpg
4713,C:\Users\Setekh\Desktop\ISY5002-Project\datasets\raw-2026-week1\4713\20260916T030522Z_4713_0305_632fffd5cd8c.jpg
4713,C:\Users\Setekh\Desktop\ISY5002-Project\datasets\raw-2026-week1\4713\20260916T032042Z_4713_0320_22658b76f598.jpg
4713,C:\Users\Setekh\Desktop\ISY5002-Project\datasets\raw-2026-week1\4713\20260916T032542Z_4713_0325_f71c93d30dc9.jpg
4713,C:\Users\Setekh\Desktop\ISY5002-Project\datasets\raw-2026-week1\4713\20260916T033543Z_4713_0335_7a14ca2296cc.jpg
4713,C:\Users\Setekh\Desktop\ISY5002-Project\datasets\raw-2026-week1\4713\20260916T034603Z_4713_0346_875b03fa159e.jpg
4713,C:\Users\Setekh\Desktop\ISY5002-Project\datasets\raw-2026-week1\4713\20260916T035544Z_4713_0355_9bcb2b044420.jpg
4713,C:\Users\Setekh\Desktop\ISY5002-Project\datasets\raw-2026-week1\4713\20260916T040044Z_4713_0400_80ab20bb93a9.jpg
4713,C:\Users\Setekh\Desktop\ISY5002-Project\datasets\raw-2026-week1\4713\20260916T041024Z_4713_0410_62d5c2f19870.jpg
4713,C:\Users\Setekh\Desktop\ISY5002-Project\datasets\raw-2026-week1\4713\20260916T042044Z_4713_0420_445fbd43f0b7.jpg
4713,C:\Users\Setekh\Desktop\ISY5002-Project\datasets\raw-2026-week1\4713\20260916T043025Z_4713_0430_b31b03e9b0bc.jpg
4713,C:\Users\Setekh\Desktop\ISY5002-Project\datasets\raw-2026-week1\4713\20260916T044045Z_4713_0440_04062ce8dba9.jpg
4713,C:\Users\Setekh\Desktop\ISY5002-Project\datasets\raw-2026-week1\4713\20260916T045025Z_4713_0450_43357f344cff.jpg
4713,C:\Users\Setekh\Desktop\ISY5002-Project\datasets\raw-2026-week1\4713\20260916T050046Z_4713_0500_d656f242e2bc.jpg
4713,C:\Users\Setekh\Desktop\ISY5002-Project\datasets\raw-2026-week1\4713\20260916T050526Z_4713_0505_e7a11a7a0aec.jpg
4713,C:\Users\Setekh\Desktop\ISY5002-Project\datasets\raw-2026-week1\4713\20260916T052047Z_4713_0520_0182c4fdde99.jpg
4713,C:\Users\Setekh\Desktop\ISY5002-Project\datasets\raw-2026-week1\4713\20260916T053027Z_4713_0530_47e764618c47.jpg
4713,C:\Users\Setekh\Desktop\ISY5002-Project\datasets\raw-2026-week1\4713\20260916T054047Z_4713_0540_04953ddfe98a.jpg
4713,C:\Users\Setekh\Desktop\ISY5002-Project\datasets\raw-2026-week1\4713\20260916T055028Z_4713_0550_b293d769099f.jpg
4713,C:\Users\Setekh\Desktop\ISY5002-Project\datasets\raw-2026-week1\4713\20260916T060028Z_4713_0600_a0af84c03b8d.jpg
4713,C:\Users\Setekh\Desktop\ISY5002-Project\datasets\raw-2026-week1\4713\20260916T061028Z_4713_0610_3c2cde6c50fb.jpg
4713,C:\Users\Setekh\Desktop\ISY5002-Project\datasets\raw-2026-week1\4713\20260916T062049Z_4713_0620_052ffa3a607c.jpg
4713,C:\Users\Setekh\Desktop\ISY5002-Project\datasets\raw-2026-week1\4713\20260916T063049Z_4713_0630_feffd7cdeca1.jpg
4713,C:\Users\Setekh\Desktop\ISY5002-Project\datasets\raw-2026-week1\4713\20260916T064050Z_4713_0640_32f2eacc0b63.jpg
4713,C:\Users\Setekh\Desktop\ISY5002-Project\datasets\raw-2026-week1\4713\20260916T065030Z_4713_0650_31e33db559aa.jpg
4713,C:\Users\Setekh\Desktop\ISY5002-Project\datasets\raw-2026-week1\4713\20260916T070030Z_4713_0700_39086a853fb1.jpg
4713,C:\Users\Setekh\Desktop\ISY5002-Project\datasets\raw-2026-week1\4713\20260916T071051Z_4713_0710_448a3be578cd.jpg
4713,C:\Users\Setekh\Desktop\ISY5002-Project\datasets\raw-2026-week1\4713\20260916T072051Z_4713_0720_6fb79983b6f8.jpg
4713,C:\Users\Setekh\Desktop\ISY5002-Project\datasets\raw-2026-week1\4713\20260916T073051Z_4713_0730_e41ab0da8299.jpg
4713,C:\Users\Setekh\Desktop\ISY5002-Project\datasets\raw-2026-week1\4713\20260916T074052Z_4713_0740_32f42f323a73.jpg
4713,C:\Users\Setekh\Desktop\ISY5002-Project\datasets\raw-2026-week1\4713\20260916T075052Z_4713_0750_dc32b5597c08.jpg
4713,C:\Users\Setekh\Desktop\ISY5002-Project\datasets\raw-2026-week1\4713\20260916T080052Z_4713_0800_a72c5a1b41be.jpg
4713,C:\Users\Setekh\Desktop\ISY5002-Project\datasets\raw-2026-week1\4713\20260916T080533Z_4713_0805_64f86fd1fc9a.jpg
4713,C:\Users\Setekh\Desktop\ISY5002-Project\datasets\raw-2026-week1\4713\20260916T082033Z_4713_0820_bcc2d475f40f.jpg
4713,C:\Users\Setekh\Desktop\ISY5002-Project\datasets\raw-2026-week1\4713\20260916T083034Z_4713_0830_de22799e27eb.jpg
4713,C:\Users\Setekh\Desktop\ISY5002-Project\datasets\raw-2026-week1\4713\20260916T084054Z_4713_0840_d92a85f8cd9d.jpg
4713,C:\Users\Setekh\Desktop\ISY5002-Project\datasets\raw-2026-week1\4713\20260916T085034Z_4713_0850_44c2ca70ffd6.jpg
4713,C:\Users\Setekh\Desktop\ISY5002-Project\datasets\raw-2026-week1\4713\20260916T090035Z_4713_0900_53837d9a4348.jpg
4713,C:\Users\Setekh\Desktop\ISY5002-Project\datasets\raw-2026-week1\4713\20260916T091035Z_4713_0910_6aefc9cef4fc.jpg
4713,C:\Users\Setekh\Desktop\ISY5002-Project\datasets\raw-2026-week1\4713\20260916T092035Z_4713_0920_1e692d5e3da7.jpg
4713,C:\Users\Setekh\Desktop\ISY5002-Project\datasets\raw-2026-week1\4713\20260916T093036Z_4713_0930_82a10f2c82c0.jpg
4713,C:\Users\Setekh\Desktop\ISY5002-Project\datasets\raw-2026-week1\4713\20260916T093556Z_4713_0935_e46f728ca2dd.jpg
4713,C:\Users\Setekh\Desktop\ISY5002-Project\datasets\raw-2026-week1\4713\20260916T094036Z_4713_0940_3613c2a16987.jpg
4713,C:\Users\Setekh\Desktop\ISY5002-Project\datasets\raw-2026-week1\4713\20260916T094536Z_4713_0945_520da801d3a0.jpg
4713,C:\Users\Setekh\Desktop\ISY5002-Project\datasets\raw-2026-week1\4713\20260916T100037Z_4713_1000_0d818fde3869.jpg
4713,C:\Users\Setekh\Desktop\ISY5002-Project\datasets\raw-2026-week1\4713\20260916T101037Z_4713_1010_200892c7fee5.jpg
4713,C:\Users\Setekh\Desktop\ISY5002-Project\datasets\raw-2026-week1\4713\20260916T102037Z_4713_1020_17aae4311df9.jpg
4713,C:\Users\Setekh\Desktop\ISY5002-Project\datasets\raw-2026-week1\4713\20260916T103038Z_4713_1030_e10480357d95.jpg
4713,C:\Users\Setekh\Desktop\ISY5002-Project\datasets\raw-2026-week1\4713\20260916T104038Z_4713_1040_84d8136a0432.jpg
4713,C:\Users\Setekh\Desktop\ISY5002-Project\datasets\raw-2026-week1\4713\20260916T105038Z_4713_1050_dea1c8fd4c63.jpg
4713,C:\Users\Setekh\Desktop\ISY5002-Project\datasets\raw-2026-week1\4713\20260916T105559Z_4713_1055_001bf73ec6cd.jpg
4713,C:\Users\Setekh\Desktop\ISY5002-Project\datasets\raw-2026-week1\4713\20260916T111039Z_4713_1110_3168371937bb.jpg
4713,C:\Users\Setekh\Desktop\ISY5002-Project\datasets\raw-2026-week1\4713\20260916T111539Z_4713_1115_0574ea7d71f4.jpg
4713,C:\Users\Setekh\Desktop\ISY5002-Project\datasets\raw-2026-week1\4713\20260916T113020Z_4713_1130_1c9b6146eaf3.jpg
4713,C:\Users\Setekh\Desktop\ISY5002-Project\datasets\raw-2026-week1\4713\20260916T114040Z_4713_1140_f69834596018.jpg
4713,C:\Users\Setekh\Desktop\ISY5002-Project\datasets\raw-2026-week1\4713\20260916T115041Z_4713_1150_77311d2e11e9.jpg
4713,C:\Users\Setekh\Desktop\ISY5002-Project\datasets\raw-2026-week1\4713\20260916T120041Z_4713_1200_5bebe69969dd.jpg
4713,C:\Users\Setekh\Desktop\ISY5002-Project\datasets\raw-2026-week1\4713\20260916T121041Z_4713_1210_9da09ed6baa3.jpg
4713,C:\Users\Setekh\Desktop\ISY5002-Project\datasets\raw-2026-week1\4713\20260916T121542Z_4713_1215_7cf026ec8f62.jpg
4713,C:\Users\Setekh\Desktop\ISY5002-Project\datasets\raw-2026-week1\4713\20260916T123042Z_4713_1230_f83bad3abd1f.jpg
4713,C:\Users\Setekh\Desktop\ISY5002-Project\datasets\raw-2026-week1\4713\20260916T124042Z_4713_1240_e776ab4c380a.jpg
4713,C:\Users\Setekh\Desktop\ISY5002-Project\datasets\raw-2026-week1\4713\20260916T124603Z_4713_1246_44ce8382345f.jpg
4713,C:\Users\Setekh\Desktop\ISY5002-Project\datasets\raw-2026-week1\4713\20260916T130043Z_4713_1300_9f86367d4438.jpg
4713,C:\Users\Setekh\Desktop\ISY5002-Project\datasets\raw-2026-week1\4713\20260916T130543Z_4713_1305_af0d1556cfba.jpg
4713,C:\Users\Setekh\Desktop\ISY5002-Project\datasets\raw-2026-week1\4713\20260916T132044Z_4713_1320_fd37bc9df062.jpg
4713,C:\Users\Setekh\Desktop\ISY5002-Project\datasets\raw-2026-week1\4713\20260916T133044Z_4713_1330_95e00888c82f.jpg
4713,C:\Users\Setekh\Desktop\ISY5002-Project\datasets\raw-2026-week1\4713\20260916T134045Z_4713_1340_9468d68f21a7.jpg
4713,C:\Users\Setekh\Desktop\ISY5002-Project\datasets\raw-2026-week1\4713\20260916T135045Z_4713_1350_1dba0a81c750.jpg
4713,C:\Users\Setekh\Desktop\ISY5002-Project\datasets\raw-2026-week1\4713\20260916T140045Z_4713_1400_f101c31a98ff.jpg
4713,C:\Users\Setekh\Desktop\ISY5002-Project\datasets\raw-2026-week1\4713\20260916T141046Z_4713_1410_011d373f9abb.jpg
4713,C:\Users\Setekh\Desktop\ISY5002-Project\datasets\raw-2026-week1\4713\20260916T141606Z_4713_1416_23cd3abe6a73.jpg
4713,C:\Users\Setekh\Desktop\ISY5002-Project\datasets\raw-2026-week1\4713\20260916T143046Z_4713_1430_8ee70b4bcccd.jpg
4713,C:\Users\Setekh\Desktop\ISY5002-Project\datasets\raw-2026-week1\4713\20260916T144047Z_4713_1440_4c92914d88a3.jpg
4713,C:\Users\Setekh\Desktop\ISY5002-Project\datasets\raw-2026-week1\4713\20260916T145047Z_4713_1450_3d58e1f5524d.jpg
4713,C:\Users\Setekh\Desktop\ISY5002-Project\datasets\raw-2026-week1\4713\20260916T150048Z_4713_1500_e04976a02ab6.jpg
4713,C:\Users\Setekh\Desktop\ISY5002-Project\datasets\raw-2026-week1\4713\20260916T151048Z_4713_1510_74f9b502b958.jpg
4713,C:\Users\Setekh\Desktop\ISY5002-Project\datasets\raw-2026-week1\4713\20260916T151548Z_4713_1515_0972d22e3899.jpg
4713,C:\Users\Setekh\Desktop\ISY5002-Project\datasets\raw-2026-week1\4713\20260916T152048Z_4713_1520_1bd63f7cd57a.jpg
4713,C:\Users\Setekh\Desktop\ISY5002-Project\datasets\raw-2026-week1\4713\20260916T153049Z_4713_1530_20147d21846b.jpg
4713,C:\Users\Setekh\Desktop\ISY5002-Project\datasets\raw-2026-week1\4713\20260916T154049Z_4713_1540_31c41c90c8b5.jpg
4713,C:\Users\Setekh\Desktop\ISY5002-Project\datasets\raw-2026-week1\4713\20260916T155049Z_4713_1550_44a4f97496a0.jpg
4713,C:\Users\Setekh\Desktop\ISY5002-Project\datasets\raw-2026-week1\4713\20260916T160030Z_4713_1600_dce1866aac65.jpg
4713,C:\Users\Setekh\Desktop\ISY5002-Project\datasets\raw-2026-week1\4713\20260916T160550Z_4713_1605_e59041ce2b33.jpg
4713,C:\Users\Setekh\Desktop\ISY5002-Project\datasets\raw-2026-week1\4713\20260916T162031Z_4713_1620_780df4fe75b5.jpg
4713,C:\Users\Setekh\Desktop\ISY5002-Project\datasets\raw-2026-week1\4713\20260916T163031Z_4713_1630_b9b14f79108d.jpg
4713,C:\Users\Setekh\Desktop\ISY5002-Project\datasets\raw-2026-week1\4713\20260916T164031Z_4713_1640_dc27ae5f7797.jpg
4713,C:\Users\Setekh\Desktop\ISY5002-Project\datasets\raw-2026-week1\4713\20260916T165032Z_4713_1650_a7620c0b648e.jpg
4713,C:\Users\Setekh\Desktop\ISY5002-Project\datasets\raw-2026-week1\4713\20260916T170032Z_4713_1700_101370ae28e2.jpg
4713,C:\Users\Setekh\Desktop\ISY5002-Project\datasets\raw-2026-week1\4713\20260916T171052Z_4713_1710_e74bb33fc079.jpg
4713,C:\Users\Setekh\Desktop\ISY5002-Project\datasets\raw-2026-week1\4713\20260916T172033Z_4713_1720_f835f5585f12.jpg
4713,C:\Users\Setekh\Desktop\ISY5002-Project\datasets\raw-2026-week1\4713\20260916T173033Z_4713_1730_8bc252ddb4bc.jpg
4713,C:\Users\Setekh\Desktop\ISY5002-Project\datasets\raw-2026-week1\4713\20260916T174033Z_4713_1740_501d36ad2577.jpg
4713,C:\Users\Setekh\Desktop\ISY5002-Project\datasets\raw-2026-week1\4713\20260916T175034Z_4713_1750_90e2f590a23d.jpg
4713,C:\Users\Setekh\Desktop\ISY5002-Project\datasets\raw-2026-week1\4713\20260916T180034Z_4713_1800_e70832d99f0e.jpg
4713,C:\Users\Setekh\Desktop\ISY5002-Project\datasets\raw-2026-week1\4713\20260916T181035Z_4713_1810_4586d276a035.jpg
4713,C:\Users\Setekh\Desktop\ISY5002-Project\datasets\raw-2026-week1\4713\20260916T182035Z_4713_1820_f1d7a5ae1054.jpg
4713,C:\Users\Setekh\Desktop\ISY5002-Project\datasets\raw-2026-week1\4713\20260916T183035Z_4713_1830_9fea61672065.jpg
4713,C:\Users\Setekh\Desktop\ISY5002-Project\datasets\raw-2026-week1\4713\20260916T184036Z_4713_1840_f5039fc4bbdb.jpg
4713,C:\Users\Setekh\Desktop\ISY5002-Project\datasets\raw-2026-week1\4713\20260916T184556Z_4713_1845_82a44713ad4f.jpg
4713,C:\Users\Setekh\Desktop\ISY5002-Project\datasets\raw-2026-week1\4713\20260916T190036Z_4713_1900_abe44e64e18b.jpg
4713,C:\Users\Setekh\Desktop\ISY5002-Project\datasets\raw-2026-week1\4713\20260916T191037Z_4713_1910_805181707a29.jpg
4713,C:\Users\Setekh\Desktop\ISY5002-Project\datasets\raw-2026-week1\4713\20260916T192037Z_4713_1920_83859622aa95.jpg
4713,C:\Users\Setekh\Desktop\ISY5002-Project\datasets\raw-2026-week1\4713\20260916T193038Z_4713_1930_f141c7f0dcda.jpg
4713,C:\Users\Setekh\Desktop\ISY5002-Project\datasets\raw-2026-week1\4713\20260916T194038Z_4713_1940_b8365d433245.jpg
4713,C:\Users\Setekh\Desktop\ISY5002-Project\datasets\raw-2026-week1\4713\20260916T195038Z_4713_1950_44707c51ba5a.jpg
4713,C:\Users\Setekh\Desktop\ISY5002-Project\datasets\raw-2026-week1\4713\20260916T200039Z_4713_2000_35cdff9842dc.jpg
4713,C:\Users\Setekh\Desktop\ISY5002-Project\datasets\raw-2026-week1\4713\20260916T201039Z_4713_2010_703442752f9d.jpg
4713,C:\Users\Setekh\Desktop\ISY5002-Project\datasets\raw-2026-week1\4713\20260916T202039Z_4713_2020_3a9da2e9a210.jpg
4713,C:\Users\Setekh\Desktop\ISY5002-Project\datasets\raw-2026-week1\4713\20260916T203040Z_4713_2030_8dd140a1f37f.jpg
4713,C:\Users\Setekh\Desktop\ISY5002-Project\datasets\raw-2026-week1\4713\20260916T204040Z_4713_2040_6f27e524573c.jpg
4713,C:\Users\Setekh\Desktop\ISY5002-Project\datasets\raw-2026-week1\4713\20260916T205041Z_4713_2050_edb0629975f8.jpg
4713,C:\Users\Setekh\Desktop\ISY5002-Project\datasets\raw-2026-week1\4713\20260916T205601Z_4713_2056_46f73fa373d5.jpg
4713,C:\Users\Setekh\Desktop\ISY5002-Project\datasets\raw-2026-week1\4713\20260916T210541Z_4713_2105_219255cbbb5e.jpg
4713,C:\Users\Setekh\Desktop\ISY5002-Project\datasets\raw-2026-week1\4713\20260916T212042Z_4713_2120_f7eaa3e2e0c2.jpg
4713,C:\Users\Setekh\Desktop\ISY5002-Project\datasets\raw-2026-week1\4713\20260916T212542Z_4713_2125_4d2220aef87d.jpg
4713,C:\Users\Setekh\Desktop\ISY5002-Project\datasets\raw-2026-week1\4713\20260916T214043Z_4713_2140_2edaae7db1fa.jpg
4713,C:\Users\Setekh\Desktop\ISY5002-Project\datasets\raw-2026-week1\4713\20260916T214603Z_4713_2146_39b448362d9f.jpg
4713,C:\Users\Setekh\Desktop\ISY5002-Project\datasets\raw-2026-week1\4713\20260916T220023Z_4713_2200_295c625ad84e.jpg
4713,C:\Users\Setekh\Desktop\ISY5002-Project\datasets\raw-2026-week1\4713\20260916T220523Z_4713_2205_2a8811ead2a7.jpg
4713,C:\Users\Setekh\Desktop\ISY5002-Project\datasets\raw-2026-week1\4713\20260916T222044Z_4713_2220_7ed1900ffb4b.jpg
4713,C:\Users\Setekh\Desktop\ISY5002-Project\datasets\raw-2026-week1\4713\20260916T223024Z_4713_2230_dceff2c9bef7.jpg
4713,C:\Users\Setekh\Desktop\ISY5002-Project\datasets\raw-2026-week1\4713\20260916T224045Z_4713_2240_696e28dfe1cc.jpg
4713,C:\Users\Setekh\Desktop\ISY5002-Project\datasets\raw-2026-week1\4713\20260916T225045Z_4713_2250_7bb7d6ef3d1c.jpg
4713,C:\Users\Setekh\Desktop\ISY5002-Project\datasets\raw-2026-week1\4713\20260916T230025Z_4713_2300_332aeab7c0fd.jpg
4713,C:\Users\Setekh\Desktop\ISY5002-Project\datasets\raw-2026-week1\4713\20260916T231046Z_4713_2310_6c1793aa11e9.jpg
4713,C:\Users\Setekh\Desktop\ISY5002-Project\datasets\raw-2026-week1\4713\20260916T232026Z_4713_2320_e33987565c1b.jpg
4713,C:\Users\Setekh\Desktop\ISY5002-Project\datasets\raw-2026-week1\4713\20260916T233027Z_4713_2330_ba71a50cf2ed.jpg
4713,C:\Users\Setekh\Desktop\ISY5002-Project\datasets\raw-2026-week1\4713\20260916T234047Z_4713_2340_c07cc5d28773.jpg
4713,C:\Users\Setekh\Desktop\ISY5002-Project\datasets\raw-2026-week1\4713\20260916T235027Z_4713_2350_5ecc05033dd5.jpg
4713,C:\Users\Setekh\Desktop\ISY5002-Project\datasets\raw-2026-week1\4713\20260917T000028Z_4713_0000_863492d0f931.jpg
4713,C:\Users\Setekh\Desktop\ISY5002-Project\datasets\raw-2026-week1\4713\20260917T001028Z_4713_0010_0bf827d01bfb.jpg
4713,C:\Users\Setekh\Desktop\ISY5002-Project\datasets\raw-2026-week1\4713\20260917T002028Z_4713_0020_5f3306a3eef4.jpg
4713,C:\Users\Setekh\Desktop\ISY5002-Project\datasets\raw-2026-week1\4713\20260917T003029Z_4713_0030_f9ffe4434f6c.jpg
4713,C:\Users\Setekh\Desktop\ISY5002-Project\datasets\raw-2026-week1\4713\20260917T004029Z_4713_0040_73df08be68e5.jpg
4713,C:\Users\Setekh\Desktop\ISY5002-Project\datasets\raw-2026-week1\4713\20260917T005029Z_4713_0050_a43b0150659c.jpg
4713,C:\Users\Setekh\Desktop\ISY5002-Project\datasets\raw-2026-week1\4713\20260917T010050Z_4713_0100_74ff77ed8be0.jpg
4713,C:\Users\Setekh\Desktop\ISY5002-Project\datasets\raw-2026-week1\4713\20260917T011050Z_4713_0110_b0c15e0e4484.jpg
4713,C:\Users\Setekh\Desktop\ISY5002-Project\datasets\raw-2026-week1\4713\20260917T011530Z_4713_0115_37ae8e649eb1.jpg
4713,C:\Users\Setekh\Desktop\ISY5002-Project\datasets\raw-2026-week1\4713\20260917T012531Z_4713_0125_aadb7a0463b4.jpg
4713,C:\Users\Setekh\Desktop\ISY5002-Project\datasets\raw-2026-week1\4713\20260917T014031Z_4713_0140_91ec43c76437.jpg
4713,C:\Users\Setekh\Desktop\ISY5002-Project\datasets\raw-2026-week1\4713\20260917T015052Z_4713_0150_150467120467.jpg
4713,C:\Users\Setekh\Desktop\ISY5002-Project\datasets\raw-2026-week1\4713\20260917T020032Z_4713_0200_f57c8fae8baa.jpg
4713,C:\Users\Setekh\Desktop\ISY5002-Project\datasets\raw-2026-week1\4713\20260917T021052Z_4713_0210_e934372d783e.jpg
4713,C:\Users\Setekh\Desktop\ISY5002-Project\datasets\raw-2026-week1\4713\20260917T021553Z_4713_0215_9aec4a582eb5.jpg
4713,C:\Users\Setekh\Desktop\ISY5002-Project\datasets\raw-2026-week1\4713\20260917T023033Z_4713_0230_dd49de0a49db.jpg
4713,C:\Users\Setekh\Desktop\ISY5002-Project\datasets\raw-2026-week1\4713\20260917T023533Z_4713_0235_04056fac038f.jpg
4713,C:\Users\Setekh\Desktop\ISY5002-Project\datasets\raw-2026-week1\4713\20260917T024054Z_4713_0240_50f89fc78cbf.jpg
4713,C:\Users\Setekh\Desktop\ISY5002-Project\datasets\raw-2026-week1\4713\20260917T025034Z_4713_0250_f47eadb19761.jpg
4713,C:\Users\Setekh\Desktop\ISY5002-Project\datasets\raw-2026-week1\4713\20260917T030034Z_4713_0300_1c584a68014b.jpg
4713,C:\Users\Setekh\Desktop\ISY5002-Project\datasets\raw-2026-week1\4713\20260917T031035Z_4713_0310_32a06e174fd7.jpg
4713,C:\Users\Setekh\Desktop\ISY5002-Project\datasets\raw-2026-week1\4713\20260917T032035Z_4713_0320_c49cfd8a9df6.jpg
4713,C:\Users\Setekh\Desktop\ISY5002-Project\datasets\raw-2026-week1\4713\20260917T033055Z_4713_0330_d2c2da9dec9a.jpg
4713,C:\Users\Setekh\Desktop\ISY5002-Project\datasets\raw-2026-week1\4713\20260917T033536Z_4713_0335_0da8c28e4f11.jpg
4713,C:\Users\Setekh\Desktop\ISY5002-Project\datasets\raw-2026-week1\4713\20260917T035036Z_4713_0350_05389476507c.jpg
4713,C:\Users\Setekh\Desktop\ISY5002-Project\datasets\raw-2026-week1\4713\20260917T040056Z_4713_0400_a654ad82ce65.jpg
4713,C:\Users\Setekh\Desktop\ISY5002-Project\datasets\raw-2026-week1\4713\20260917T040537Z_4713_0405_b62d2279b418.jpg
4713,C:\Users\Setekh\Desktop\ISY5002-Project\datasets\raw-2026-week1\4713\20260917T042037Z_4713_0420_e9a6b89941eb.jpg
4713,C:\Users\Setekh\Desktop\ISY5002-Project\datasets\raw-2026-week1\4713\20260917T043038Z_4713_0430_393423c5cec3.jpg
4713,C:\Users\Setekh\Desktop\ISY5002-Project\datasets\raw-2026-week1\4713\20260917T043538Z_4713_0435_8ffa703f2296.jpg
4713,C:\Users\Setekh\Desktop\ISY5002-Project\datasets\raw-2026-week1\4713\20260917T045038Z_4713_0450_0d45729071ec.jpg
4713,C:\Users\Setekh\Desktop\ISY5002-Project\datasets\raw-2026-week1\4713\20260917T045558Z_4713_0455_f61d8e36506e.jpg
4713,C:\Users\Setekh\Desktop\ISY5002-Project\datasets\raw-2026-week1\4713\20260917T051039Z_4713_0510_ca1d6604eeda.jpg
4713,C:\Users\Setekh\Desktop\ISY5002-Project\datasets\raw-2026-week1\4713\20260917T051559Z_4713_0515_e6624c24601d.jpg
4713,C:\Users\Setekh\Desktop\ISY5002-Project\datasets\raw-2026-week1\4713\20260917T052600Z_4713_0526_7352661eeaa9.jpg
4713,C:\Users\Setekh\Desktop\ISY5002-Project\datasets\raw-2026-week1\4713\20260917T053600Z_4713_0536_f38dad617a96.jpg
4713,C:\Users\Setekh\Desktop\ISY5002-Project\datasets\raw-2026-week1\4713\20260917T054540Z_4713_0545_23dd31087b2f.jpg
4713,C:\Users\Setekh\Desktop\ISY5002-Project\datasets\raw-2026-week1\4713\20260917T055601Z_4713_0556_71fee637d1e4.jpg
4713,C:\Users\Setekh\Desktop\ISY5002-Project\datasets\raw-2026-week1\4713\20260917T061021Z_4713_0610_e18dd30be28f.jpg
4713,C:\Users\Setekh\Desktop\ISY5002-Project\datasets\raw-2026-week1\4713\20260917T062041Z_4713_0620_31e075a56bac.jpg
4713,C:\Users\Setekh\Desktop\ISY5002-Project\datasets\raw-2026-week1\4713\20260917T063022Z_4713_0630_7a1e3aa1c234.jpg
4713,C:\Users\Setekh\Desktop\ISY5002-Project\datasets\raw-2026-week1\4713\20260917T063542Z_4713_0635_581515e2aa3f.jpg
4713,C:\Users\Setekh\Desktop\ISY5002-Project\datasets\raw-2026-week1\4713\20260917T065022Z_4713_0650_512ec8fc5014.jpg
4713,C:\Users\Setekh\Desktop\ISY5002-Project\datasets\raw-2026-week1\4713\20260917T070023Z_4713_0700_69da2b2ace6f.jpg
4713,C:\Users\Setekh\Desktop\ISY5002-Project\datasets\raw-2026-week1\4713\20260917T070523Z_4713_0705_42c60f9477e9.jpg
4713,C:\Users\Setekh\Desktop\ISY5002-Project\datasets\raw-2026-week1\4713\20260917T072044Z_4713_0720_b470975be233.jpg
4713,C:\Users\Setekh\Desktop\ISY5002-Project\datasets\raw-2026-week1\4713\20260917T072604Z_4713_0726_30b9f4060e55.jpg
4713,C:\Users\Setekh\Desktop\ISY5002-Project\datasets\raw-2026-week1\4713\20260917T073544Z_4713_0735_c2d58a0e9676.jpg
4713,C:\Users\Setekh\Desktop\ISY5002-Project\datasets\raw-2026-week1\4713\20260917T075025Z_4713_0750_d450c56cf0ec.jpg
4713,C:\Users\Setekh\Desktop\ISY5002-Project\datasets\raw-2026-week1\4713\20260917T080025Z_4713_0800_e1c33e8c542e.jpg
4713,C:\Users\Setekh\Desktop\ISY5002-Project\datasets\raw-2026-week1\4713\20260917T081045Z_4713_0810_fb11da457c14.jpg
4713,C:\Users\Setekh\Desktop\ISY5002-Project\datasets\raw-2026-week1\4713\20260917T081546Z_4713_0815_c147014f62cc.jpg
4713,C:\Users\Setekh\Desktop\ISY5002-Project\datasets\raw-2026-week1\4713\20260917T082046Z_4713_0820_da472c73a9bd.jpg
4713,C:\Users\Setekh\Desktop\ISY5002-Project\datasets\raw-2026-week1\4713\20260917T082546Z_4713_0825_c8ce62b83e85.jpg
4713,C:\Users\Setekh\Desktop\ISY5002-Project\datasets\raw-2026-week1\4713\20260917T084046Z_4713_0840_e045686da2c5.jpg
4713,C:\Users\Setekh\Desktop\ISY5002-Project\datasets\raw-2026-week1\4713\20260917T085047Z_4713_0850_f5e5e43cfcfe.jpg
4713,C:\Users\Setekh\Desktop\ISY5002-Project\datasets\raw-2026-week1\4713\20260917T090027Z_4713_0900_2b144546323d.jpg
4713,C:\Users\Setekh\Desktop\ISY5002-Project\datasets\raw-2026-week1\4713\20260917T091048Z_4713_0910_bccffc9fd0b0.jpg
4713,C:\Users\Setekh\Desktop\ISY5002-Project\datasets\raw-2026-week1\4713\20260917T092048Z_4713_0920_eb198350ab8a.jpg
4713,C:\Users\Setekh\Desktop\ISY5002-Project\datasets\raw-2026-week1\4713\20260917T092548Z_4713_0925_e3fa59fda859.jpg
4713,C:\Users\Setekh\Desktop\ISY5002-Project\datasets\raw-2026-week1\4713\20260917T094049Z_4713_0940_70f447520802.jpg
4713,C:\Users\Setekh\Desktop\ISY5002-Project\datasets\raw-2026-week1\4713\20260917T095029Z_4713_0950_d03c502c2db6.jpg
4713,C:\Users\Setekh\Desktop\ISY5002-Project\datasets\raw-2026-week1\4713\20260917T095549Z_4713_0955_7cebb6a03bda.jpg
4713,C:\Users\Setekh\Desktop\ISY5002-Project\datasets\raw-2026-week1\4713\20260917T101050Z_4713_1010_9b72742537f2.jpg
4713,C:\Users\Setekh\Desktop\ISY5002-Project\datasets\raw-2026-week1\4713\20260917T102030Z_4713_1020_37477a47751e.jpg
4713,C:\Users\Setekh\Desktop\ISY5002-Project\datasets\raw-2026-week1\4713\20260917T103051Z_4713_1030_70c97b09d638.jpg
4713,C:\Users\Setekh\Desktop\ISY5002-Project\datasets\raw-2026-week1\4713\20260917T104031Z_4713_1040_799b47d25012.jpg
4713,C:\Users\Setekh\Desktop\ISY5002-Project\datasets\raw-2026-week1\4713\20260917T105031Z_4713_1050_2aadebadda74.jpg
4713,C:\Users\Setekh\Desktop\ISY5002-Project\datasets\raw-2026-week1\4713\20260917T110052Z_4713_1100_09aaed785f10.jpg
4713,C:\Users\Setekh\Desktop\ISY5002-Project\datasets\raw-2026-week1\4713\20260917T111032Z_4713_1110_c0a1b07dab9d.jpg
4713,C:\Users\Setekh\Desktop\ISY5002-Project\datasets\raw-2026-week1\4713\20260917T112052Z_4713_1120_330945427b83.jpg
4713,C:\Users\Setekh\Desktop\ISY5002-Project\datasets\raw-2026-week1\4713\20260917T113033Z_4713_1130_38348d183efd.jpg
4713,C:\Users\Setekh\Desktop\ISY5002-Project\datasets\raw-2026-week1\4713\20260917T114033Z_4713_1140_cb730d438a6f.jpg
4713,C:\Users\Setekh\Desktop\ISY5002-Project\datasets\raw-2026-week1\4713\20260917T115054Z_4713_1150_7616d42181e1.jpg
4713,C:\Users\Setekh\Desktop\ISY5002-Project\datasets\raw-2026-week1\4713\20260917T115534Z_4713_1155_c97a506ae870.jpg
4713,C:\Users\Setekh\Desktop\ISY5002-Project\datasets\raw-2026-week1\4713\20260917T121034Z_4713_1210_e8d06ba28529.jpg
4713,C:\Users\Setekh\Desktop\ISY5002-Project\datasets\raw-2026-week1\4713\20260917T122035Z_4713_1220_1132a4225206.jpg
4713,C:\Users\Setekh\Desktop\ISY5002-Project\datasets\raw-2026-week1\4713\20260917T123055Z_4713_1230_e9476aa94325.jpg
4713,C:\Users\Setekh\Desktop\ISY5002-Project\datasets\raw-2026-week1\4713\20260917T124036Z_4713_1240_9b0cdaae4b58.jpg
4713,C:\Users\Setekh\Desktop\ISY5002-Project\datasets\raw-2026-week1\4713\20260917T124536Z_4713_1245_248ecb581dca.jpg
4713,C:\Users\Setekh\Desktop\ISY5002-Project\datasets\raw-2026-week1\4713\20260917T130036Z_4713_1300_88b8a39e9143.jpg
4713,C:\Users\Setekh\Desktop\ISY5002-Project\datasets\raw-2026-week1\4713\20260917T131037Z_4713_1310_0c86c58a8b05.jpg
4713,C:\Users\Setekh\Desktop\ISY5002-Project\datasets\raw-2026-week1\4713\20260917T132057Z_4713_1320_28206dcffed7.jpg
4713,C:\Users\Setekh\Desktop\ISY5002-Project\datasets\raw-2026-week1\4713\20260917T133037Z_4713_1330_07ae3e2ff7de.jpg
4713,C:\Users\Setekh\Desktop\ISY5002-Project\datasets\raw-2026-week1\4713\20260917T134038Z_4713_1340_bca6d6c7b729.jpg
4713,C:\Users\Setekh\Desktop\ISY5002-Project\datasets\raw-2026-week1\4713\20260917T134538Z_4713_1345_ec576dc615b9.jpg
4713,C:\Users\Setekh\Desktop\ISY5002-Project\datasets\raw-2026-week1\4713\20260917T135538Z_4713_1355_8fcbcc27cb42.jpg
4713,C:\Users\Setekh\Desktop\ISY5002-Project\datasets\raw-2026-week1\4713\20260917T140038Z_4713_1400_a7c2be8f081d.jpg
4713,C:\Users\Setekh\Desktop\ISY5002-Project\datasets\raw-2026-week1\4713\20260917T141039Z_4713_1410_c52610041e37.jpg
4713,C:\Users\Setekh\Desktop\ISY5002-Project\datasets\raw-2026-week1\4713\20260917T141559Z_4713_1415_3cf7486a3140.jpg
4713,C:\Users\Setekh\Desktop\ISY5002-Project\datasets\raw-2026-week1\4713\20260917T143040Z_4713_1430_3f01718dec24.jpg
4713,C:\Users\Setekh\Desktop\ISY5002-Project\datasets\raw-2026-week1\4713\20260917T144040Z_4713_1440_e21952a58287.jpg
4713,C:\Users\Setekh\Desktop\ISY5002-Project\datasets\raw-2026-week1\4713\20260917T144540Z_4713_1445_8e847e5fe776.jpg
4713,C:\Users\Setekh\Desktop\ISY5002-Project\datasets\raw-2026-week1\4713\20260917T150041Z_4713_1500_0815758e6a21.jpg
4713,C:\Users\Setekh\Desktop\ISY5002-Project\datasets\raw-2026-week1\4713\20260917T150601Z_4713_1506_775884669bb5.jpg
4713,C:\Users\Setekh\Desktop\ISY5002-Project\datasets\raw-2026-week1\4713\20260917T151601Z_4713_1516_0fb551ec064d.jpg
4713,C:\Users\Setekh\Desktop\ISY5002-Project\datasets\raw-2026-week1\4713\20260917T153042Z_4713_1530_bbcfe838ee74.jpg
4713,C:\Users\Setekh\Desktop\ISY5002-Project\datasets\raw-2026-week1\4713\20260917T153542Z_4713_1535_f6809a1b4694.jpg
4713,C:\Users\Setekh\Desktop\ISY5002-Project\datasets\raw-2026-week1\4713\20260917T155042Z_4713_1550_522613384980.jpg
4713,C:\Users\Setekh\Desktop\ISY5002-Project\datasets\raw-2026-week1\4713\20260917T155603Z_4713_1556_d0f709caca42.jpg
4713,C:\Users\Setekh\Desktop\ISY5002-Project\datasets\raw-2026-week1\4713\20260917T160603Z_4713_1606_5505755d1893.jpg
4713,C:\Users\Setekh\Desktop\ISY5002-Project\datasets\raw-2026-week1\4713\20260917T161603Z_4713_1616_b27ab371eab5.jpg
4713,C:\Users\Setekh\Desktop\ISY5002-Project\datasets\raw-2026-week1\4713\20260917T163044Z_4713_1630_8693ac4a0612.jpg
4713,C:\Users\Setekh\Desktop\ISY5002-Project\datasets\raw-2026-week1\4713\20260917T164044Z_4713_1640_f7317480a2d1.jpg
4713,C:\Users\Setekh\Desktop\ISY5002-Project\datasets\raw-2026-week1\4713\20260917T165045Z_4713_1650_e44eb46d9350.jpg
4713,C:\Users\Setekh\Desktop\ISY5002-Project\datasets\raw-2026-week1\4713\20260917T170045Z_4713_1700_4906cc881ad0.jpg
4713,C:\Users\Setekh\Desktop\ISY5002-Project\datasets\raw-2026-week1\4713\20260917T171045Z_4713_1710_5d3ca6cd3bbe.jpg
4713,C:\Users\Setekh\Desktop\ISY5002-Project\datasets\raw-2026-week1\4713\20260917T172026Z_4713_1720_ca75a8a81ddf.jpg
4713,C:\Users\Setekh\Desktop\ISY5002-Project\datasets\raw-2026-week1\4713\20260917T173046Z_4713_1730_80ed0f7a6a9b.jpg
4713,C:\Users\Setekh\Desktop\ISY5002-Project\datasets\raw-2026-week1\4713\20260917T174046Z_4713_1740_0f392bb78401.jpg
4713,C:\Users\Setekh\Desktop\ISY5002-Project\datasets\raw-2026-week1\4713\20260917T175047Z_4713_1750_6f2600daa9fa.jpg
4713,C:\Users\Setekh\Desktop\ISY5002-Project\datasets\raw-2026-week1\4713\20260917T175607Z_4713_1756_9cc892ee8ba0.jpg
4713,C:\Users\Setekh\Desktop\ISY5002-Project\datasets\raw-2026-week1\4713\20260917T181028Z_4713_1810_eeb0608f6fd1.jpg
4713,C:\Users\Setekh\Desktop\ISY5002-Project\datasets\raw-2026-week1\4713\20260917T182028Z_4713_1820_270bf416fec9.jpg
4713,C:\Users\Setekh\Desktop\ISY5002-Project\datasets\raw-2026-week1\4713\20260917T183028Z_4713_1830_38cdc2fde755.jpg
4713,C:\Users\Setekh\Desktop\ISY5002-Project\datasets\raw-2026-week1\4713\20260917T184029Z_4713_1840_d58846a76365.jpg
4713,C:\Users\Setekh\Desktop\ISY5002-Project\datasets\raw-2026-week1\4713\20260917T185029Z_4713_1850_d1dd9d6e7e8a.jpg
4713,C:\Users\Setekh\Desktop\ISY5002-Project\datasets\raw-2026-week1\4713\20260917T185609Z_4713_1856_ec74262a1587.jpg
4713,C:\Users\Setekh\Desktop\ISY5002-Project\datasets\raw-2026-week1\4713\20260917T191030Z_4713_1910_45ff7eb88493.jpg
4713,C:\Users\Setekh\Desktop\ISY5002-Project\datasets\raw-2026-week1\4713\20260917T192030Z_4713_1920_ff9a9e303b7b.jpg
4713,C:\Users\Setekh\Desktop\ISY5002-Project\datasets\raw-2026-week1\4713\20260917T193051Z_4713_1930_8e25b385dd22.jpg
4713,C:\Users\Setekh\Desktop\ISY5002-Project\datasets\raw-2026-week1\4713\20260917T193531Z_4713_1935_d0f78db927f1.jpg
4713,C:\Users\Setekh\Desktop\ISY5002-Project\datasets\raw-2026-week1\4713\20260917T194551Z_4713_1945_c9f67b151b76.jpg
4713,C:\Users\Setekh\Desktop\ISY5002-Project\datasets\raw-2026-week1\4713\20260917T200032Z_4713_2000_94cd8f84473d.jpg
4713,C:\Users\Setekh\Desktop\ISY5002-Project\datasets\raw-2026-week1\4713\20260917T201052Z_4713_2010_0cdee40c09ac.jpg
4713,C:\Users\Setekh\Desktop\ISY5002-Project\datasets\raw-2026-week1\4713\20260917T202052Z_4713_2020_1bef7184f035.jpg
4713,C:\Users\Setekh\Desktop\ISY5002-Project\datasets\raw-2026-week1\4713\20260917T203033Z_4713_2030_85107b379275.jpg
4713,C:\Users\Setekh\Desktop\ISY5002-Project\datasets\raw-2026-week1\4713\20260917T204033Z_4713_2040_64a890e0c6f8.jpg
4713,C:\Users\Setekh\Desktop\ISY5002-Project\datasets\raw-2026-week1\4713\20260917T205053Z_4713_2050_5b8505dff858.jpg
4713,C:\Users\Setekh\Desktop\ISY5002-Project\datasets\raw-2026-week1\4713\20260917T210054Z_4713_2100_295d9c3f9393.jpg
4713,C:\Users\Setekh\Desktop\ISY5002-Project\datasets\raw-2026-week1\4713\20260917T211054Z_4713_2110_565de128be0e.jpg
4713,C:\Users\Setekh\Desktop\ISY5002-Project\datasets\raw-2026-week1\4713\20260917T212035Z_4713_2120_b476bbb06fbb.jpg
4713,C:\Users\Setekh\Desktop\ISY5002-Project\datasets\raw-2026-week1\4713\20260917T212555Z_4713_2125_9370e4b42784.jpg
4713,C:\Users\Setekh\Desktop\ISY5002-Project\datasets\raw-2026-week1\4713\20260917T214055Z_4713_2140_b6e0c4944e5e.jpg
4713,C:\Users\Setekh\Desktop\ISY5002-Project\datasets\raw-2026-week1\4713\20260917T215056Z_4713_2150_cf0daa65861a.jpg
4713,C:\Users\Setekh\Desktop\ISY5002-Project\datasets\raw-2026-week1\4713\20260917T220036Z_4713_2200_1d3a3884ab5e.jpg
4713,C:\Users\Setekh\Desktop\ISY5002-Project\datasets\raw-2026-week1\4713\20260917T221036Z_4713_2210_d7f0a8bd5c4e.jpg
4713,C:\Users\Setekh\Desktop\ISY5002-Project\datasets\raw-2026-week1\4713\20260917T221557Z_4713_2215_f500db2abad4.jpg
4713,C:\Users\Setekh\Desktop\ISY5002-Project\datasets\raw-2026-week1\4713\20260917T223037Z_4713_2230_cecbe741c413.jpg
4713,C:\Users\Setekh\Desktop\ISY5002-Project\datasets\raw-2026-week1\4713\20260917T223557Z_4713_2235_7b946ed9d2d5.jpg
4713,C:\Users\Setekh\Desktop\ISY5002-Project\datasets\raw-2026-week1\4713\20260917T224558Z_4713_2245_6394f5256750.jpg
4713,C:\Users\Setekh\Desktop\ISY5002-Project\datasets\raw-2026-week1\4713\20260917T225538Z_4713_2255_56c4dd920210.jpg
4713,C:\Users\Setekh\Desktop\ISY5002-Project\datasets\raw-2026-week1\4713\20260917T230558Z_4713_2305_42b9e2bacdc6.jpg
4713,C:\Users\Setekh\Desktop\ISY5002-Project\datasets\raw-2026-week1\4713\20260917T232039Z_4713_2320_c81f3e853d77.jpg
4713,C:\Users\Setekh\Desktop\ISY5002-Project\datasets\raw-2026-week1\4713\20260917T233039Z_4713_2330_73fd35cdae43.jpg
4713,C:\Users\Setekh\Desktop\ISY5002-Project\datasets\raw-2026-week1\4713\20260917T234040Z_4713_2340_2421873ee5c1.jpg
4713,C:\Users\Setekh\Desktop\ISY5002-Project\datasets\raw-2026-week1\4713\20260917T235040Z_4713_2350_50aaf2ac7ccb.jpg
4713,C:\Users\Setekh\Desktop\ISY5002-Project\datasets\raw-2026-week1\4713\20260918T000040Z_4713_0000_22156938757c.jpg
4713,C:\Users\Setekh\Desktop\ISY5002-Project\datasets\raw-2026-week1\4713\20260918T001041Z_4713_0010_68a01f3f0209.jpg
4713,C:\Users\Setekh\Desktop\ISY5002-Project\datasets\raw-2026-week1\4713\20260918T002041Z_4713_0020_399e938bb32c.jpg
4713,C:\Users\Setekh\Desktop\ISY5002-Project\datasets\raw-2026-week1\4713\20260918T003042Z_4713_0030_5b7c9782e37e.jpg
4713,C:\Users\Setekh\Desktop\ISY5002-Project\datasets\raw-2026-week1\4713\20260918T004042Z_4713_0040_171b25a8d462.jpg
4713,C:\Users\Setekh\Desktop\ISY5002-Project\datasets\raw-2026-week1\4713\20260918T005042Z_4713_0050_07920e79f38e.jpg
4713,C:\Users\Setekh\Desktop\ISY5002-Project\datasets\raw-2026-week1\4713\20260918T010043Z_4713_0100_a8413a29bde5.jpg
4713,C:\Users\Setekh\Desktop\ISY5002-Project\datasets\raw-2026-week1\4713\20260918T011043Z_4713_0110_434ca3839202.jpg
4713,C:\Users\Setekh\Desktop\ISY5002-Project\datasets\raw-2026-week1\4713\20260918T011543Z_4713_0115_8a3f1865b43c.jpg
4713,C:\Users\Setekh\Desktop\ISY5002-Project\datasets\raw-2026-week1\4713\20260918T013044Z_4713_0130_c602ceddc5ca.jpg
4713,C:\Users\Setekh\Desktop\ISY5002-Project\datasets\raw-2026-week1\4713\20260918T014044Z_4713_0140_d42519321db8.jpg
4713,C:\Users\Setekh\Desktop\ISY5002-Project\datasets\raw-2026-week1\4713\20260918T015044Z_4713_0150_3f4135a87e9c.jpg
4713,C:\Users\Setekh\Desktop\ISY5002-Project\datasets\raw-2026-week1\4713\20260918T020045Z_4713_0200_a550254d4e6e.jpg
4713,C:\Users\Setekh\Desktop\ISY5002-Project\datasets\raw-2026-week1\4713\20260918T020545Z_4713_0205_6b064855cba3.jpg
4713,C:\Users\Setekh\Desktop\ISY5002-Project\datasets\raw-2026-week1\4713\20260918T022026Z_4713_0220_22e396874aa0.jpg
4713,C:\Users\Setekh\Desktop\ISY5002-Project\datasets\raw-2026-week1\4713\20260918T023046Z_4713_0230_cc9280ccc7ee.jpg
4713,C:\Users\Setekh\Desktop\ISY5002-Project\datasets\raw-2026-week1\4713\20260918T024046Z_4713_0240_0c063437c4c3.jpg
4713,C:\Users\Setekh\Desktop\ISY5002-Project\datasets\raw-2026-week1\4713\20260918T025047Z_4713_0250_bf0fb1ff1133.jpg
4713,C:\Users\Setekh\Desktop\ISY5002-Project\datasets\raw-2026-week1\4713\20260918T025547Z_4713_0255_bf8aa1b26936.jpg
4713,C:\Users\Setekh\Desktop\ISY5002-Project\datasets\raw-2026-week1\4713\20260918T031047Z_4713_0310_ef82a6068c90.jpg
4713,C:\Users\Setekh\Desktop\ISY5002-Project\datasets\raw-2026-week1\4713\20260918T032048Z_4713_0320_e1eed7876208.jpg
4713,C:\Users\Setekh\Desktop\ISY5002-Project\datasets\raw-2026-week1\4713\20260918T032608Z_4713_0326_e4cf008b83be.jpg
4713,C:\Users\Setekh\Desktop\ISY5002-Project\datasets\raw-2026-week1\4713\20260918T033548Z_4713_0335_dfea49c6d33c.jpg
4713,C:\Users\Setekh\Desktop\ISY5002-Project\datasets\raw-2026-week1\4713\20260918T035049Z_4713_0350_a6519217c98f.jpg
4713,C:\Users\Setekh\Desktop\ISY5002-Project\datasets\raw-2026-week1\4713\20260918T040029Z_4713_0400_4fe3ea4a8c6f.jpg
4713,C:\Users\Setekh\Desktop\ISY5002-Project\datasets\raw-2026-week1\4713\20260918T041030Z_4713_0410_33f6fb1dbf5a.jpg
4713,C:\Users\Setekh\Desktop\ISY5002-Project\datasets\raw-2026-week1\4713\20260918T042050Z_4713_0420_7291bcbb3743.jpg
4713,C:\Users\Setekh\Desktop\ISY5002-Project\datasets\raw-2026-week1\4713\20260918T043050Z_4713_0430_cf13fdf3d289.jpg
4713,C:\Users\Setekh\Desktop\ISY5002-Project\datasets\raw-2026-week1\4713\20260918T044031Z_4713_0440_ff26f0932a5c.jpg
4713,C:\Users\Setekh\Desktop\ISY5002-Project\datasets\raw-2026-week1\4713\20260918T045031Z_4713_0450_6db98aeb02b7.jpg
4713,C:\Users\Setekh\Desktop\ISY5002-Project\datasets\raw-2026-week1\4713\20260918T050031Z_4713_0500_2ab98d316a3d.jpg
4713,C:\Users\Setekh\Desktop\ISY5002-Project\datasets\raw-2026-week1\4713\20260918T051052Z_4713_0510_c9243b2a9fb0.jpg
4713,C:\Users\Setekh\Desktop\ISY5002-Project\datasets\raw-2026-week1\4713\20260918T052052Z_4713_0520_c777f1491651.jpg
4713,C:\Users\Setekh\Desktop\ISY5002-Project\datasets\raw-2026-week1\4713\20260918T053053Z_4713_0530_05688faf7fdb.jpg
4713,C:\Users\Setekh\Desktop\ISY5002-Project\datasets\raw-2026-week1\4713\20260918T053553Z_4713_0535_39bee2f8f2d4.jpg
4713,C:\Users\Setekh\Desktop\ISY5002-Project\datasets\raw-2026-week1\4713\20260918T055033Z_4713_0550_e1a2ae5dd871.jpg
4713,C:\Users\Setekh\Desktop\ISY5002-Project\datasets\raw-2026-week1\4713\20260918T060034Z_4713_0600_341829878c87.jpg
4713,C:\Users\Setekh\Desktop\ISY5002-Project\datasets\raw-2026-week1\4713\20260918T061034Z_4713_0610_cc6f965a63d3.jpg
4713,C:\Users\Setekh\Desktop\ISY5002-Project\datasets\raw-2026-week1\4713\20260918T062034Z_4713_0620_9bf585adb120.jpg
4713,C:\Users\Setekh\Desktop\ISY5002-Project\datasets\raw-2026-week1\4713\20260918T063055Z_4713_0630_1676505054e5.jpg
4713,C:\Users\Setekh\Desktop\ISY5002-Project\datasets\raw-2026-week1\4713\20260918T064055Z_4713_0640_b8e58b327b93.jpg
4713,C:\Users\Setekh\Desktop\ISY5002-Project\datasets\raw-2026-week1\4713\20260918T065035Z_4713_0650_75d8446a98c1.jpg
4713,C:\Users\Setekh\Desktop\ISY5002-Project\datasets\raw-2026-week1\4713\20260918T065536Z_4713_0655_816a44c8a7d4.jpg
4713,C:\Users\Setekh\Desktop\ISY5002-Project\datasets\raw-2026-week1\4713\20260918T071056Z_4713_0710_5b3d757a7714.jpg
4713,C:\Users\Setekh\Desktop\ISY5002-Project\datasets\raw-2026-week1\4713\20260918T072037Z_4713_0720_87849d9ad867.jpg
4713,C:\Users\Setekh\Desktop\ISY5002-Project\datasets\raw-2026-week1\4713\20260918T072537Z_4713_0725_034f5729e1f2.jpg
4713,C:\Users\Setekh\Desktop\ISY5002-Project\datasets\raw-2026-week1\4713\20260918T074037Z_4713_0740_d7b6734c5f2f.jpg
4713,C:\Users\Setekh\Desktop\ISY5002-Project\datasets\raw-2026-week1\4713\20260918T075038Z_4713_0750_e0c4786dbf37.jpg
4713,C:\Users\Setekh\Desktop\ISY5002-Project\datasets\raw-2026-week1\4713\20260918T080018Z_4713_0800_ee1561497a23.jpg
4713,C:\Users\Setekh\Desktop\ISY5002-Project\datasets\raw-2026-week1\4713\20260918T081038Z_4713_0810_42270f2e0848.jpg
4713,C:\Users\Setekh\Desktop\ISY5002-Project\datasets\raw-2026-week1\4713\20260918T082039Z_4713_0820_2ea728e8d354.jpg
4713,C:\Users\Setekh\Desktop\ISY5002-Project\datasets\raw-2026-week1\4713\20260918T083039Z_4713_0830_fb345c4eb538.jpg
4713,C:\Users\Setekh\Desktop\ISY5002-Project\datasets\raw-2026-week1\4713\20260918T083559Z_4713_0835_8e34a25b021b.jpg
4713,C:\Users\Setekh\Desktop\ISY5002-Project\datasets\raw-2026-week1\4713\20260918T085040Z_4713_0850_d74a71c29b7c.jpg
4713,C:\Users\Setekh\Desktop\ISY5002-Project\datasets\raw-2026-week1\4713\20260918T085540Z_4713_0855_8b31456048bc.jpg
4713,C:\Users\Setekh\Desktop\ISY5002-Project\datasets\raw-2026-week1\4713\20260918T091040Z_4713_0910_1f0c911e5dfd.jpg
4713,C:\Users\Setekh\Desktop\ISY5002-Project\datasets\raw-2026-week1\4713\20260918T091541Z_4713_0915_97cef2abd4ec.jpg
4713,C:\Users\Setekh\Desktop\ISY5002-Project\datasets\raw-2026-week1\4713\20260918T093041Z_4713_0930_81d8d513a7df.jpg
4713,C:\Users\Setekh\Desktop\ISY5002-Project\datasets\raw-2026-week1\4713\20260918T094042Z_4713_0940_abd674c9168d.jpg
4713,C:\Users\Setekh\Desktop\ISY5002-Project\datasets\raw-2026-week1\4713\20260918T095042Z_4713_0950_ac40fcc7b327.jpg
4713,C:\Users\Setekh\Desktop\ISY5002-Project\datasets\raw-2026-week1\4713\20260918T100042Z_4713_1000_3f98c3bf9440.jpg
4713,C:\Users\Setekh\Desktop\ISY5002-Project\datasets\raw-2026-week1\4713\20260918T100522Z_4713_1005_b9d1834e2251.jpg
4713,C:\Users\Setekh\Desktop\ISY5002-Project\datasets\raw-2026-week1\4713\20260918T101603Z_4713_1016_339c1bd88ccf.jpg
4713,C:\Users\Setekh\Desktop\ISY5002-Project\datasets\raw-2026-week1\4713\20260918T103043Z_4713_1030_3d2f41392c49.jpg
4713,C:\Users\Setekh\Desktop\ISY5002-Project\datasets\raw-2026-week1\4713\20260918T103544Z_4713_1035_2cb2fd6afa8a.jpg
4713,C:\Users\Setekh\Desktop\ISY5002-Project\datasets\raw-2026-week1\4713\20260918T105044Z_4713_1050_76b1c19f7d84.jpg
4713,C:\Users\Setekh\Desktop\ISY5002-Project\datasets\raw-2026-week1\4713\20260918T110044Z_4713_1100_01789cb67488.jpg
4713,C:\Users\Setekh\Desktop\ISY5002-Project\datasets\raw-2026-week1\4713\20260918T111045Z_4713_1110_7e8b9c918024.jpg
4713,C:\Users\Setekh\Desktop\ISY5002-Project\datasets\raw-2026-week1\4713\20260918T112045Z_4713_1120_36a07649bb19.jpg
4713,C:\Users\Setekh\Desktop\ISY5002-Project\datasets\raw-2026-week1\4713\20260918T113026Z_4713_1130_b3f0d2f291ac.jpg
4713,C:\Users\Setekh\Desktop\ISY5002-Project\datasets\raw-2026-week1\4713\20260918T114046Z_4713_1140_52ce6e6e91a8.jpg
4713,C:\Users\Setekh\Desktop\ISY5002-Project\datasets\raw-2026-week1\4713\20260918T115026Z_4713_1150_2ccb4bd5d785.jpg
4713,C:\Users\Setekh\Desktop\ISY5002-Project\datasets\raw-2026-week1\4713\20260918T120047Z_4713_1200_fb060a505315.jpg
4713,C:\Users\Setekh\Desktop\ISY5002-Project\datasets\raw-2026-week1\4713\20260918T120547Z_4713_1205_52639bd8ca98.jpg
4713,C:\Users\Setekh\Desktop\ISY5002-Project\datasets\raw-2026-week1\4713\20260918T122027Z_4713_1220_00e086a56399.jpg
4713,C:\Users\Setekh\Desktop\ISY5002-Project\datasets\raw-2026-week1\4713\20260918T122548Z_4713_1225_479b122140cf.jpg
4713,C:\Users\Setekh\Desktop\ISY5002-Project\datasets\raw-2026-week1\4713\20260918T123608Z_4713_1236_b48ff5675ef6.jpg
4713,C:\Users\Setekh\Desktop\ISY5002-Project\datasets\raw-2026-week1\4713\20260918T124048Z_4713_1240_6a2ff7b86689.jpg
4713,C:\Users\Setekh\Desktop\ISY5002-Project\datasets\raw-2026-week1\4713\20260918T125029Z_4713_1250_e45b0b2aff1e.jpg
4713,C:\Users\Setekh\Desktop\ISY5002-Project\datasets\raw-2026-week1\4713\20260918T125529Z_4713_1255_4f36552dbaef.jpg
4713,C:\Users\Setekh\Desktop\ISY5002-Project\datasets\raw-2026-week1\4713\20260918T131049Z_4713_1310_95eea4b6217d.jpg
4713,C:\Users\Setekh\Desktop\ISY5002-Project\datasets\raw-2026-week1\4713\20260918T132050Z_4713_1320_c1eafe8d9bc7.jpg
4713,C:\Users\Setekh\Desktop\ISY5002-Project\datasets\raw-2026-week1\4713\20260918T132550Z_4713_1325_4f332007156e.jpg
4713,C:\Users\Setekh\Desktop\ISY5002-Project\datasets\raw-2026-week1\4713\20260918T133550Z_4713_1335_ad1555d4f153.jpg
4713,C:\Users\Setekh\Desktop\ISY5002-Project\datasets\raw-2026-week1\4713\20260918T134551Z_4713_1345_47608f882535.jpg
4713,C:\Users\Setekh\Desktop\ISY5002-Project\datasets\raw-2026-week1\4713\20260918T140051Z_4713_1400_ce2c9dbadd89.jpg
4713,C:\Users\Setekh\Desktop\ISY5002-Project\datasets\raw-2026-week1\4713\20260918T141051Z_4713_1410_d58c963c7b34.jpg
4713,C:\Users\Setekh\Desktop\ISY5002-Project\datasets\raw-2026-week1\4713\20260918T142052Z_4713_1420_529f3d8d21d9.jpg
4713,C:\Users\Setekh\Desktop\ISY5002-Project\datasets\raw-2026-week1\4713\20260918T143032Z_4713_1430_f616e7d88933.jpg
4713,C:\Users\Setekh\Desktop\ISY5002-Project\datasets\raw-2026-week1\4713\20260918T143532Z_4713_1435_f13bed561b9e.jpg
4713,C:\Users\Setekh\Desktop\ISY5002-Project\datasets\raw-2026-week1\4713\20260918T144552Z_4713_1445_c963c2b2af88.jpg
4713,C:\Users\Setekh\Desktop\ISY5002-Project\datasets\raw-2026-week1\4713\20260918T145613Z_4713_1456_5567061e8249.jpg
4713,C:\Users\Setekh\Desktop\ISY5002-Project\datasets\raw-2026-week1\4713\20260918T150553Z_4713_1505_a272c369ee5d.jpg
4713,C:\Users\Setekh\Desktop\ISY5002-Project\datasets\raw-2026-week1\4713\20260918T151553Z_4713_1515_ae1e39ae2ecd.jpg
4713,C:\Users\Setekh\Desktop\ISY5002-Project\datasets\raw-2026-week1\4713\20260918T152554Z_4713_1525_a5bc5cb3dd32.jpg
4713,C:\Users\Setekh\Desktop\ISY5002-Project\datasets\raw-2026-week1\4713\20260918T154034Z_4713_1540_ada6a9944199.jpg
4713,C:\Users\Setekh\Desktop\ISY5002-Project\datasets\raw-2026-week1\4713\20260918T155035Z_4713_1550_92470a5af861.jpg
4713,C:\Users\Setekh\Desktop\ISY5002-Project\datasets\raw-2026-week1\4713\20260918T155615Z_4713_1556_020899a458a0.jpg
4713,C:\Users\Setekh\Desktop\ISY5002-Project\datasets\raw-2026-week1\4713\20260918T161055Z_4713_1610_0a06f40452cf.jpg
4713,C:\Users\Setekh\Desktop\ISY5002-Project\datasets\raw-2026-week1\4713\20260918T161555Z_4713_1615_62bee5f4024a.jpg
4713,C:\Users\Setekh\Desktop\ISY5002-Project\datasets\raw-2026-week1\4713\20260918T162536Z_4713_1625_df7b2a3e9d35.jpg
4713,C:\Users\Setekh\Desktop\ISY5002-Project\datasets\raw-2026-week1\4713\20260918T164036Z_4713_1640_6805c1a36fb8.jpg
4713,C:\Users\Setekh\Desktop\ISY5002-Project\datasets\raw-2026-week1\4713\20260918T165036Z_4713_1650_bcd6a6afff73.jpg
4713,C:\Users\Setekh\Desktop\ISY5002-Project\datasets\raw-2026-week1\4713\20260918T170037Z_4713_1700_49ace7cff1aa.jpg
4713,C:\Users\Setekh\Desktop\ISY5002-Project\datasets\raw-2026-week1\4713\20260918T171037Z_4713_1710_b3cd61b64366.jpg
4713,C:\Users\Setekh\Desktop\ISY5002-Project\datasets\raw-2026-week1\4713\20260918T172037Z_4713_1720_d1c449ba758c.jpg
4713,C:\Users\Setekh\Desktop\ISY5002-Project\datasets\raw-2026-week1\4713\20260918T173038Z_4713_1730_55a08e0d8b65.jpg
4713,C:\Users\Setekh\Desktop\ISY5002-Project\datasets\raw-2026-week1\4713\20260918T174038Z_4713_1740_f6d15925d92b.jpg
4713,C:\Users\Setekh\Desktop\ISY5002-Project\datasets\raw-2026-week1\4713\20260918T175038Z_4713_1750_4636c7b21d59.jpg
4713,C:\Users\Setekh\Desktop\ISY5002-Project\datasets\raw-2026-week1\4713\20260918T180039Z_4713_1800_0dd9acfa876d.jpg
4713,C:\Users\Setekh\Desktop\ISY5002-Project\datasets\raw-2026-week1\4713\20260918T181039Z_4713_1810_63a868532ad9.jpg
4713,C:\Users\Setekh\Desktop\ISY5002-Project\datasets\raw-2026-week1\4713\20260918T182040Z_4713_1820_39dc2744aaf7.jpg
4713,C:\Users\Setekh\Desktop\ISY5002-Project\datasets\raw-2026-week1\4713\20260918T182600Z_4713_1826_9c6003019720.jpg
4713,C:\Users\Setekh\Desktop\ISY5002-Project\datasets\raw-2026-week1\4713\20260918T184040Z_4713_1840_cd74535e59ff.jpg
4713,C:\Users\Setekh\Desktop\ISY5002-Project\datasets\raw-2026-week1\4713\20260918T185041Z_4713_1850_d8d8419ddf8e.jpg
4713,C:\Users\Setekh\Desktop\ISY5002-Project\datasets\raw-2026-week1\4713\20260918T190041Z_4713_1900_141da40dbc11.jpg
4713,C:\Users\Setekh\Desktop\ISY5002-Project\datasets\raw-2026-week1\4713\20260918T191042Z_4713_1910_88c4031d6282.jpg
4713,C:\Users\Setekh\Desktop\ISY5002-Project\datasets\raw-2026-week1\4713\20260918T192042Z_4713_1920_17a74952d183.jpg
4713,C:\Users\Setekh\Desktop\ISY5002-Project\datasets\raw-2026-week1\4713\20260918T193042Z_4713_1930_d92f42061835.jpg
4713,C:\Users\Setekh\Desktop\ISY5002-Project\datasets\raw-2026-week1\4713\20260918T194043Z_4713_1940_4a5f203e7b96.jpg
4713,C:\Users\Setekh\Desktop\ISY5002-Project\datasets\raw-2026-week1\4713\20260918T194543Z_4713_1945_8d73bd2c302a.jpg
4713,C:\Users\Setekh\Desktop\ISY5002-Project\datasets\raw-2026-week1\4713\20260918T200043Z_4713_2000_3194bbf3324c.jpg
4713,C:\Users\Setekh\Desktop\ISY5002-Project\datasets\raw-2026-week1\4713\20260918T201044Z_4713_2010_8512a7150c42.jpg
4713,C:\Users\Setekh\Desktop\ISY5002-Project\datasets\raw-2026-week1\4713\20260918T202044Z_4713_2020_714a8a166e09.jpg
4713,C:\Users\Setekh\Desktop\ISY5002-Project\datasets\raw-2026-week1\4713\20260918T203044Z_4713_2030_4e7462a6b6f4.jpg
4713,C:\Users\Setekh\Desktop\ISY5002-Project\datasets\raw-2026-week1\4713\20260918T204045Z_4713_2040_42ab99312bd1.jpg
4713,C:\Users\Setekh\Desktop\ISY5002-Project\datasets\raw-2026-week1\4713\20260918T205045Z_4713_2050_ae06378e6161.jpg
4713,C:\Users\Setekh\Desktop\ISY5002-Project\datasets\raw-2026-week1\4713\20260918T205605Z_4713_2056_06d732ce3f15.jpg
4713,C:\Users\Setekh\Desktop\ISY5002-Project\datasets\raw-2026-week1\4713\20260918T211046Z_4713_2110_0c3e159e7bf9.jpg
4713,C:\Users\Setekh\Desktop\ISY5002-Project\datasets\raw-2026-week1\4713\20260918T212046Z_4713_2120_0f1c34f3d1a0.jpg
4713,C:\Users\Setekh\Desktop\ISY5002-Project\datasets\raw-2026-week1\4713\20260918T213047Z_4713_2130_d760c0e19ce0.jpg
4713,C:\Users\Setekh\Desktop\ISY5002-Project\datasets\raw-2026-week1\4713\20260918T213607Z_4713_2136_0d5d223bdcda.jpg
4713,C:\Users\Setekh\Desktop\ISY5002-Project\datasets\raw-2026-week1\4713\20260918T215107Z_4713_2151_85f0c164290c.jpg
4713,C:\Users\Setekh\Desktop\ISY5002-Project\datasets\raw-2026-week1\4713\20260918T215607Z_4713_2156_90c665cc5ca1.jpg
4713,C:\Users\Setekh\Desktop\ISY5002-Project\datasets\raw-2026-week1\4713\20260918T221048Z_4713_2210_17561896648f.jpg
4713,C:\Users\Setekh\Desktop\ISY5002-Project\datasets\raw-2026-week1\4713\20260918T221608Z_4713_2216_94a8feaf5ab2.jpg
4713,C:\Users\Setekh\Desktop\ISY5002-Project\datasets\raw-2026-week1\4713\20260918T222549Z_4713_2225_7958d25c94f4.jpg
4713,C:\Users\Setekh\Desktop\ISY5002-Project\datasets\raw-2026-week1\4713\20260918T223609Z_4713_2236_f442c492d2d5.jpg
4713,C:\Users\Setekh\Desktop\ISY5002-Project\datasets\raw-2026-week1\4713\20260918T225049Z_4713_2250_6814b30bd75f.jpg
4713,C:\Users\Setekh\Desktop\ISY5002-Project\datasets\raw-2026-week1\4713\20260918T230030Z_4713_2300_473373fbfbe4.jpg
4713,C:\Users\Setekh\Desktop\ISY5002-Project\datasets\raw-2026-week1\4713\20260918T231030Z_4713_2310_83b58de2070b.jpg
4713,C:\Users\Setekh\Desktop\ISY5002-Project\datasets\raw-2026-week1\4713\20260918T232051Z_4713_2320_04dae8073732.jpg
4713,C:\Users\Setekh\Desktop\ISY5002-Project\datasets\raw-2026-week1\4713\20260918T233031Z_4713_2330_4741c62c0a8c.jpg
4713,C:\Users\Setekh\Desktop\ISY5002-Project\datasets\raw-2026-week1\4713\20260918T234051Z_4713_2340_0a7f7f30963f.jpg
4713,C:\Users\Setekh\Desktop\ISY5002-Project\datasets\raw-2026-week1\4713\20260918T235052Z_4713_2350_2d702dcc5524.jpg
4713,C:\Users\Setekh\Desktop\ISY5002-Project\datasets\raw-2026-week1\4713\20260919T000052Z_4713_0000_1a4ef112168d.jpg
4713,C:\Users\Setekh\Desktop\ISY5002-Project\datasets\raw-2026-week1\4713\20260919T001052Z_4713_0010_ae9af149c854.jpg
4713,C:\Users\Setekh\Desktop\ISY5002-Project\datasets\raw-2026-week1\4713\20260919T002033Z_4713_0020_95a57c5f4d7e.jpg
4713,C:\Users\Setekh\Desktop\ISY5002-Project\datasets\raw-2026-week1\4713\20260919T003033Z_4713_0030_cea6e2da3a3d.jpg
4713,C:\Users\Setekh\Desktop\ISY5002-Project\datasets\raw-2026-week1\4713\20260919T004054Z_4713_0040_bec94303c5fa.jpg
4713,C:\Users\Setekh\Desktop\ISY5002-Project\datasets\raw-2026-week1\4713\20260919T004554Z_4713_0045_3df90b9c4274.jpg
4713,C:\Users\Setekh\Desktop\ISY5002-Project\datasets\raw-2026-week1\4713\20260919T010054Z_4713_0100_99bb19b050c4.jpg
4713,C:\Users\Setekh\Desktop\ISY5002-Project\datasets\raw-2026-week1\4713\20260919T010614Z_4713_0106_b3ecd0d0a70e.jpg
4713,C:\Users\Setekh\Desktop\ISY5002-Project\datasets\raw-2026-week1\4713\20260919T011555Z_4713_0115_37059960eae8.jpg
4713,C:\Users\Setekh\Desktop\ISY5002-Project\datasets\raw-2026-week1\4713\20260919T012555Z_4713_0125_c5bc69b9467f.jpg
4713,C:\Users\Setekh\Desktop\ISY5002-Project\datasets\raw-2026-week1\4713\20260919T014036Z_4713_0140_15288c84e94d.jpg
4713,C:\Users\Setekh\Desktop\ISY5002-Project\datasets\raw-2026-week1\4713\20260919T015056Z_4713_0150_7616847a2ef3.jpg
4713,C:\Users\Setekh\Desktop\ISY5002-Project\datasets\raw-2026-week1\4713\20260919T020036Z_4713_0200_4dfb6dd966f1.jpg
4713,C:\Users\Setekh\Desktop\ISY5002-Project\datasets\raw-2026-week1\4713\20260919T020617Z_4713_0206_4f1d466ae5ff.jpg
4713,C:\Users\Setekh\Desktop\ISY5002-Project\datasets\raw-2026-week1\4713\20260919T021557Z_4713_0215_fd7a6520887a.jpg
4713,C:\Users\Setekh\Desktop\ISY5002-Project\datasets\raw-2026-week1\4713\20260919T022557Z_4713_0225_d4821ca3cb63.jpg
4713,C:\Users\Setekh\Desktop\ISY5002-Project\datasets\raw-2026-week1\4713\20260919T023538Z_4713_0235_1cbca4eccd4b.jpg
4713,C:\Users\Setekh\Desktop\ISY5002-Project\datasets\raw-2026-week1\4713\20260919T025038Z_4713_0250_9dee30063bb4.jpg
4713,C:\Users\Setekh\Desktop\ISY5002-Project\datasets\raw-2026-week1\4713\20260919T025559Z_4713_0255_21b776403ff9.jpg
4713,C:\Users\Setekh\Desktop\ISY5002-Project\datasets\raw-2026-week1\4713\20260919T030539Z_4713_0305_ee97185bbfad.jpg
4713,C:\Users\Setekh\Desktop\ISY5002-Project\datasets\raw-2026-week1\4713\20260919T031539Z_4713_0315_0044b160dac5.jpg
4713,C:\Users\Setekh\Desktop\ISY5002-Project\datasets\raw-2026-week1\4713\20260919T033040Z_4713_0330_0b01fd74f446.jpg
4713,C:\Users\Setekh\Desktop\ISY5002-Project\datasets\raw-2026-week1\4713\20260919T033600Z_4713_0336_67fae741f84d.jpg
4713,C:\Users\Setekh\Desktop\ISY5002-Project\datasets\raw-2026-week1\4713\20260919T035041Z_4713_0350_b19c8ff99569.jpg
4713,C:\Users\Setekh\Desktop\ISY5002-Project\datasets\raw-2026-week1\4713\20260919T035541Z_4713_0355_7925cf2724bb.jpg
4713,C:\Users\Setekh\Desktop\ISY5002-Project\datasets\raw-2026-week1\4713\20260919T040521Z_4713_0405_7cf0184efa99.jpg
4713,C:\Users\Setekh\Desktop\ISY5002-Project\datasets\raw-2026-week1\4713\20260919T042042Z_4713_0420_03fe2e2e2d23.jpg
4713,C:\Users\Setekh\Desktop\ISY5002-Project\datasets\raw-2026-week1\4713\20260919T042602Z_4713_0426_59fdf12393f7.jpg
4713,C:\Users\Setekh\Desktop\ISY5002-Project\datasets\raw-2026-week1\4713\20260919T043602Z_4713_0436_8227ed52d0b5.jpg
4713,C:\Users\Setekh\Desktop\ISY5002-Project\datasets\raw-2026-week1\4713\20260919T044543Z_4713_0445_c2e22e28437f.jpg
4713,C:\Users\Setekh\Desktop\ISY5002-Project\datasets\raw-2026-week1\4713\20260919T045543Z_4713_0455_53110065a2e4.jpg
4713,C:\Users\Setekh\Desktop\ISY5002-Project\datasets\raw-2026-week1\4713\20260919T050543Z_4713_0505_c5859838eec6.jpg
4713,C:\Users\Setekh\Desktop\ISY5002-Project\datasets\raw-2026-week1\4713\20260919T052044Z_4713_0520_84782bd4319d.jpg
4713,C:\Users\Setekh\Desktop\ISY5002-Project\datasets\raw-2026-week1\4713\20260919T053044Z_4713_0530_4275a021a641.jpg
4713,C:\Users\Setekh\Desktop\ISY5002-Project\datasets\raw-2026-week1\4713\20260919T054045Z_4713_0540_d909c4cd528b.jpg
4713,C:\Users\Setekh\Desktop\ISY5002-Project\datasets\raw-2026-week1\4713\20260919T054545Z_4713_0545_91c089a69018.jpg
4713,C:\Users\Setekh\Desktop\ISY5002-Project\datasets\raw-2026-week1\4713\20260919T055545Z_4713_0555_6958a321da4b.jpg
4713,C:\Users\Setekh\Desktop\ISY5002-Project\datasets\raw-2026-week1\4713\20260919T061046Z_4713_0610_0be28de2423b.jpg
4713,C:\Users\Setekh\Desktop\ISY5002-Project\datasets\raw-2026-week1\4713\20260919T062046Z_4713_0620_a7f67d7a830a.jpg
4713,C:\Users\Setekh\Desktop\ISY5002-Project\datasets\raw-2026-week1\4713\20260919T062546Z_4713_0625_02b6e097d39b.jpg
4713,C:\Users\Setekh\Desktop\ISY5002-Project\datasets\raw-2026-week1\4713\20260919T063527Z_4713_0635_34f48b4b1d16.jpg
4713,C:\Users\Setekh\Desktop\ISY5002-Project\datasets\raw-2026-week1\4713\20260919T065047Z_4713_0650_61d400e5a182.jpg
4713,C:\Users\Setekh\Desktop\ISY5002-Project\datasets\raw-2026-week1\4713\20260919T070048Z_4713_0700_a817a8ae6b83.jpg
4713,C:\Users\Setekh\Desktop\ISY5002-Project\datasets\raw-2026-week1\4713\20260919T071048Z_4713_0710_7b75fb902297.jpg
4713,C:\Users\Setekh\Desktop\ISY5002-Project\datasets\raw-2026-week1\4713\20260919T072048Z_4713_0720_55659c820249.jpg
4713,C:\Users\Setekh\Desktop\ISY5002-Project\datasets\raw-2026-week1\4713\20260919T073029Z_4713_0730_793611858f5e.jpg
4713,C:\Users\Setekh\Desktop\ISY5002-Project\datasets\raw-2026-week1\4713\20260919T074049Z_4713_0740_6493a535ca88.jpg
4713,C:\Users\Setekh\Desktop\ISY5002-Project\datasets\raw-2026-week1\4713\20260919T075049Z_4713_0750_a5794245a569.jpg
4713,C:\Users\Setekh\Desktop\ISY5002-Project\datasets\raw-2026-week1\4713\20260919T080030Z_4713_0800_456f6026c66e.jpg
4713,C:\Users\Setekh\Desktop\ISY5002-Project\datasets\raw-2026-week1\4713\20260919T080530Z_4713_0805_2fb2ffb6724b.jpg
4713,C:\Users\Setekh\Desktop\ISY5002-Project\datasets\raw-2026-week1\4713\20260919T081550Z_4713_0815_87330430c1f1.jpg
4713,C:\Users\Setekh\Desktop\ISY5002-Project\datasets\raw-2026-week1\4713\20260919T083031Z_4713_0830_09d02b27707f.jpg
4713,C:\Users\Setekh\Desktop\ISY5002-Project\datasets\raw-2026-week1\4713\20260919T084051Z_4713_0840_992c36334de6.jpg
4713,C:\Users\Setekh\Desktop\ISY5002-Project\datasets\raw-2026-week1\4713\20260919T085032Z_4713_0850_8e00c4c4ea46.jpg
4713,C:\Users\Setekh\Desktop\ISY5002-Project\datasets\raw-2026-week1\4713\20260919T090032Z_4713_0900_24bedf2adc0b.jpg
4713,C:\Users\Setekh\Desktop\ISY5002-Project\datasets\raw-2026-week1\4713\20260919T091052Z_4713_0910_7a14a4975882.jpg
4713,C:\Users\Setekh\Desktop\ISY5002-Project\datasets\raw-2026-week1\4713\20260919T092033Z_4713_0920_de4253b63544.jpg
4713,C:\Users\Setekh\Desktop\ISY5002-Project\datasets\raw-2026-week1\4713\20260919T093033Z_4713_0930_da21905ab6e5.jpg
4713,C:\Users\Setekh\Desktop\ISY5002-Project\datasets\raw-2026-week1\4713\20260919T093553Z_4713_0935_4e7c82c01edb.jpg
4713,C:\Users\Setekh\Desktop\ISY5002-Project\datasets\raw-2026-week1\4713\20260919T095054Z_4713_0950_544b5a80b47c.jpg
4713,C:\Users\Setekh\Desktop\ISY5002-Project\datasets\raw-2026-week1\4713\20260919T100054Z_4713_1000_4f878b0cf2e0.jpg
4713,C:\Users\Setekh\Desktop\ISY5002-Project\datasets\raw-2026-week1\4713\20260919T101035Z_4713_1010_b85d92d9a244.jpg
4713,C:\Users\Setekh\Desktop\ISY5002-Project\datasets\raw-2026-week1\4713\20260919T102035Z_4713_1020_d29254496e64.jpg
4713,C:\Users\Setekh\Desktop\ISY5002-Project\datasets\raw-2026-week1\4713\20260919T103035Z_4713_1030_c127eb41b195.jpg
4713,C:\Users\Setekh\Desktop\ISY5002-Project\datasets\raw-2026-week1\4713\20260919T104036Z_4713_1040_60c90b0176c8.jpg
4713,C:\Users\Setekh\Desktop\ISY5002-Project\datasets\raw-2026-week1\4713\20260919T105056Z_4713_1050_f4db2a4ec577.jpg
4713,C:\Users\Setekh\Desktop\ISY5002-Project\datasets\raw-2026-week1\4713\20260919T110036Z_4713_1100_7b37c0b15e95.jpg
4713,C:\Users\Setekh\Desktop\ISY5002-Project\datasets\raw-2026-week1\4713\20260919T110557Z_4713_1105_cba64c1b56ed.jpg
4713,C:\Users\Setekh\Desktop\ISY5002-Project\datasets\raw-2026-week1\4713\20260919T111537Z_4713_1115_ced3a6f13f84.jpg
4713,C:\Users\Setekh\Desktop\ISY5002-Project\datasets\raw-2026-week1\4713\20260919T112117Z_4713_1121_1042461a7432.jpg
4713,C:\Users\Setekh\Desktop\ISY5002-Project\datasets\raw-2026-week1\4713\20260919T113038Z_4713_1130_3835f36e252f.jpg
4713,C:\Users\Setekh\Desktop\ISY5002-Project\datasets\raw-2026-week1\4713\20260919T113538Z_4713_1135_33d339da865f.jpg
4713,C:\Users\Setekh\Desktop\ISY5002-Project\datasets\raw-2026-week1\4713\20260919T115038Z_4713_1150_1fca5a3e0b97.jpg
4713,C:\Users\Setekh\Desktop\ISY5002-Project\datasets\raw-2026-week1\4713\20260919T115619Z_4713_1156_f9377ac685e1.jpg
4713,C:\Users\Setekh\Desktop\ISY5002-Project\datasets\raw-2026-week1\4713\20260919T120559Z_4713_1205_96e448aca69a.jpg
4713,C:\Users\Setekh\Desktop\ISY5002-Project\datasets\raw-2026-week1\4713\20260919T121559Z_4713_1215_f42b86d7bfc8.jpg
4713,C:\Users\Setekh\Desktop\ISY5002-Project\datasets\raw-2026-week1\4713\20260919T123040Z_4713_1230_6bd88f973283.jpg
4713,C:\Users\Setekh\Desktop\ISY5002-Project\datasets\raw-2026-week1\4713\20260919T124040Z_4713_1240_4ecb058d3ab6.jpg
4713,C:\Users\Setekh\Desktop\ISY5002-Project\datasets\raw-2026-week1\4713\20260919T124541Z_4713_1245_212f8bc34e3b.jpg
4713,C:\Users\Setekh\Desktop\ISY5002-Project\datasets\raw-2026-week1\4713\20260919T130041Z_4713_1300_8b7869d2c343.jpg
4713,C:\Users\Setekh\Desktop\ISY5002-Project\datasets\raw-2026-week1\4713\20260919T131041Z_4713_1310_a1d76a260cb8.jpg
4713,C:\Users\Setekh\Desktop\ISY5002-Project\datasets\raw-2026-week1\4713\20260919T131542Z_4713_1315_6543c33ca062.jpg
4713,C:\Users\Setekh\Desktop\ISY5002-Project\datasets\raw-2026-week1\4713\20260919T133042Z_4713_1330_1c54198e9ee2.jpg
4713,C:\Users\Setekh\Desktop\ISY5002-Project\datasets\raw-2026-week1\4713\20260919T133542Z_4713_1335_4a6b27565961.jpg
4713,C:\Users\Setekh\Desktop\ISY5002-Project\datasets\raw-2026-week1\4713\20260919T135043Z_4713_1350_38a2b21b46e9.jpg
4713,C:\Users\Setekh\Desktop\ISY5002-Project\datasets\raw-2026-week1\4713\20260919T135603Z_4713_1356_a5d2a0bea459.jpg
4713,C:\Users\Setekh\Desktop\ISY5002-Project\datasets\raw-2026-week1\4713\20260919T141043Z_4713_1410_5bf4adebe980.jpg
4713,C:\Users\Setekh\Desktop\ISY5002-Project\datasets\raw-2026-week1\4713\20260919T142024Z_4713_1420_a44f599c06af.jpg
4713,C:\Users\Setekh\Desktop\ISY5002-Project\datasets\raw-2026-week1\4713\20260919T142524Z_4713_1425_29246e5a0e42.jpg
4713,C:\Users\Setekh\Desktop\ISY5002-Project\datasets\raw-2026-week1\4713\20260919T144045Z_4713_1440_21672fa86f89.jpg
4713,C:\Users\Setekh\Desktop\ISY5002-Project\datasets\raw-2026-week1\4713\20260919T145045Z_4713_1450_9f506a11a279.jpg
4713,C:\Users\Setekh\Desktop\ISY5002-Project\datasets\raw-2026-week1\4713\20260919T145605Z_4713_1456_1832ae9692da.jpg
4713,C:\Users\Setekh\Desktop\ISY5002-Project\datasets\raw-2026-week1\4713\20260919T151026Z_4713_1510_8400515975b1.jpg
4713,C:\Users\Setekh\Desktop\ISY5002-Project\datasets\raw-2026-week1\4713\20260919T152046Z_4713_1520_801c5ee5462c.jpg
4713,C:\Users\Setekh\Desktop\ISY5002-Project\datasets\raw-2026-week1\4713\20260919T153046Z_4713_1530_d5fd9d3f1af0.jpg
4713,C:\Users\Setekh\Desktop\ISY5002-Project\datasets\raw-2026-week1\4713\20260919T154027Z_4713_1540_a4a61f9ead43.jpg
4713,C:\Users\Setekh\Desktop\ISY5002-Project\datasets\raw-2026-week1\4713\20260919T155047Z_4713_1550_22191481eeb5.jpg
4713,C:\Users\Setekh\Desktop\ISY5002-Project\datasets\raw-2026-week1\4713\20260919T160028Z_4713_1600_834572a03144.jpg
4713,C:\Users\Setekh\Desktop\ISY5002-Project\datasets\raw-2026-week1\4713\20260919T161028Z_4713_1610_6c8ba0752d4d.jpg
4713,C:\Users\Setekh\Desktop\ISY5002-Project\datasets\raw-2026-week1\4713\20260919T162028Z_4713_1620_5c9cd0575276.jpg
4713,C:\Users\Setekh\Desktop\ISY5002-Project\datasets\raw-2026-week1\4713\20260919T162548Z_4713_1625_bf23f683fb90.jpg
4713,C:\Users\Setekh\Desktop\ISY5002-Project\datasets\raw-2026-week1\4713\20260919T164049Z_4713_1640_9c720180e645.jpg
4713,C:\Users\Setekh\Desktop\ISY5002-Project\datasets\raw-2026-week1\4713\20260919T165029Z_4713_1650_78c561992f55.jpg
4713,C:\Users\Setekh\Desktop\ISY5002-Project\datasets\raw-2026-week1\4713\20260919T170030Z_4713_1700_395bfb889590.jpg
4713,C:\Users\Setekh\Desktop\ISY5002-Project\datasets\raw-2026-week1\4713\20260919T173051Z_4713_1730_5a1dab3d6525.jpg
4713,C:\Users\Setekh\Desktop\ISY5002-Project\datasets\raw-2026-week1\4713\20260919T174031Z_4713_1740_ae780ed011ee.jpg
4713,C:\Users\Setekh\Desktop\ISY5002-Project\datasets\raw-2026-week1\4713\20260919T174532Z_4713_1745_d3033233ff33.jpg
4713,C:\Users\Setekh\Desktop\ISY5002-Project\datasets\raw-2026-week1\4713\20260919T180032Z_4713_1800_6bd1f2cd50df.jpg
4713,C:\Users\Setekh\Desktop\ISY5002-Project\datasets\raw-2026-week1\4713\20260919T181032Z_4713_1810_5cd702ae6b23.jpg
4713,C:\Users\Setekh\Desktop\ISY5002-Project\datasets\raw-2026-week1\4713\20260919T182033Z_4713_1820_a68748d95c28.jpg
4713,C:\Users\Setekh\Desktop\ISY5002-Project\datasets\raw-2026-week1\4713\20260919T183033Z_4713_1830_6b3a3b42e7bd.jpg
4713,C:\Users\Setekh\Desktop\ISY5002-Project\datasets\raw-2026-week1\4713\20260919T184034Z_4713_1840_018fbb8fce51.jpg
4713,C:\Users\Setekh\Desktop\ISY5002-Project\datasets\raw-2026-week1\4713\20260919T192035Z_4713_1920_81c2248b6f88.jpg
4713,C:\Users\Setekh\Desktop\ISY5002-Project\datasets\raw-2026-week1\4713\20260919T193035Z_4713_1930_3a35950afd1d.jpg
4713,C:\Users\Setekh\Desktop\ISY5002-Project\datasets\raw-2026-week1\4713\20260919T195036Z_4713_1950_d7801311af69.jpg
4713,C:\Users\Setekh\Desktop\ISY5002-Project\datasets\raw-2026-week1\4713\20260919T200057Z_4713_2000_f49ca609e068.jpg
4713,C:\Users\Setekh\Desktop\ISY5002-Project\datasets\raw-2026-week1\4713\20260919T200557Z_4713_2005_4febab9025d1.jpg
4713,C:\Users\Setekh\Desktop\ISY5002-Project\datasets\raw-2026-week1\4713\20260919T201537Z_4713_2015_4bdecadd0d5e.jpg
4713,C:\Users\Setekh\Desktop\ISY5002-Project\datasets\raw-2026-week1\4713\20260919T203038Z_4713_2030_aef3a5f1abed.jpg
4713,C:\Users\Setekh\Desktop\ISY5002-Project\datasets\raw-2026-week1\4713\20260919T204038Z_4713_2040_1369fd7f1871.jpg
4713,C:\Users\Setekh\Desktop\ISY5002-Project\datasets\raw-2026-week1\4713\20260919T205038Z_4713_2050_9f9854e680ee.jpg
4713,C:\Users\Setekh\Desktop\ISY5002-Project\datasets\raw-2026-week1\4713\20260919T205539Z_4713_2055_29f110257041.jpg
4713,C:\Users\Setekh\Desktop\ISY5002-Project\datasets\raw-2026-week1\4713\20260919T211039Z_4713_2110_ed5a90c46d20.jpg
4713,C:\Users\Setekh\Desktop\ISY5002-Project\datasets\raw-2026-week1\4713\20260919T211539Z_4713_2115_4d5198fede31.jpg
4713,C:\Users\Setekh\Desktop\ISY5002-Project\datasets\raw-2026-week1\4713\20260919T213040Z_4713_2130_b47e7c7270b7.jpg
4713,C:\Users\Setekh\Desktop\ISY5002-Project\datasets\raw-2026-week1\4713\20260919T214040Z_4713_2140_504a6faa5272.jpg
4713,C:\Users\Setekh\Desktop\ISY5002-Project\datasets\raw-2026-week1\4713\20260919T215041Z_4713_2150_3e919dcdd787.jpg
4713,C:\Users\Setekh\Desktop\ISY5002-Project\datasets\raw-2026-week1\4713\20260919T220041Z_4713_2200_6e12fc1c3120.jpg
4713,C:\Users\Setekh\Desktop\ISY5002-Project\datasets\raw-2026-week1\4713\20260919T220601Z_4713_2206_5ae37fe345ad.jpg
4713,C:\Users\Setekh\Desktop\ISY5002-Project\datasets\raw-2026-week1\4713\20260919T222042Z_4713_2220_fb29ba3d2754.jpg
4713,C:\Users\Setekh\Desktop\ISY5002-Project\datasets\raw-2026-week1\4713\20260919T222542Z_4713_2225_c82ad1960805.jpg
4713,C:\Users\Setekh\Desktop\ISY5002-Project\datasets\raw-2026-week1\4713\20260919T224043Z_4713_2240_fc793e339898.jpg
4713,C:\Users\Setekh\Desktop\ISY5002-Project\datasets\raw-2026-week1\4713\20260919T225043Z_4713_2250_a77a480be478.jpg
4713,C:\Users\Setekh\Desktop\ISY5002-Project\datasets\raw-2026-week1\4713\20260919T231044Z_4713_2310_20c61ea61161.jpg
4713,C:\Users\Setekh\Desktop\ISY5002-Project\datasets\raw-2026-week1\4713\20260919T231544Z_4713_2315_4954aeb68b51.jpg
4713,C:\Users\Setekh\Desktop\ISY5002-Project\datasets\raw-2026-week1\4713\20260919T233024Z_4713_2330_1abead075b63.jpg
4713,C:\Users\Setekh\Desktop\ISY5002-Project\datasets\raw-2026-week1\4713\20260919T234045Z_4713_2340_f366ba064883.jpg
4713,C:\Users\Setekh\Desktop\ISY5002-Project\datasets\raw-2026-week1\4713\20260919T235045Z_4713_2350_e1fc1c312bd1.jpg
4713,C:\Users\Setekh\Desktop\ISY5002-Project\datasets\raw-2026-week1\4713\20260920T000046Z_4713_0000_67ff69f2f305.jpg
4713,C:\Users\Setekh\Desktop\ISY5002-Project\datasets\raw-2026-week1\4713\20260920T001046Z_4713_0010_6111c279644f.jpg
4713,C:\Users\Setekh\Desktop\ISY5002-Project\datasets\raw-2026-week1\4713\20260920T002046Z_4713_0020_8ac6795bfd81.jpg
4713,C:\Users\Setekh\Desktop\ISY5002-Project\datasets\raw-2026-week1\4713\20260920T003027Z_4713_0030_20eb670d0d98.jpg
4713,C:\Users\Setekh\Desktop\ISY5002-Project\datasets\raw-2026-week1\4713\20260920T004027Z_4713_0040_04f96f387469.jpg
4713,C:\Users\Setekh\Desktop\ISY5002-Project\datasets\raw-2026-week1\4713\20260920T011548Z_4713_0115_a4adcdd431c4.jpg
4713,C:\Users\Setekh\Desktop\ISY5002-Project\datasets\raw-2026-week1\4713\20260920T013029Z_4713_0130_3c83d14056d5.jpg
4713,C:\Users\Setekh\Desktop\ISY5002-Project\datasets\raw-2026-week1\4713\20260920T014049Z_4713_0140_d4644620595d.jpg
4713,C:\Users\Setekh\Desktop\ISY5002-Project\datasets\raw-2026-week1\4713\20260920T015030Z_4713_0150_870d173e726b.jpg
4713,C:\Users\Setekh\Desktop\ISY5002-Project\datasets\raw-2026-week1\4713\20260920T020030Z_4713_0200_c034018c9fb6.jpg
4713,C:\Users\Setekh\Desktop\ISY5002-Project\datasets\raw-2026-week1\4713\20260920T021051Z_4713_0210_29ac6dd638b6.jpg
4713,C:\Users\Setekh\Desktop\ISY5002-Project\datasets\raw-2026-week1\4713\20260920T021531Z_4713_0215_151ab176e7ba.jpg
4713,C:\Users\Setekh\Desktop\ISY5002-Project\datasets\raw-2026-week1\4713\20260920T023031Z_4713_0230_cad45d67511c.jpg
4713,C:\Users\Setekh\Desktop\ISY5002-Project\datasets\raw-2026-week1\4713\20260920T024031Z_4713_0240_a6840a36876e.jpg
4713,C:\Users\Setekh\Desktop\ISY5002-Project\datasets\raw-2026-week1\4713\20260920T025032Z_4713_0250_6689b234be39.jpg
4713,C:\Users\Setekh\Desktop\ISY5002-Project\datasets\raw-2026-week1\4713\20260920T030052Z_4713_0300_1e87bdc4a96a.jpg
4713,C:\Users\Setekh\Desktop\ISY5002-Project\datasets\raw-2026-week1\4713\20260920T031033Z_4713_0310_3132d1b6e86f.jpg
4713,C:\Users\Setekh\Desktop\ISY5002-Project\datasets\raw-2026-week1\4713\20260920T032033Z_4713_0320_146fe1afe642.jpg
4713,C:\Users\Setekh\Desktop\ISY5002-Project\datasets\raw-2026-week1\4713\20260920T033033Z_4713_0330_90d6bbdc876a.jpg
4713,C:\Users\Setekh\Desktop\ISY5002-Project\datasets\raw-2026-week1\4713\20260920T034054Z_4713_0340_5aa597fb058a.jpg
4713,C:\Users\Setekh\Desktop\ISY5002-Project\datasets\raw-2026-week1\4713\20260920T035034Z_4713_0350_902f24543138.jpg
4713,C:\Users\Setekh\Desktop\ISY5002-Project\datasets\raw-2026-week1\4713\20260920T040034Z_4713_0400_d8c92981209f.jpg
4713,C:\Users\Setekh\Desktop\ISY5002-Project\datasets\raw-2026-week1\4713\20260920T041055Z_4713_0410_e018e229d585.jpg
4713,C:\Users\Setekh\Desktop\ISY5002-Project\datasets\raw-2026-week1\4713\20260920T042035Z_4713_0420_b5035aef7689.jpg
4713,C:\Users\Setekh\Desktop\ISY5002-Project\datasets\raw-2026-week1\4713\20260920T043036Z_4713_0430_073aa5d1db5e.jpg
4713,C:\Users\Setekh\Desktop\ISY5002-Project\datasets\raw-2026-week1\4713\20260920T043556Z_4713_0435_1c8b1995de4b.jpg
4713,C:\Users\Setekh\Desktop\ISY5002-Project\datasets\raw-2026-week1\4713\20260920T045036Z_4713_0450_c70624410dbf.jpg
4713,C:\Users\Setekh\Desktop\ISY5002-Project\datasets\raw-2026-week1\4713\20260920T045536Z_4713_0455_9d0471f75bbd.jpg
4713,C:\Users\Setekh\Desktop\ISY5002-Project\datasets\raw-2026-week1\4713\20260920T050557Z_4713_0505_54ac2cb91cde.jpg
4713,C:\Users\Setekh\Desktop\ISY5002-Project\datasets\raw-2026-week1\4713\20260920T052037Z_4713_0520_5490c92c1203.jpg
4713,C:\Users\Setekh\Desktop\ISY5002-Project\datasets\raw-2026-week1\4713\20260920T053038Z_4713_0530_5fa7d0b2afd4.jpg
4713,C:\Users\Setekh\Desktop\ISY5002-Project\datasets\raw-2026-week1\4713\20260920T053558Z_4713_0535_034c006f4886.jpg
4713,C:\Users\Setekh\Desktop\ISY5002-Project\datasets\raw-2026-week1\4713\20260920T054558Z_4713_0545_75bfdff15bcc.jpg
4713,C:\Users\Setekh\Desktop\ISY5002-Project\datasets\raw-2026-week1\4713\20260920T060019Z_4713_0600_1086bf2ace50.jpg
4713,C:\Users\Setekh\Desktop\ISY5002-Project\datasets\raw-2026-week1\4713\20260920T060559Z_4713_0605_9ce7553e77a4.jpg
4713,C:\Users\Setekh\Desktop\ISY5002-Project\datasets\raw-2026-week1\4713\20260920T061539Z_4713_0615_707dafa9e864.jpg
4713,C:\Users\Setekh\Desktop\ISY5002-Project\datasets\raw-2026-week1\4713\20260920T063040Z_4713_0630_01cc3a8c0cc4.jpg
4713,C:\Users\Setekh\Desktop\ISY5002-Project\datasets\raw-2026-week1\4713\20260920T064040Z_4713_0640_11b0e5dd4b2c.jpg
4713,C:\Users\Setekh\Desktop\ISY5002-Project\datasets\raw-2026-week1\4713\20260920T065041Z_4713_0650_bb5a5179b620.jpg
4713,C:\Users\Setekh\Desktop\ISY5002-Project\datasets\raw-2026-week1\4713\20260920T070021Z_4713_0700_b239f7335a29.jpg
4713,C:\Users\Setekh\Desktop\ISY5002-Project\datasets\raw-2026-week1\4713\20260920T070601Z_4713_0706_f819acee6dfe.jpg
4713,C:\Users\Setekh\Desktop\ISY5002-Project\datasets\raw-2026-week1\4713\20260920T071602Z_4713_0716_db724df686df.jpg
4713,C:\Users\Setekh\Desktop\ISY5002-Project\datasets\raw-2026-week1\4713\20260920T073042Z_4713_0730_24c4916427ee.jpg
4713,C:\Users\Setekh\Desktop\ISY5002-Project\datasets\raw-2026-week1\4713\20260920T074042Z_4713_0740_b8c63425431a.jpg
4713,C:\Users\Setekh\Desktop\ISY5002-Project\datasets\raw-2026-week1\4713\20260920T075023Z_4713_0750_80752cefd33e.jpg
4713,C:\Users\Setekh\Desktop\ISY5002-Project\datasets\raw-2026-week1\4713\20260920T080043Z_4713_0800_0ef2d382183d.jpg
4713,C:\Users\Setekh\Desktop\ISY5002-Project\datasets\raw-2026-week1\4713\20260920T081044Z_4713_0810_d32b5e3f362f.jpg
4713,C:\Users\Setekh\Desktop\ISY5002-Project\datasets\raw-2026-week1\4713\20260920T082044Z_4713_0820_1e42efb4a224.jpg
4713,C:\Users\Setekh\Desktop\ISY5002-Project\datasets\raw-2026-week1\4713\20260920T083044Z_4713_0830_fb621d4b0385.jpg
4713,C:\Users\Setekh\Desktop\ISY5002-Project\datasets\raw-2026-week1\4713\20260920T084045Z_4713_0840_c41d5a4c2968.jpg
4713,C:\Users\Setekh\Desktop\ISY5002-Project\datasets\raw-2026-week1\4713\20260920T085045Z_4713_0850_8c6d03da1477.jpg
4713,C:\Users\Setekh\Desktop\ISY5002-Project\datasets\raw-2026-week1\4713\20260920T090045Z_4713_0900_de11a8116a32.jpg
4713,C:\Users\Setekh\Desktop\ISY5002-Project\datasets\raw-2026-week1\4713\20260920T091046Z_4713_0910_8224eadff8cf.jpg
4713,C:\Users\Setekh\Desktop\ISY5002-Project\datasets\raw-2026-week1\4713\20260920T092046Z_4713_0920_e0c89c520f59.jpg
4713,C:\Users\Setekh\Desktop\ISY5002-Project\datasets\raw-2026-week1\4713\20260920T093027Z_4713_0930_c85325b1e67c.jpg
4713,C:\Users\Setekh\Desktop\ISY5002-Project\datasets\raw-2026-week1\4713\20260920T094027Z_4713_0940_a48864a26db7.jpg
4713,C:\Users\Setekh\Desktop\ISY5002-Project\datasets\raw-2026-week1\4713\20260920T095027Z_4713_0950_a43b60cf6f69.jpg
4713,C:\Users\Setekh\Desktop\ISY5002-Project\datasets\raw-2026-week1\4713\20260920T100028Z_4713_1000_956c83fd5671.jpg
4713,C:\Users\Setekh\Desktop\ISY5002-Project\datasets\raw-2026-week1\4713\20260920T101028Z_4713_1010_eb8b457ad0d9.jpg
4713,C:\Users\Setekh\Desktop\ISY5002-Project\datasets\raw-2026-week1\4713\20260920T102048Z_4713_1020_c01e1e575544.jpg
4713,C:\Users\Setekh\Desktop\ISY5002-Project\datasets\raw-2026-week1\4713\20260920T103029Z_4713_1030_e1591154b2af.jpg
4713,C:\Users\Setekh\Desktop\ISY5002-Project\datasets\raw-2026-week1\4713\20260920T104029Z_4713_1040_caeaa4d86e8c.jpg
4713,C:\Users\Setekh\Desktop\ISY5002-Project\datasets\raw-2026-week1\4713\20260920T105029Z_4713_1050_1f9be91ab30b.jpg
4713,C:\Users\Setekh\Desktop\ISY5002-Project\datasets\raw-2026-week1\4713\20260920T110030Z_4713_1100_edf575cc522f.jpg
4713,C:\Users\Setekh\Desktop\ISY5002-Project\datasets\raw-2026-week1\4713\20260920T111030Z_4713_1110_dc94bf50f4a1.jpg
4713,C:\Users\Setekh\Desktop\ISY5002-Project\datasets\raw-2026-week1\4713\20260920T112031Z_4713_1120_6f7a28caade3.jpg
4713,C:\Users\Setekh\Desktop\ISY5002-Project\datasets\raw-2026-week1\4713\20260920T113051Z_4713_1130_b7aa4650cba8.jpg
4713,C:\Users\Setekh\Desktop\ISY5002-Project\datasets\raw-2026-week1\4713\20260920T114031Z_4713_1140_7e3df4f3b755.jpg
4713,C:\Users\Setekh\Desktop\ISY5002-Project\datasets\raw-2026-week1\4713\20260920T115052Z_4713_1150_d53a078b47e0.jpg
4713,C:\Users\Setekh\Desktop\ISY5002-Project\datasets\raw-2026-week1\4713\20260920T120052Z_4713_1200_8a9977b8a4a5.jpg
4713,C:\Users\Setekh\Desktop\ISY5002-Project\datasets\raw-2026-week1\4713\20260920T121052Z_4713_1210_9b7d9bd76051.jpg
4713,C:\Users\Setekh\Desktop\ISY5002-Project\datasets\raw-2026-week1\4713\20260920T121553Z_4713_1215_7d6c13965ad4.jpg
4713,C:\Users\Setekh\Desktop\ISY5002-Project\datasets\raw-2026-week1\4713\20260920T123053Z_4713_1230_ece0ce64d3e7.jpg
4713,C:\Users\Setekh\Desktop\ISY5002-Project\datasets\raw-2026-week1\4713\20260920T124034Z_4713_1240_51619fdf9f0f.jpg
4713,C:\Users\Setekh\Desktop\ISY5002-Project\datasets\raw-2026-week1\4713\20260920T125034Z_4713_1250_b57bd10573a3.jpg
4713,C:\Users\Setekh\Desktop\ISY5002-Project\datasets\raw-2026-week1\4713\20260920T130054Z_4713_1300_c82bdbdcfe3f.jpg
4713,C:\Users\Setekh\Desktop\ISY5002-Project\datasets\raw-2026-week1\4713\20260920T130615Z_4713_1306_1d61687b508d.jpg
4713,C:\Users\Setekh\Desktop\ISY5002-Project\datasets\raw-2026-week1\4713\20260920T131555Z_4713_1315_45346a3de4f9.jpg
4713,C:\Users\Setekh\Desktop\ISY5002-Project\datasets\raw-2026-week1\4713\20260920T133055Z_4713_1330_88a559530598.jpg
4713,C:\Users\Setekh\Desktop\ISY5002-Project\datasets\raw-2026-week1\4713\20260920T133556Z_4713_1335_4f451b8fa47e.jpg
4713,C:\Users\Setekh\Desktop\ISY5002-Project\datasets\raw-2026-week1\4713\20260920T135036Z_4713_1350_09162fbe771c.jpg
4713,C:\Users\Setekh\Desktop\ISY5002-Project\datasets\raw-2026-week1\4713\20260920T135556Z_4713_1355_1a463967e902.jpg
4713,C:\Users\Setekh\Desktop\ISY5002-Project\datasets\raw-2026-week1\4713\20260920T140537Z_4713_1405_fe781a756e5d.jpg
4713,C:\Users\Setekh\Desktop\ISY5002-Project\datasets\raw-2026-week1\4713\20260920T142037Z_4713_1420_e92dfb7b0d59.jpg
4713,C:\Users\Setekh\Desktop\ISY5002-Project\datasets\raw-2026-week1\4713\20260920T142537Z_4713_1425_8dc8845c18e6.jpg
4713,C:\Users\Setekh\Desktop\ISY5002-Project\datasets\raw-2026-week1\4713\20260920T145018Z_4713_1450_47c0d8285702.jpg
4713,C:\Users\Setekh\Desktop\ISY5002-Project\datasets\raw-2026-week1\4713\20260920T145619Z_4713_1456_455a69d4eaed.jpg
4713,C:\Users\Setekh\Desktop\ISY5002-Project\datasets\raw-2026-week1\4713\20260920T150559Z_4713_1505_a1c5145f0f6e.jpg
4713,C:\Users\Setekh\Desktop\ISY5002-Project\datasets\raw-2026-week1\4713\20260920T152039Z_4713_1520_7a44e2e7548b.jpg
4713,C:\Users\Setekh\Desktop\ISY5002-Project\datasets\raw-2026-week1\4713\20260920T152600Z_4713_1526_430764b7da9d.jpg
4713,C:\Users\Setekh\Desktop\ISY5002-Project\datasets\raw-2026-week1\4713\20260920T154040Z_4713_1540_6857ac7f06e1.jpg
4713,C:\Users\Setekh\Desktop\ISY5002-Project\datasets\raw-2026-week1\4713\20260920T155041Z_4713_1550_8d1e763d49cd.jpg
4798,C:\Users\Setekh\Desktop\ISY5002-Project\datasets\raw-2026-week1\4798\20260913T063050Z_4798_0630_830892fffb81.jpg
4798,C:\Users\Setekh\Desktop\ISY5002-Project\datasets\raw-2026-week1\4798\20260913T124023Z_4798_1240_07ad064225ed.jpg
4798,C:\Users\Setekh\Desktop\ISY5002-Project\datasets\raw-2026-week1\4798\20260913T164052Z_4798_1640_515dca0e400c.jpg
4798,C:\Users\Setekh\Desktop\ISY5002-Project\datasets\raw-2026-week1\4798\20260913T165033Z_4798_1650_a477809ec4cc.jpg
4798,C:\Users\Setekh\Desktop\ISY5002-Project\datasets\raw-2026-week1\4798\20260913T165553Z_4798_1655_ee0577c35584.jpg
4798,C:\Users\Setekh\Desktop\ISY5002-Project\datasets\raw-2026-week1\4798\20260913T170053Z_4798_1700_c595c4b9fe1d.jpg
4798,C:\Users\Setekh\Desktop\ISY5002-Project\datasets\raw-2026-week1\4798\20260913T171053Z_4798_1710_d193533e2a79.jpg
4798,C:\Users\Setekh\Desktop\ISY5002-Project\datasets\raw-2026-week1\4798\20260913T172054Z_4798_1720_cf0eaed29cd5.jpg
4798,C:\Users\Setekh\Desktop\ISY5002-Project\datasets\raw-2026-week1\4798\20260913T172554Z_4798_1725_becc1fb12976.jpg
4798,C:\Users\Setekh\Desktop\ISY5002-Project\datasets\raw-2026-week1\4798\20260913T173034Z_4798_1730_aa302e290a07.jpg
4798,C:\Users\Setekh\Desktop\ISY5002-Project\datasets\raw-2026-week1\4798\20260913T174034Z_4798_1740_637a96d5c084.jpg
4798,C:\Users\Setekh\Desktop\ISY5002-Project\datasets\raw-2026-week1\4798\20260913T175055Z_4798_1750_7b1e55ba786b.jpg
4798,C:\Users\Setekh\Desktop\ISY5002-Project\datasets\raw-2026-week1\4798\20260913T180055Z_4798_1800_39cc4db0461a.jpg
4798,C:\Users\Setekh\Desktop\ISY5002-Project\datasets\raw-2026-week1\4798\20260913T180535Z_4798_1805_05f90f9d151e.jpg
4798,C:\Users\Setekh\Desktop\ISY5002-Project\datasets\raw-2026-week1\4798\20260913T181556Z_4798_1815_ea6d9c372e0b.jpg
4798,C:\Users\Setekh\Desktop\ISY5002-Project\datasets\raw-2026-week1\4798\20260913T191038Z_4798_1910_270ed6dea8e3.jpg
4798,C:\Users\Setekh\Desktop\ISY5002-Project\datasets\raw-2026-week1\4798\20260913T192018Z_4798_1920_c46b57503dd5.jpg
4798,C:\Users\Setekh\Desktop\ISY5002-Project\datasets\raw-2026-week1\4798\20260913T212103Z_4798_2121_045f21a23824.jpg
4798,C:\Users\Setekh\Desktop\ISY5002-Project\datasets\raw-2026-week1\4798\20260913T212603Z_4798_2126_347600de4bfc.jpg
4798,C:\Users\Setekh\Desktop\ISY5002-Project\datasets\raw-2026-week1\4798\20260913T231547Z_4798_2315_ddf118c8b6f4.jpg
4798,C:\Users\Setekh\Desktop\ISY5002-Project\datasets\raw-2026-week1\4798\20260913T232027Z_4798_2320_e8b326e64614.jpg
4798,C:\Users\Setekh\Desktop\ISY5002-Project\datasets\raw-2026-week1\4798\20260914T005550Z_4798_0055_f19a4c9f2ce1.jpg
4798,C:\Users\Setekh\Desktop\ISY5002-Project\datasets\raw-2026-week1\4798\20260914T010031Z_4798_0100_dd58d75a1edf.jpg
4798,C:\Users\Setekh\Desktop\ISY5002-Project\datasets\raw-2026-week1\4798\20260914T011031Z_4798_0110_d44e9c91c62c.jpg
4798,C:\Users\Setekh\Desktop\ISY5002-Project\datasets\raw-2026-week1\4798\20260914T012051Z_4798_0120_2e6db8ab77b7.jpg
4798,C:\Users\Setekh\Desktop\ISY5002-Project\datasets\raw-2026-week1\4798\20260914T013032Z_4798_0130_e1659a7cd730.jpg
4798,C:\Users\Setekh\Desktop\ISY5002-Project\datasets\raw-2026-week1\4798\20260914T014052Z_4798_0140_a78927303560.jpg
4798,C:\Users\Setekh\Desktop\ISY5002-Project\datasets\raw-2026-week1\4798\20260914T015052Z_4798_0150_df5dbdb95911.jpg
4798,C:\Users\Setekh\Desktop\ISY5002-Project\datasets\raw-2026-week1\4798\20260914T020033Z_4798_0200_6e4b563bad11.jpg
4798,C:\Users\Setekh\Desktop\ISY5002-Project\datasets\raw-2026-week1\4798\20260914T021033Z_4798_0210_0b78b4800d91.jpg
4798,C:\Users\Setekh\Desktop\ISY5002-Project\datasets\raw-2026-week1\4798\20260914T022053Z_4798_0220_99728980c7fa.jpg
4798,C:\Users\Setekh\Desktop\ISY5002-Project\datasets\raw-2026-week1\4798\20260914T023034Z_4798_0230_4720b7109090.jpg
4798,C:\Users\Setekh\Desktop\ISY5002-Project\datasets\raw-2026-week1\4798\20260914T024034Z_4798_0240_9b17e6194b24.jpg
4798,C:\Users\Setekh\Desktop\ISY5002-Project\datasets\raw-2026-week1\4798\20260914T025055Z_4798_0250_a5ad4ccc0fe7.jpg
4798,C:\Users\Setekh\Desktop\ISY5002-Project\datasets\raw-2026-week1\4798\20260914T030035Z_4798_0300_1c7ec4260fe4.jpg
4798,C:\Users\Setekh\Desktop\ISY5002-Project\datasets\raw-2026-week1\4798\20260914T031055Z_4798_0310_d2dbbeb33507.jpg
4798,C:\Users\Setekh\Desktop\ISY5002-Project\datasets\raw-2026-week1\4798\20260914T031556Z_4798_0315_56142d77ac6f.jpg
4798,C:\Users\Setekh\Desktop\ISY5002-Project\datasets\raw-2026-week1\4798\20260914T033056Z_4798_0330_ac82cba8df88.jpg
4798,C:\Users\Setekh\Desktop\ISY5002-Project\datasets\raw-2026-week1\4798\20260914T034056Z_4798_0340_8ed486ca8183.jpg
4798,C:\Users\Setekh\Desktop\ISY5002-Project\datasets\raw-2026-week1\4798\20260914T034617Z_4798_0346_48ebb2aa2019.jpg
4798,C:\Users\Setekh\Desktop\ISY5002-Project\datasets\raw-2026-week1\4798\20260914T035557Z_4798_0355_0069c6f86114.jpg
4798,C:\Users\Setekh\Desktop\ISY5002-Project\datasets\raw-2026-week1\4798\20260914T040557Z_4798_0405_8dd9194e9981.jpg
4798,C:\Users\Setekh\Desktop\ISY5002-Project\datasets\raw-2026-week1\4798\20260914T041558Z_4798_0415_cdff820d2614.jpg
4798,C:\Users\Setekh\Desktop\ISY5002-Project\datasets\raw-2026-week1\4798\20260914T043018Z_4798_0430_1bf0a597b0b7.jpg
4798,C:\Users\Setekh\Desktop\ISY5002-Project\datasets\raw-2026-week1\4798\20260914T043559Z_4798_0435_b3910deae8ad.jpg
4798,C:\Users\Setekh\Desktop\ISY5002-Project\datasets\raw-2026-week1\4798\20260914T045039Z_4798_0450_c0ece704c854.jpg
4798,C:\Users\Setekh\Desktop\ISY5002-Project\datasets\raw-2026-week1\4798\20260914T045559Z_4798_0455_a5e1d4aa8544.jpg
4798,C:\Users\Setekh\Desktop\ISY5002-Project\datasets\raw-2026-week1\4798\20260914T051040Z_4798_0510_26e8688958bd.jpg
4798,C:\Users\Setekh\Desktop\ISY5002-Project\datasets\raw-2026-week1\4798\20260914T051540Z_4798_0515_bdb775ba33c6.jpg
4798,C:\Users\Setekh\Desktop\ISY5002-Project\datasets\raw-2026-week1\4798\20260914T052600Z_4798_0526_023697edb042.jpg
4798,C:\Users\Setekh\Desktop\ISY5002-Project\datasets\raw-2026-week1\4798\20260914T054041Z_4798_0540_5a8cff7ba351.jpg
4798,C:\Users\Setekh\Desktop\ISY5002-Project\datasets\raw-2026-week1\4798\20260914T054601Z_4798_0546_910823947999.jpg
4798,C:\Users\Setekh\Desktop\ISY5002-Project\datasets\raw-2026-week1\4798\20260914T060042Z_4798_0600_30bc873a1a16.jpg
4798,C:\Users\Setekh\Desktop\ISY5002-Project\datasets\raw-2026-week1\4798\20260914T060542Z_4798_0605_e70c65a12d24.jpg
4798,C:\Users\Setekh\Desktop\ISY5002-Project\datasets\raw-2026-week1\4798\20260914T061602Z_4798_0616_b6326d666758.jpg
4798,C:\Users\Setekh\Desktop\ISY5002-Project\datasets\raw-2026-week1\4798\20260914T063043Z_4798_0630_b9dc432e9ab5.jpg
4798,C:\Users\Setekh\Desktop\ISY5002-Project\datasets\raw-2026-week1\4798\20260914T063543Z_4798_0635_39e71fa52289.jpg
4798,C:\Users\Setekh\Desktop\ISY5002-Project\datasets\raw-2026-week1\4798\20260914T064043Z_4798_0640_3ecd7752f23c.jpg
4798,C:\Users\Setekh\Desktop\ISY5002-Project\datasets\raw-2026-week1\4798\20260914T064603Z_4798_0646_043df7823179.jpg
4798,C:\Users\Setekh\Desktop\ISY5002-Project\datasets\raw-2026-week1\4798\20260914T070024Z_4798_0700_4bad9a3aec9a.jpg
4798,C:\Users\Setekh\Desktop\ISY5002-Project\datasets\raw-2026-week1\4798\20260914T071024Z_4798_0710_7f077f3427e5.jpg
4798,C:\Users\Setekh\Desktop\ISY5002-Project\datasets\raw-2026-week1\4798\20260914T071524Z_4798_0715_674cb2883461.jpg
4798,C:\Users\Setekh\Desktop\ISY5002-Project\datasets\raw-2026-week1\4798\20260914T073025Z_4798_0730_943e1a12d696.jpg
4798,C:\Users\Setekh\Desktop\ISY5002-Project\datasets\raw-2026-week1\4798\20260914T074045Z_4798_0740_f1e3d6243dbe.jpg
4798,C:\Users\Setekh\Desktop\ISY5002-Project\datasets\raw-2026-week1\4798\20260914T075046Z_4798_0750_0e89eab1bf95.jpg
4798,C:\Users\Setekh\Desktop\ISY5002-Project\datasets\raw-2026-week1\4798\20260914T080046Z_4798_0800_df549f9fc5fd.jpg
4798,C:\Users\Setekh\Desktop\ISY5002-Project\datasets\raw-2026-week1\4798\20260914T081046Z_4798_0810_0b6ac67afad5.jpg
4798,C:\Users\Setekh\Desktop\ISY5002-Project\datasets\raw-2026-week1\4798\20260914T081547Z_4798_0815_433907d4efd4.jpg
4798,C:\Users\Setekh\Desktop\ISY5002-Project\datasets\raw-2026-week1\4798\20260914T083047Z_4798_0830_52c460b92a06.jpg
4798,C:\Users\Setekh\Desktop\ISY5002-Project\datasets\raw-2026-week1\4798\20260914T084047Z_4798_0840_7b7eb2154e0d.jpg
4798,C:\Users\Setekh\Desktop\ISY5002-Project\datasets\raw-2026-week1\4798\20260914T090048Z_4798_0900_05a7d043ee63.jpg
4798,C:\Users\Setekh\Desktop\ISY5002-Project\datasets\raw-2026-week1\4798\20260914T091049Z_4798_0910_02e11cd2079b.jpg
4798,C:\Users\Setekh\Desktop\ISY5002-Project\datasets\raw-2026-week1\4798\20260914T092029Z_4798_0920_9399f8c82472.jpg
4798,C:\Users\Setekh\Desktop\ISY5002-Project\datasets\raw-2026-week1\4798\20260914T092549Z_4798_0925_914f09352a4a.jpg
4798,C:\Users\Setekh\Desktop\ISY5002-Project\datasets\raw-2026-week1\4798\20260914T094030Z_4798_0940_c8e8def48218.jpg
4798,C:\Users\Setekh\Desktop\ISY5002-Project\datasets\raw-2026-week1\4798\20260914T095050Z_4798_0950_ff3fda62a0ed.jpg
4798,C:\Users\Setekh\Desktop\ISY5002-Project\datasets\raw-2026-week1\4798\20260914T100030Z_4798_1000_3ae5396cb6ad.jpg
4798,C:\Users\Setekh\Desktop\ISY5002-Project\datasets\raw-2026-week1\4798\20260914T101051Z_4798_1010_62b1eee61dd3.jpg
4798,C:\Users\Setekh\Desktop\ISY5002-Project\datasets\raw-2026-week1\4798\20260914T102051Z_4798_1020_e42f47b5b5f3.jpg
4798,C:\Users\Setekh\Desktop\ISY5002-Project\datasets\raw-2026-week1\4798\20260914T103052Z_4798_1030_9259605b81ab.jpg
4798,C:\Users\Setekh\Desktop\ISY5002-Project\datasets\raw-2026-week1\4798\20260914T104052Z_4798_1040_7c90c3a9b6b4.jpg
4798,C:\Users\Setekh\Desktop\ISY5002-Project\datasets\raw-2026-week1\4798\20260914T105032Z_4798_1050_10665cbf5a2c.jpg
4798,C:\Users\Setekh\Desktop\ISY5002-Project\datasets\raw-2026-week1\4798\20260914T110053Z_4798_1100_5282ca251199.jpg
4798,C:\Users\Setekh\Desktop\ISY5002-Project\datasets\raw-2026-week1\4798\20260914T111053Z_4798_1110_d1831926da49.jpg
4798,C:\Users\Setekh\Desktop\ISY5002-Project\datasets\raw-2026-week1\4798\20260914T111553Z_4798_1115_522bde6c5d3a.jpg
4798,C:\Users\Setekh\Desktop\ISY5002-Project\datasets\raw-2026-week1\4798\20260914T113054Z_4798_1130_30ea1c51b891.jpg
4798,C:\Users\Setekh\Desktop\ISY5002-Project\datasets\raw-2026-week1\4798\20260914T114054Z_4798_1140_219c543b5528.jpg
4798,C:\Users\Setekh\Desktop\ISY5002-Project\datasets\raw-2026-week1\4798\20260914T115034Z_4798_1150_9dbe3efff37b.jpg
4798,C:\Users\Setekh\Desktop\ISY5002-Project\datasets\raw-2026-week1\4798\20260914T120035Z_4798_1200_1e6093fc7911.jpg
4798,C:\Users\Setekh\Desktop\ISY5002-Project\datasets\raw-2026-week1\4798\20260914T121055Z_4798_1210_087fbc5f12c2.jpg
4798,C:\Users\Setekh\Desktop\ISY5002-Project\datasets\raw-2026-week1\4798\20260914T121555Z_4798_1215_bf37823caafc.jpg
4798,C:\Users\Setekh\Desktop\ISY5002-Project\datasets\raw-2026-week1\4798\20260914T123036Z_4798_1230_3a072cf29c98.jpg
4798,C:\Users\Setekh\Desktop\ISY5002-Project\datasets\raw-2026-week1\4798\20260914T123556Z_4798_1235_1ac223829681.jpg
4798,C:\Users\Setekh\Desktop\ISY5002-Project\datasets\raw-2026-week1\4798\20260914T124557Z_4798_1245_21727e499126.jpg
4798,C:\Users\Setekh\Desktop\ISY5002-Project\datasets\raw-2026-week1\4798\20260914T125557Z_4798_1255_0057b71e7277.jpg
4798,C:\Users\Setekh\Desktop\ISY5002-Project\datasets\raw-2026-week1\4798\20260914T130557Z_4798_1305_eedf53dded2e.jpg
4798,C:\Users\Setekh\Desktop\ISY5002-Project\datasets\raw-2026-week1\4798\20260914T131558Z_4798_1315_c9a0f8549fed.jpg
4798,C:\Users\Setekh\Desktop\ISY5002-Project\datasets\raw-2026-week1\4798\20260914T133038Z_4798_1330_0aa9b16b1866.jpg
4798,C:\Users\Setekh\Desktop\ISY5002-Project\datasets\raw-2026-week1\4798\20260914T133538Z_4798_1335_4fb5278447e6.jpg
4798,C:\Users\Setekh\Desktop\ISY5002-Project\datasets\raw-2026-week1\4798\20260914T134559Z_4798_1345_856345ebaaff.jpg
4798,C:\Users\Setekh\Desktop\ISY5002-Project\datasets\raw-2026-week1\4798\20260914T140039Z_4798_1400_ba7600c35682.jpg
4798,C:\Users\Setekh\Desktop\ISY5002-Project\datasets\raw-2026-week1\4798\20260914T141040Z_4798_1410_edc4d8dfcfa5.jpg
4798,C:\Users\Setekh\Desktop\ISY5002-Project\datasets\raw-2026-week1\4798\20260914T141600Z_4798_1416_ca5bbbc24ab9.jpg
4798,C:\Users\Setekh\Desktop\ISY5002-Project\datasets\raw-2026-week1\4798\20260914T143040Z_4798_1430_d40d03ed5053.jpg
4798,C:\Users\Setekh\Desktop\ISY5002-Project\datasets\raw-2026-week1\4798\20260914T143541Z_4798_1435_144a5c5d883b.jpg
4798,C:\Users\Setekh\Desktop\ISY5002-Project\datasets\raw-2026-week1\4798\20260914T144601Z_4798_1446_050e262ba9ae.jpg
4798,C:\Users\Setekh\Desktop\ISY5002-Project\datasets\raw-2026-week1\4798\20260914T150022Z_4798_1500_b1646f58d7ca.jpg
4798,C:\Users\Setekh\Desktop\ISY5002-Project\datasets\raw-2026-week1\4798\20260914T151042Z_4798_1510_3fba28e543e5.jpg
4798,C:\Users\Setekh\Desktop\ISY5002-Project\datasets\raw-2026-week1\4798\20260914T151602Z_4798_1516_ba25d6efe4f1.jpg
4798,C:\Users\Setekh\Desktop\ISY5002-Project\datasets\raw-2026-week1\4798\20260914T153043Z_4798_1530_e63f3f4bfb01.jpg
4798,C:\Users\Setekh\Desktop\ISY5002-Project\datasets\raw-2026-week1\4798\20260914T154043Z_4798_1540_60f487755dbe.jpg
4798,C:\Users\Setekh\Desktop\ISY5002-Project\datasets\raw-2026-week1\4798\20260914T155043Z_4798_1550_0ac773de3da7.jpg
4798,C:\Users\Setekh\Desktop\ISY5002-Project\datasets\raw-2026-week1\4798\20260914T155604Z_4798_1556_db42b06e58b4.jpg
4798,C:\Users\Setekh\Desktop\ISY5002-Project\datasets\raw-2026-week1\4798\20260914T161044Z_4798_1610_e6ed9aa95c53.jpg
4798,C:\Users\Setekh\Desktop\ISY5002-Project\datasets\raw-2026-week1\4798\20260914T161604Z_4798_1616_21275c360ece.jpg
4798,C:\Users\Setekh\Desktop\ISY5002-Project\datasets\raw-2026-week1\4798\20260914T162545Z_4798_1625_3efe31077ca2.jpg
4798,C:\Users\Setekh\Desktop\ISY5002-Project\datasets\raw-2026-week1\4798\20260914T163545Z_4798_1635_a9bc8577780f.jpg
4798,C:\Users\Setekh\Desktop\ISY5002-Project\datasets\raw-2026-week1\4798\20260914T165046Z_4798_1650_b6cf3f9281dd.jpg
4798,C:\Users\Setekh\Desktop\ISY5002-Project\datasets\raw-2026-week1\4798\20260914T165546Z_4798_1655_9dfa9143e7ef.jpg
4798,C:\Users\Setekh\Desktop\ISY5002-Project\datasets\raw-2026-week1\4798\20260914T171046Z_4798_1710_ebdb33c82578.jpg
4798,C:\Users\Setekh\Desktop\ISY5002-Project\datasets\raw-2026-week1\4798\20260914T172027Z_4798_1720_1c38af788178.jpg
4798,C:\Users\Setekh\Desktop\ISY5002-Project\datasets\raw-2026-week1\4798\20260914T172547Z_4798_1725_9f4455beeffa.jpg
4798,C:\Users\Setekh\Desktop\ISY5002-Project\datasets\raw-2026-week1\4798\20260914T210555Z_4798_2105_2b35fe5da0fd.jpg
4798,C:\Users\Setekh\Desktop\ISY5002-Project\datasets\raw-2026-week1\4798\20260914T211536Z_4798_2115_d340025ac0c9.jpg
4798,C:\Users\Setekh\Desktop\ISY5002-Project\datasets\raw-2026-week1\4798\20260914T213556Z_4798_2135_97992557fbee.jpg
4798,C:\Users\Setekh\Desktop\ISY5002-Project\datasets\raw-2026-week1\4798\20260914T214557Z_4798_2145_9f5d21352b7a.jpg
4798,C:\Users\Setekh\Desktop\ISY5002-Project\datasets\raw-2026-week1\4798\20260914T224039Z_4798_2240_adbbd318c490.jpg
4798,C:\Users\Setekh\Desktop\ISY5002-Project\datasets\raw-2026-week1\4798\20260914T233041Z_4798_2330_277970b6149f.jpg
4798,C:\Users\Setekh\Desktop\ISY5002-Project\datasets\raw-2026-week1\4798\20260914T233521Z_4798_2335_1b1efc565997.jpg
4798,C:\Users\Setekh\Desktop\ISY5002-Project\datasets\raw-2026-week1\4798\20260914T234521Z_4798_2345_7e085d6ed62d.jpg
4798,C:\Users\Setekh\Desktop\ISY5002-Project\datasets\raw-2026-week1\4798\20260915T000042Z_4798_0000_6d365999b238.jpg
4798,C:\Users\Setekh\Desktop\ISY5002-Project\datasets\raw-2026-week1\4798\20260915T001042Z_4798_0010_d8ef4a93f968.jpg
4798,C:\Users\Setekh\Desktop\ISY5002-Project\datasets\raw-2026-week1\4798\20260915T002543Z_4798_0025_277970b6149f.jpg
4798,C:\Users\Setekh\Desktop\ISY5002-Project\datasets\raw-2026-week1\4798\20260915T004043Z_4798_0040_2c38cf98d34e.jpg
4798,C:\Users\Setekh\Desktop\ISY5002-Project\datasets\raw-2026-week1\4798\20260915T004603Z_4798_0046_d0eba9ff71fc.jpg
4798,C:\Users\Setekh\Desktop\ISY5002-Project\datasets\raw-2026-week1\4798\20260915T010024Z_4798_0100_6929ca270918.jpg
4798,C:\Users\Setekh\Desktop\ISY5002-Project\datasets\raw-2026-week1\4798\20260915T010544Z_4798_0105_02dc84b9e593.jpg
4798,C:\Users\Setekh\Desktop\ISY5002-Project\datasets\raw-2026-week1\4798\20260915T011544Z_4798_0115_8b787c823528.jpg
4798,C:\Users\Setekh\Desktop\ISY5002-Project\datasets\raw-2026-week1\4798\20260915T012545Z_4798_0125_4ba00db93c32.jpg
4798,C:\Users\Setekh\Desktop\ISY5002-Project\datasets\raw-2026-week1\4798\20260915T013545Z_4798_0135_5b0accc110d4.jpg
4798,C:\Users\Setekh\Desktop\ISY5002-Project\datasets\raw-2026-week1\4798\20260915T015546Z_4798_0155_524fa1f8045d.jpg
4798,C:\Users\Setekh\Desktop\ISY5002-Project\datasets\raw-2026-week1\4798\20260915T021046Z_4798_0210_ce7a728b3696.jpg
4798,C:\Users\Setekh\Desktop\ISY5002-Project\datasets\raw-2026-week1\4798\20260915T023547Z_4798_0235_7ba4101b7d1d.jpg
4798,C:\Users\Setekh\Desktop\ISY5002-Project\datasets\raw-2026-week1\4798\20260915T033550Z_4798_0335_739d26f3fae5.jpg
4798,C:\Users\Setekh\Desktop\ISY5002-Project\datasets\raw-2026-week1\4798\20260915T040051Z_4798_0400_4c01dfe47929.jpg
4798,C:\Users\Setekh\Desktop\ISY5002-Project\datasets\raw-2026-week1\4798\20260915T041031Z_4798_0410_dc6164467f19.jpg
4798,C:\Users\Setekh\Desktop\ISY5002-Project\datasets\raw-2026-week1\4798\20260915T042552Z_4798_0425_8fd09f78dc1f.jpg
4798,C:\Users\Setekh\Desktop\ISY5002-Project\datasets\raw-2026-week1\4798\20260915T044532Z_4798_0445_e54ae59ceb39.jpg
4798,C:\Users\Setekh\Desktop\ISY5002-Project\datasets\raw-2026-week1\4798\20260915T050533Z_4798_0505_8ab64074625c.jpg
4798,C:\Users\Setekh\Desktop\ISY5002-Project\datasets\raw-2026-week1\4798\20260915T052534Z_4798_0525_974274b08c49.jpg
4798,C:\Users\Setekh\Desktop\ISY5002-Project\datasets\raw-2026-week1\4798\20260915T054034Z_4798_0540_6e5f606cec58.jpg
4798,C:\Users\Setekh\Desktop\ISY5002-Project\datasets\raw-2026-week1\4798\20260915T060055Z_4798_0600_3f0ffd4a8945.jpg
4798,C:\Users\Setekh\Desktop\ISY5002-Project\datasets\raw-2026-week1\4798\20260915T060535Z_4798_0605_a32487ad4d07.jpg
4798,C:\Users\Setekh\Desktop\ISY5002-Project\datasets\raw-2026-week1\4798\20260915T062036Z_4798_0620_6b1879daf877.jpg
4798,C:\Users\Setekh\Desktop\ISY5002-Project\datasets\raw-2026-week1\4798\20260915T063016Z_4798_0630_0483fbc07ec4.jpg
4798,C:\Users\Setekh\Desktop\ISY5002-Project\datasets\raw-2026-week1\4798\20260915T064036Z_4798_0640_cd412917566a.jpg
4798,C:\Users\Setekh\Desktop\ISY5002-Project\datasets\raw-2026-week1\4798\20260915T065057Z_4798_0650_412d8383038e.jpg
4798,C:\Users\Setekh\Desktop\ISY5002-Project\datasets\raw-2026-week1\4798\20260915T070057Z_4798_0700_3410e337ea12.jpg
4798,C:\Users\Setekh\Desktop\ISY5002-Project\datasets\raw-2026-week1\4798\20260915T071038Z_4798_0710_62716f2dd4d1.jpg
4798,C:\Users\Setekh\Desktop\ISY5002-Project\datasets\raw-2026-week1\4798\20260915T072038Z_4798_0720_1e45f890cfb0.jpg
4798,C:\Users\Setekh\Desktop\ISY5002-Project\datasets\raw-2026-week1\4798\20260915T072538Z_4798_0725_9b646df7d47f.jpg
4798,C:\Users\Setekh\Desktop\ISY5002-Project\datasets\raw-2026-week1\4798\20260915T073559Z_4798_0735_14bd611a01c9.jpg
4798,C:\Users\Setekh\Desktop\ISY5002-Project\datasets\raw-2026-week1\4798\20260915T075039Z_4798_0750_8dc29b3d50fd.jpg
4798,C:\Users\Setekh\Desktop\ISY5002-Project\datasets\raw-2026-week1\4798\20260915T075559Z_4798_0755_14314e935c57.jpg
4798,C:\Users\Setekh\Desktop\ISY5002-Project\datasets\raw-2026-week1\4798\20260915T080600Z_4798_0806_34f8bc48ab19.jpg
4798,C:\Users\Setekh\Desktop\ISY5002-Project\datasets\raw-2026-week1\4798\20260915T081600Z_4798_0816_455889a462da.jpg
4798,C:\Users\Setekh\Desktop\ISY5002-Project\datasets\raw-2026-week1\4798\20260915T082600Z_4798_0826_c81c865d9279.jpg
4798,C:\Users\Setekh\Desktop\ISY5002-Project\datasets\raw-2026-week1\4798\20260915T084041Z_4798_0840_ebd1cc830951.jpg
4798,C:\Users\Setekh\Desktop\ISY5002-Project\datasets\raw-2026-week1\4798\20260915T084541Z_4798_0845_c9d158848ea8.jpg
4798,C:\Users\Setekh\Desktop\ISY5002-Project\datasets\raw-2026-week1\4798\20260915T085541Z_4798_0855_19a0136560b2.jpg
4798,C:\Users\Setekh\Desktop\ISY5002-Project\datasets\raw-2026-week1\4798\20260915T091042Z_4798_0910_cd98389d384c.jpg
4798,C:\Users\Setekh\Desktop\ISY5002-Project\datasets\raw-2026-week1\4798\20260915T092042Z_4798_0920_be40022268b2.jpg
4798,C:\Users\Setekh\Desktop\ISY5002-Project\datasets\raw-2026-week1\4798\20260915T092543Z_4798_0925_b3559df8cb17.jpg
4798,C:\Users\Setekh\Desktop\ISY5002-Project\datasets\raw-2026-week1\4798\20260915T094043Z_4798_0940_eab336f7cfba.jpg
4798,C:\Users\Setekh\Desktop\ISY5002-Project\datasets\raw-2026-week1\4798\20260915T094603Z_4798_0946_4499f286a0d2.jpg
4798,C:\Users\Setekh\Desktop\ISY5002-Project\datasets\raw-2026-week1\4798\20260915T095544Z_4798_0955_ae92ab41183b.jpg
4798,C:\Users\Setekh\Desktop\ISY5002-Project\datasets\raw-2026-week1\4798\20260915T100544Z_4798_1005_5a034c448338.jpg
4798,C:\Users\Setekh\Desktop\ISY5002-Project\datasets\raw-2026-week1\4798\20260915T101544Z_4798_1015_555757e1c517.jpg
4798,C:\Users\Setekh\Desktop\ISY5002-Project\datasets\raw-2026-week1\4798\20260915T103045Z_4798_1030_503736a32886.jpg
4798,C:\Users\Setekh\Desktop\ISY5002-Project\datasets\raw-2026-week1\4798\20260915T103545Z_4798_1035_a08ff61d00cc.jpg
4798,C:\Users\Setekh\Desktop\ISY5002-Project\datasets\raw-2026-week1\4798\20260915T105046Z_4798_1050_1ba2cb7fc8d4.jpg
4798,C:\Users\Setekh\Desktop\ISY5002-Project\datasets\raw-2026-week1\4798\20260915T105546Z_4798_1055_67b1bfb96d80.jpg
4798,C:\Users\Setekh\Desktop\ISY5002-Project\datasets\raw-2026-week1\4798\20260915T110046Z_4798_1100_58038989d737.jpg
4798,C:\Users\Setekh\Desktop\ISY5002-Project\datasets\raw-2026-week1\4798\20260915T111026Z_4798_1110_b257ba1275eb.jpg
4798,C:\Users\Setekh\Desktop\ISY5002-Project\datasets\raw-2026-week1\4798\20260915T111547Z_4798_1115_4f896746d308.jpg
4798,C:\Users\Setekh\Desktop\ISY5002-Project\datasets\raw-2026-week1\4798\20260915T113027Z_4798_1130_7fc6c7f61393.jpg
4798,C:\Users\Setekh\Desktop\ISY5002-Project\datasets\raw-2026-week1\4798\20260915T114047Z_4798_1140_b0c74b8c4094.jpg
4798,C:\Users\Setekh\Desktop\ISY5002-Project\datasets\raw-2026-week1\4798\20260915T115028Z_4798_1150_b22574ad87e3.jpg
4798,C:\Users\Setekh\Desktop\ISY5002-Project\datasets\raw-2026-week1\4798\20260915T120028Z_4798_1200_5290b6c8bb1a.jpg
4798,C:\Users\Setekh\Desktop\ISY5002-Project\datasets\raw-2026-week1\4798\20260915T121049Z_4798_1210_a31209a7cd9e.jpg
4798,C:\Users\Setekh\Desktop\ISY5002-Project\datasets\raw-2026-week1\4798\20260915T122049Z_4798_1220_3527bc845be0.jpg
4798,C:\Users\Setekh\Desktop\ISY5002-Project\datasets\raw-2026-week1\4798\20260915T123049Z_4798_1230_e7d93e7613d0.jpg
4798,C:\Users\Setekh\Desktop\ISY5002-Project\datasets\raw-2026-week1\4798\20260915T124030Z_4798_1240_b95342633434.jpg
4798,C:\Users\Setekh\Desktop\ISY5002-Project\datasets\raw-2026-week1\4798\20260915T125030Z_4798_1250_9b913447fe1d.jpg
4798,C:\Users\Setekh\Desktop\ISY5002-Project\datasets\raw-2026-week1\4798\20260915T130030Z_4798_1300_dc66c7379d9d.jpg
4798,C:\Users\Setekh\Desktop\ISY5002-Project\datasets\raw-2026-week1\4798\20260915T131031Z_4798_1310_0ce566acafe7.jpg
4798,C:\Users\Setekh\Desktop\ISY5002-Project\datasets\raw-2026-week1\4798\20260915T132031Z_4798_1320_5b0721f1a8b0.jpg
4798,C:\Users\Setekh\Desktop\ISY5002-Project\datasets\raw-2026-week1\4798\20260915T133031Z_4798_1330_809b14662072.jpg
4798,C:\Users\Setekh\Desktop\ISY5002-Project\datasets\raw-2026-week1\4798\20260915T134052Z_4798_1340_b5888dd7a224.jpg
4798,C:\Users\Setekh\Desktop\ISY5002-Project\datasets\raw-2026-week1\4798\20260915T135052Z_4798_1350_5c24aa401f7e.jpg
4798,C:\Users\Setekh\Desktop\ISY5002-Project\datasets\raw-2026-week1\4798\20260915T140053Z_4798_1400_9f5842dbbcf6.jpg
4798,C:\Users\Setekh\Desktop\ISY5002-Project\datasets\raw-2026-week1\4798\20260915T141053Z_4798_1410_fe6ecec20910.jpg
4798,C:\Users\Setekh\Desktop\ISY5002-Project\datasets\raw-2026-week1\4798\20260915T142054Z_4798_1420_09fe3a3dabda.jpg
4798,C:\Users\Setekh\Desktop\ISY5002-Project\datasets\raw-2026-week1\4798\20260915T143034Z_4798_1430_ce0746816ce3.jpg
4798,C:\Users\Setekh\Desktop\ISY5002-Project\datasets\raw-2026-week1\4798\20260915T144034Z_4798_1440_badc86094053.jpg
4798,C:\Users\Setekh\Desktop\ISY5002-Project\datasets\raw-2026-week1\4798\20260915T145055Z_4798_1450_1bf0cde7c0f7.jpg
4798,C:\Users\Setekh\Desktop\ISY5002-Project\datasets\raw-2026-week1\4798\20260915T150055Z_4798_1500_73041562a14e.jpg
4798,C:\Users\Setekh\Desktop\ISY5002-Project\datasets\raw-2026-week1\4798\20260915T150555Z_4798_1505_e73852373424.jpg
4798,C:\Users\Setekh\Desktop\ISY5002-Project\datasets\raw-2026-week1\4798\20260915T152036Z_4798_1520_aadad81097e6.jpg
4798,C:\Users\Setekh\Desktop\ISY5002-Project\datasets\raw-2026-week1\4798\20260915T153036Z_4798_1530_10db38d4b60e.jpg
4798,C:\Users\Setekh\Desktop\ISY5002-Project\datasets\raw-2026-week1\4798\20260915T154056Z_4798_1540_b4080342ac29.jpg
4798,C:\Users\Setekh\Desktop\ISY5002-Project\datasets\raw-2026-week1\4798\20260915T155057Z_4798_1550_9fa31b6e7f1d.jpg
4798,C:\Users\Setekh\Desktop\ISY5002-Project\datasets\raw-2026-week1\4798\20260915T160037Z_4798_1600_49726b2613d2.jpg
4798,C:\Users\Setekh\Desktop\ISY5002-Project\datasets\raw-2026-week1\4798\20260915T160537Z_4798_1605_0c98aad7ab58.jpg
4798,C:\Users\Setekh\Desktop\ISY5002-Project\datasets\raw-2026-week1\4798\20260915T162038Z_4798_1620_090775933063.jpg
4798,C:\Users\Setekh\Desktop\ISY5002-Project\datasets\raw-2026-week1\4798\20260915T162558Z_4798_1625_c491feca3439.jpg
4798,C:\Users\Setekh\Desktop\ISY5002-Project\datasets\raw-2026-week1\4798\20260915T163558Z_4798_1635_9f7ae3d90892.jpg
4798,C:\Users\Setekh\Desktop\ISY5002-Project\datasets\raw-2026-week1\4798\20260915T164039Z_4798_1640_e7dfe1bde480.jpg
4798,C:\Users\Setekh\Desktop\ISY5002-Project\datasets\raw-2026-week1\4798\20260915T165039Z_4798_1650_4a7bc50c2df8.jpg
4798,C:\Users\Setekh\Desktop\ISY5002-Project\datasets\raw-2026-week1\4798\20260915T165559Z_4798_1655_9889a7dcaa8e.jpg
4798,C:\Users\Setekh\Desktop\ISY5002-Project\datasets\raw-2026-week1\4798\20260915T170520Z_4798_1705_be85281bd237.jpg
4798,C:\Users\Setekh\Desktop\ISY5002-Project\datasets\raw-2026-week1\4798\20260915T172040Z_4798_1720_2685dabb5816.jpg
4798,C:\Users\Setekh\Desktop\ISY5002-Project\datasets\raw-2026-week1\4798\20260915T172540Z_4798_1725_f3cb48646ae8.jpg
4798,C:\Users\Setekh\Desktop\ISY5002-Project\datasets\raw-2026-week1\4798\20260915T173601Z_4798_1736_4c12e0a769c9.jpg
4798,C:\Users\Setekh\Desktop\ISY5002-Project\datasets\raw-2026-week1\4798\20260915T174601Z_4798_1746_f67564e54d04.jpg
4798,C:\Users\Setekh\Desktop\ISY5002-Project\datasets\raw-2026-week1\4798\20260915T175541Z_4798_1755_b0efe0b74299.jpg
4798,C:\Users\Setekh\Desktop\ISY5002-Project\datasets\raw-2026-week1\4798\20260915T181042Z_4798_1810_9dff649b3e71.jpg
4798,C:\Users\Setekh\Desktop\ISY5002-Project\datasets\raw-2026-week1\4798\20260915T182042Z_4798_1820_468882325059.jpg
4798,C:\Users\Setekh\Desktop\ISY5002-Project\datasets\raw-2026-week1\4798\20260915T183023Z_4798_1830_238a3fc00ec2.jpg
4798,C:\Users\Setekh\Desktop\ISY5002-Project\datasets\raw-2026-week1\4798\20260915T183543Z_4798_1835_f59ab72eea21.jpg
4798,C:\Users\Setekh\Desktop\ISY5002-Project\datasets\raw-2026-week1\4798\20260915T184103Z_4798_1841_898ca5d005b9.jpg
4798,C:\Users\Setekh\Desktop\ISY5002-Project\datasets\raw-2026-week1\4798\20260915T192525Z_4798_1925_199c9af15e76.jpg
4798,C:\Users\Setekh\Desktop\ISY5002-Project\datasets\raw-2026-week1\4798\20260915T194046Z_4798_1940_9a2ba6da231e.jpg
4798,C:\Users\Setekh\Desktop\ISY5002-Project\datasets\raw-2026-week1\4798\20260915T195046Z_4798_1950_0377ed3b9fe5.jpg
4798,C:\Users\Setekh\Desktop\ISY5002-Project\datasets\raw-2026-week1\4798\20260915T200046Z_4798_2000_632106f3a9b4.jpg
4798,C:\Users\Setekh\Desktop\ISY5002-Project\datasets\raw-2026-week1\4798\20260915T201047Z_4798_2010_66d7661afe2b.jpg
4798,C:\Users\Setekh\Desktop\ISY5002-Project\datasets\raw-2026-week1\4798\20260915T202027Z_4798_2020_9771ec8a3477.jpg
4798,C:\Users\Setekh\Desktop\ISY5002-Project\datasets\raw-2026-week1\4798\20260915T203027Z_4798_2030_20b5c9a82f63.jpg
4798,C:\Users\Setekh\Desktop\ISY5002-Project\datasets\raw-2026-week1\4798\20260915T204028Z_4798_2040_e3e68e8af835.jpg
4798,C:\Users\Setekh\Desktop\ISY5002-Project\datasets\raw-2026-week1\4798\20260915T205028Z_4798_2050_74ffa47ad1a8.jpg
4798,C:\Users\Setekh\Desktop\ISY5002-Project\datasets\raw-2026-week1\4798\20260915T210028Z_4798_2100_ee95334ca6e4.jpg
4798,C:\Users\Setekh\Desktop\ISY5002-Project\datasets\raw-2026-week1\4798\20260915T210529Z_4798_2105_1105823e09f7.jpg
4798,C:\Users\Setekh\Desktop\ISY5002-Project\datasets\raw-2026-week1\4798\20260915T212049Z_4798_2120_0021834cce56.jpg
4798,C:\Users\Setekh\Desktop\ISY5002-Project\datasets\raw-2026-week1\4798\20260915T212549Z_4798_2125_8d148fd5388f.jpg
4798,C:\Users\Setekh\Desktop\ISY5002-Project\datasets\raw-2026-week1\4798\20260915T213550Z_4798_2135_7b371254ac30.jpg
4798,C:\Users\Setekh\Desktop\ISY5002-Project\datasets\raw-2026-week1\4798\20260915T215050Z_4798_2150_14e0898ac7a1.jpg
4798,C:\Users\Setekh\Desktop\ISY5002-Project\datasets\raw-2026-week1\4798\20260915T220031Z_4798_2200_70d098a8a8c4.jpg
4798,C:\Users\Setekh\Desktop\ISY5002-Project\datasets\raw-2026-week1\4798\20260915T221031Z_4798_2210_191e1ed9648d.jpg
4798,C:\Users\Setekh\Desktop\ISY5002-Project\datasets\raw-2026-week1\4798\20260915T221551Z_4798_2215_01774b179c9f.jpg
4798,C:\Users\Setekh\Desktop\ISY5002-Project\datasets\raw-2026-week1\4798\20260915T222031Z_4798_2220_fe42c949596d.jpg
4798,C:\Users\Setekh\Desktop\ISY5002-Project\datasets\raw-2026-week1\4798\20260915T223032Z_4798_2230_c6fc35a7cc17.jpg
4798,C:\Users\Setekh\Desktop\ISY5002-Project\datasets\raw-2026-week1\4798\20260915T224032Z_4798_2240_bb5d0d5bcb32.jpg
4798,C:\Users\Setekh\Desktop\ISY5002-Project\datasets\raw-2026-week1\4798\20260915T225032Z_4798_2250_8ac02e688805.jpg
4798,C:\Users\Setekh\Desktop\ISY5002-Project\datasets\raw-2026-week1\4798\20260915T230053Z_4798_2300_a45a8c70f5ca.jpg
4798,C:\Users\Setekh\Desktop\ISY5002-Project\datasets\raw-2026-week1\4798\20260915T231033Z_4798_2310_6f221a3fe166.jpg
4798,C:\Users\Setekh\Desktop\ISY5002-Project\datasets\raw-2026-week1\4798\20260915T232034Z_4798_2320_218366097628.jpg
4798,C:\Users\Setekh\Desktop\ISY5002-Project\datasets\raw-2026-week1\4798\20260915T233054Z_4798_2330_6ff93b5166bf.jpg
4798,C:\Users\Setekh\Desktop\ISY5002-Project\datasets\raw-2026-week1\4798\20260915T234054Z_4798_2340_414bd45da12c.jpg
4798,C:\Users\Setekh\Desktop\ISY5002-Project\datasets\raw-2026-week1\4798\20260915T235035Z_4798_2350_4d1311780fcf.jpg
4798,C:\Users\Setekh\Desktop\ISY5002-Project\datasets\raw-2026-week1\4798\20260916T000055Z_4798_0000_16bfdde633ac.jpg
4798,C:\Users\Setekh\Desktop\ISY5002-Project\datasets\raw-2026-week1\4798\20260916T001035Z_4798_0010_07855759331f.jpg
4798,C:\Users\Setekh\Desktop\ISY5002-Project\datasets\raw-2026-week1\4798\20260916T002056Z_4798_0020_5fc45020f3e8.jpg
4798,C:\Users\Setekh\Desktop\ISY5002-Project\datasets\raw-2026-week1\4798\20260916T003036Z_4798_0030_06f151ded42d.jpg
4798,C:\Users\Setekh\Desktop\ISY5002-Project\datasets\raw-2026-week1\4798\20260916T003536Z_4798_0035_e3edcf9e6709.jpg
4798,C:\Users\Setekh\Desktop\ISY5002-Project\datasets\raw-2026-week1\4798\20260916T005037Z_4798_0050_c6929a0110f5.jpg
4798,C:\Users\Setekh\Desktop\ISY5002-Project\datasets\raw-2026-week1\4798\20260916T005557Z_4798_0055_b47080e9d924.jpg
4798,C:\Users\Setekh\Desktop\ISY5002-Project\datasets\raw-2026-week1\4798\20260916T011058Z_4798_0110_7c403c279750.jpg
4798,C:\Users\Setekh\Desktop\ISY5002-Project\datasets\raw-2026-week1\4798\20260916T012038Z_4798_0120_973efcdf967d.jpg
4798,C:\Users\Setekh\Desktop\ISY5002-Project\datasets\raw-2026-week1\4798\20260916T013018Z_4798_0130_997619d1db10.jpg
4798,C:\Users\Setekh\Desktop\ISY5002-Project\datasets\raw-2026-week1\4798\20260916T014039Z_4798_0140_9a7344db64d1.jpg
4798,C:\Users\Setekh\Desktop\ISY5002-Project\datasets\raw-2026-week1\4798\20260916T015039Z_4798_0150_c349d27b2885.jpg
4798,C:\Users\Setekh\Desktop\ISY5002-Project\datasets\raw-2026-week1\4798\20260916T020039Z_4798_0200_3950c5fdaad6.jpg
4798,C:\Users\Setekh\Desktop\ISY5002-Project\datasets\raw-2026-week1\4798\20260916T021040Z_4798_0210_ac9218c9a0fc.jpg
4798,C:\Users\Setekh\Desktop\ISY5002-Project\datasets\raw-2026-week1\4798\20260916T022040Z_4798_0220_8e91911fc14b.jpg
4798,C:\Users\Setekh\Desktop\ISY5002-Project\datasets\raw-2026-week1\4798\20260916T023040Z_4798_0230_f499f416aa40.jpg
4798,C:\Users\Setekh\Desktop\ISY5002-Project\datasets\raw-2026-week1\4798\20260916T024041Z_4798_0240_da0b4a4f3b50.jpg
4798,C:\Users\Setekh\Desktop\ISY5002-Project\datasets\raw-2026-week1\4798\20260916T024521Z_4798_0245_f8ff18fb3729.jpg
4798,C:\Users\Setekh\Desktop\ISY5002-Project\datasets\raw-2026-week1\4798\20260916T030042Z_4798_0300_6623a759d602.jpg
4798,C:\Users\Setekh\Desktop\ISY5002-Project\datasets\raw-2026-week1\4798\20260916T030522Z_4798_0305_6ed1898ecee6.jpg
4798,C:\Users\Setekh\Desktop\ISY5002-Project\datasets\raw-2026-week1\4798\20260916T032042Z_4798_0320_fc8facf2b997.jpg
4798,C:\Users\Setekh\Desktop\ISY5002-Project\datasets\raw-2026-week1\4798\20260916T032542Z_4798_0325_a747856e8126.jpg
4798,C:\Users\Setekh\Desktop\ISY5002-Project\datasets\raw-2026-week1\4798\20260916T033543Z_4798_0335_e667962d2f32.jpg
4798,C:\Users\Setekh\Desktop\ISY5002-Project\datasets\raw-2026-week1\4798\20260916T034603Z_4798_0346_a1a5f92af0fd.jpg
4798,C:\Users\Setekh\Desktop\ISY5002-Project\datasets\raw-2026-week1\4798\20260916T035544Z_4798_0355_c0d9d1311ac3.jpg
4798,C:\Users\Setekh\Desktop\ISY5002-Project\datasets\raw-2026-week1\4798\20260916T040044Z_4798_0400_c9ec670aefb3.jpg
4798,C:\Users\Setekh\Desktop\ISY5002-Project\datasets\raw-2026-week1\4798\20260916T041024Z_4798_0410_c68a1b84ae5f.jpg
4798,C:\Users\Setekh\Desktop\ISY5002-Project\datasets\raw-2026-week1\4798\20260916T042044Z_4798_0420_b9d78916d006.jpg
4798,C:\Users\Setekh\Desktop\ISY5002-Project\datasets\raw-2026-week1\4798\20260916T043025Z_4798_0430_aa0fb3bdd616.jpg
4798,C:\Users\Setekh\Desktop\ISY5002-Project\datasets\raw-2026-week1\4798\20260916T044045Z_4798_0440_9aaa573024b0.jpg
4798,C:\Users\Setekh\Desktop\ISY5002-Project\datasets\raw-2026-week1\4798\20260916T045025Z_4798_0450_1319768545ea.jpg
4798,C:\Users\Setekh\Desktop\ISY5002-Project\datasets\raw-2026-week1\4798\20260916T050046Z_4798_0500_d000dd18b56b.jpg
4798,C:\Users\Setekh\Desktop\ISY5002-Project\datasets\raw-2026-week1\4798\20260916T050526Z_4798_0505_eec50aef241d.jpg
4798,C:\Users\Setekh\Desktop\ISY5002-Project\datasets\raw-2026-week1\4798\20260916T052047Z_4798_0520_892db275e0eb.jpg
4798,C:\Users\Setekh\Desktop\ISY5002-Project\datasets\raw-2026-week1\4798\20260916T053027Z_4798_0530_2ae5b9051566.jpg
4798,C:\Users\Setekh\Desktop\ISY5002-Project\datasets\raw-2026-week1\4798\20260916T054047Z_4798_0540_64126dbf4558.jpg
4798,C:\Users\Setekh\Desktop\ISY5002-Project\datasets\raw-2026-week1\4798\20260916T055028Z_4798_0550_713931a537dc.jpg
4798,C:\Users\Setekh\Desktop\ISY5002-Project\datasets\raw-2026-week1\4798\20260916T060028Z_4798_0600_0c6fca4e9570.jpg
4798,C:\Users\Setekh\Desktop\ISY5002-Project\datasets\raw-2026-week1\4798\20260916T061028Z_4798_0610_8b00da2d03c0.jpg
4798,C:\Users\Setekh\Desktop\ISY5002-Project\datasets\raw-2026-week1\4798\20260916T062049Z_4798_0620_7afcd23ca442.jpg
4798,C:\Users\Setekh\Desktop\ISY5002-Project\datasets\raw-2026-week1\4798\20260916T063049Z_4798_0630_7a8a72b357a4.jpg
4798,C:\Users\Setekh\Desktop\ISY5002-Project\datasets\raw-2026-week1\4798\20260916T064050Z_4798_0640_54dfe888fe89.jpg
4798,C:\Users\Setekh\Desktop\ISY5002-Project\datasets\raw-2026-week1\4798\20260916T065030Z_4798_0650_beb02137966f.jpg
4798,C:\Users\Setekh\Desktop\ISY5002-Project\datasets\raw-2026-week1\4798\20260916T070030Z_4798_0700_8700fcbd8e5c.jpg
4798,C:\Users\Setekh\Desktop\ISY5002-Project\datasets\raw-2026-week1\4798\20260916T071051Z_4798_0710_ada1f4200403.jpg
4798,C:\Users\Setekh\Desktop\ISY5002-Project\datasets\raw-2026-week1\4798\20260916T072051Z_4798_0720_482712e7585e.jpg
4798,C:\Users\Setekh\Desktop\ISY5002-Project\datasets\raw-2026-week1\4798\20260916T073051Z_4798_0730_0b091f6155c0.jpg
4798,C:\Users\Setekh\Desktop\ISY5002-Project\datasets\raw-2026-week1\4798\20260916T074052Z_4798_0740_693e13994f0e.jpg
4798,C:\Users\Setekh\Desktop\ISY5002-Project\datasets\raw-2026-week1\4798\20260916T075052Z_4798_0750_0cebb13c632d.jpg
4798,C:\Users\Setekh\Desktop\ISY5002-Project\datasets\raw-2026-week1\4798\20260916T080052Z_4798_0800_3263dbe8297f.jpg
4798,C:\Users\Setekh\Desktop\ISY5002-Project\datasets\raw-2026-week1\4798\20260916T080533Z_4798_0805_429a77a8dd5f.jpg
4798,C:\Users\Setekh\Desktop\ISY5002-Project\datasets\raw-2026-week1\4798\20260916T082033Z_4798_0820_11fb99523b7f.jpg
4798,C:\Users\Setekh\Desktop\ISY5002-Project\datasets\raw-2026-week1\4798\20260916T083034Z_4798_0830_7a6197257466.jpg
4798,C:\Users\Setekh\Desktop\ISY5002-Project\datasets\raw-2026-week1\4798\20260916T084054Z_4798_0840_2bf87c1b96cc.jpg
4798,C:\Users\Setekh\Desktop\ISY5002-Project\datasets\raw-2026-week1\4798\20260916T085034Z_4798_0850_65580fdef276.jpg
4798,C:\Users\Setekh\Desktop\ISY5002-Project\datasets\raw-2026-week1\4798\20260916T090035Z_4798_0900_669260fe8242.jpg
4798,C:\Users\Setekh\Desktop\ISY5002-Project\datasets\raw-2026-week1\4798\20260916T091035Z_4798_0910_e279487116d3.jpg
4798,C:\Users\Setekh\Desktop\ISY5002-Project\datasets\raw-2026-week1\4798\20260916T092035Z_4798_0920_555f5e3f6ca9.jpg
4798,C:\Users\Setekh\Desktop\ISY5002-Project\datasets\raw-2026-week1\4798\20260916T093036Z_4798_0930_cc489ac79413.jpg
4798,C:\Users\Setekh\Desktop\ISY5002-Project\datasets\raw-2026-week1\4798\20260916T093556Z_4798_0935_12aedf822906.jpg
4798,C:\Users\Setekh\Desktop\ISY5002-Project\datasets\raw-2026-week1\4798\20260916T094036Z_4798_0940_c88a732c69ee.jpg
4798,C:\Users\Setekh\Desktop\ISY5002-Project\datasets\raw-2026-week1\4798\20260916T094536Z_4798_0945_1130e78f3a2b.jpg
4798,C:\Users\Setekh\Desktop\ISY5002-Project\datasets\raw-2026-week1\4798\20260916T100037Z_4798_1000_a94d7136fda6.jpg
4798,C:\Users\Setekh\Desktop\ISY5002-Project\datasets\raw-2026-week1\4798\20260916T101037Z_4798_1010_5377a12cb514.jpg
4798,C:\Users\Setekh\Desktop\ISY5002-Project\datasets\raw-2026-week1\4798\20260916T102037Z_4798_1020_474cadb922c2.jpg
4798,C:\Users\Setekh\Desktop\ISY5002-Project\datasets\raw-2026-week1\4798\20260916T103038Z_4798_1030_96fab4e01fb0.jpg
4798,C:\Users\Setekh\Desktop\ISY5002-Project\datasets\raw-2026-week1\4798\20260916T104038Z_4798_1040_b22472d46637.jpg
4798,C:\Users\Setekh\Desktop\ISY5002-Project\datasets\raw-2026-week1\4798\20260916T105038Z_4798_1050_13527998359f.jpg
4798,C:\Users\Setekh\Desktop\ISY5002-Project\datasets\raw-2026-week1\4798\20260916T105559Z_4798_1055_d4d4769e7bdb.jpg
4798,C:\Users\Setekh\Desktop\ISY5002-Project\datasets\raw-2026-week1\4798\20260916T111039Z_4798_1110_02439c8411ab.jpg
4798,C:\Users\Setekh\Desktop\ISY5002-Project\datasets\raw-2026-week1\4798\20260916T111539Z_4798_1115_734498e11c9b.jpg
4798,C:\Users\Setekh\Desktop\ISY5002-Project\datasets\raw-2026-week1\4798\20260916T113020Z_4798_1130_8380e3b84b2d.jpg
4798,C:\Users\Setekh\Desktop\ISY5002-Project\datasets\raw-2026-week1\4798\20260916T114040Z_4798_1140_1b9a175ef7be.jpg
4798,C:\Users\Setekh\Desktop\ISY5002-Project\datasets\raw-2026-week1\4798\20260916T115041Z_4798_1150_7cf1c6b23e0b.jpg
4798,C:\Users\Setekh\Desktop\ISY5002-Project\datasets\raw-2026-week1\4798\20260916T120041Z_4798_1200_cbda199fd70e.jpg
4798,C:\Users\Setekh\Desktop\ISY5002-Project\datasets\raw-2026-week1\4798\20260916T121041Z_4798_1210_dbe33fa6dcdb.jpg
4798,C:\Users\Setekh\Desktop\ISY5002-Project\datasets\raw-2026-week1\4798\20260916T121542Z_4798_1215_580ed7bd4915.jpg
4798,C:\Users\Setekh\Desktop\ISY5002-Project\datasets\raw-2026-week1\4798\20260916T123042Z_4798_1230_52f884a54563.jpg
4798,C:\Users\Setekh\Desktop\ISY5002-Project\datasets\raw-2026-week1\4798\20260916T124042Z_4798_1240_b1c8b3af681f.jpg
4798,C:\Users\Setekh\Desktop\ISY5002-Project\datasets\raw-2026-week1\4798\20260916T124603Z_4798_1246_f4fb54fc0c19.jpg
4798,C:\Users\Setekh\Desktop\ISY5002-Project\datasets\raw-2026-week1\4798\20260916T130043Z_4798_1300_48f919519bbb.jpg
4798,C:\Users\Setekh\Desktop\ISY5002-Project\datasets\raw-2026-week1\4798\20260916T130543Z_4798_1305_5c47406213ad.jpg
4798,C:\Users\Setekh\Desktop\ISY5002-Project\datasets\raw-2026-week1\4798\20260916T132044Z_4798_1320_8f44f13a4984.jpg
4798,C:\Users\Setekh\Desktop\ISY5002-Project\datasets\raw-2026-week1\4798\20260916T133044Z_4798_1330_e14bdf652750.jpg
4798,C:\Users\Setekh\Desktop\ISY5002-Project\datasets\raw-2026-week1\4798\20260916T134045Z_4798_1340_1717126cb4fb.jpg
4798,C:\Users\Setekh\Desktop\ISY5002-Project\datasets\raw-2026-week1\4798\20260916T135045Z_4798_1350_112b9f2ebbd7.jpg
4798,C:\Users\Setekh\Desktop\ISY5002-Project\datasets\raw-2026-week1\4798\20260916T140045Z_4798_1400_bf5a18d02c12.jpg
4798,C:\Users\Setekh\Desktop\ISY5002-Project\datasets\raw-2026-week1\4798\20260916T141046Z_4798_1410_eb6c20994e62.jpg
4798,C:\Users\Setekh\Desktop\ISY5002-Project\datasets\raw-2026-week1\4798\20260916T141606Z_4798_1416_5e090249219f.jpg
4798,C:\Users\Setekh\Desktop\ISY5002-Project\datasets\raw-2026-week1\4798\20260916T143046Z_4798_1430_32f26e9459a3.jpg
4798,C:\Users\Setekh\Desktop\ISY5002-Project\datasets\raw-2026-week1\4798\20260916T144047Z_4798_1440_ce8f5bed905c.jpg
4798,C:\Users\Setekh\Desktop\ISY5002-Project\datasets\raw-2026-week1\4798\20260916T145047Z_4798_1450_af047913f0fe.jpg
4798,C:\Users\Setekh\Desktop\ISY5002-Project\datasets\raw-2026-week1\4798\20260916T150048Z_4798_1500_521f77968ada.jpg
4798,C:\Users\Setekh\Desktop\ISY5002-Project\datasets\raw-2026-week1\4798\20260916T151048Z_4798_1510_e7d57cfd8af5.jpg
4798,C:\Users\Setekh\Desktop\ISY5002-Project\datasets\raw-2026-week1\4798\20260916T151548Z_4798_1515_568220d43ef4.jpg
4798,C:\Users\Setekh\Desktop\ISY5002-Project\datasets\raw-2026-week1\4798\20260916T152048Z_4798_1520_f04cbbca092e.jpg
4798,C:\Users\Setekh\Desktop\ISY5002-Project\datasets\raw-2026-week1\4798\20260916T153049Z_4798_1530_5b6927a053f6.jpg
4798,C:\Users\Setekh\Desktop\ISY5002-Project\datasets\raw-2026-week1\4798\20260916T154049Z_4798_1540_db79c6a524a3.jpg
4798,C:\Users\Setekh\Desktop\ISY5002-Project\datasets\raw-2026-week1\4798\20260916T155049Z_4798_1550_5d6d6ae942fe.jpg
4798,C:\Users\Setekh\Desktop\ISY5002-Project\datasets\raw-2026-week1\4798\20260916T160030Z_4798_1600_d54d4a27e056.jpg
4798,C:\Users\Setekh\Desktop\ISY5002-Project\datasets\raw-2026-week1\4798\20260916T160550Z_4798_1605_4c47d7a324b6.jpg
4798,C:\Users\Setekh\Desktop\ISY5002-Project\datasets\raw-2026-week1\4798\20260916T162031Z_4798_1620_fe364367d90b.jpg
4798,C:\Users\Setekh\Desktop\ISY5002-Project\datasets\raw-2026-week1\4798\20260916T163031Z_4798_1630_9e892dec740f.jpg
4798,C:\Users\Setekh\Desktop\ISY5002-Project\datasets\raw-2026-week1\4798\20260916T164031Z_4798_1640_eef59198e926.jpg
4798,C:\Users\Setekh\Desktop\ISY5002-Project\datasets\raw-2026-week1\4798\20260916T165032Z_4798_1650_4550684db94c.jpg
4798,C:\Users\Setekh\Desktop\ISY5002-Project\datasets\raw-2026-week1\4798\20260916T170032Z_4798_1700_074974e641f9.jpg
4798,C:\Users\Setekh\Desktop\ISY5002-Project\datasets\raw-2026-week1\4798\20260916T171052Z_4798_1710_18b545ea488c.jpg
4798,C:\Users\Setekh\Desktop\ISY5002-Project\datasets\raw-2026-week1\4798\20260916T172033Z_4798_1720_0c5e05f20b6b.jpg
4798,C:\Users\Setekh\Desktop\ISY5002-Project\datasets\raw-2026-week1\4798\20260916T173033Z_4798_1730_85d84042b00a.jpg
4798,C:\Users\Setekh\Desktop\ISY5002-Project\datasets\raw-2026-week1\4798\20260916T174033Z_4798_1740_9bca5bb39b02.jpg
4798,C:\Users\Setekh\Desktop\ISY5002-Project\datasets\raw-2026-week1\4798\20260916T175034Z_4798_1750_1b93a938418a.jpg
4798,C:\Users\Setekh\Desktop\ISY5002-Project\datasets\raw-2026-week1\4798\20260916T180034Z_4798_1800_6f92f8324357.jpg
4798,C:\Users\Setekh\Desktop\ISY5002-Project\datasets\raw-2026-week1\4798\20260916T181035Z_4798_1810_991f7b2593c8.jpg
4798,C:\Users\Setekh\Desktop\ISY5002-Project\datasets\raw-2026-week1\4798\20260916T182035Z_4798_1820_c6029a581582.jpg
4798,C:\Users\Setekh\Desktop\ISY5002-Project\datasets\raw-2026-week1\4798\20260916T183035Z_4798_1830_eea398a52eec.jpg
4798,C:\Users\Setekh\Desktop\ISY5002-Project\datasets\raw-2026-week1\4798\20260916T184036Z_4798_1840_b8adbb923c48.jpg
4798,C:\Users\Setekh\Desktop\ISY5002-Project\datasets\raw-2026-week1\4798\20260916T184556Z_4798_1845_5e4f7f41ae32.jpg
4798,C:\Users\Setekh\Desktop\ISY5002-Project\datasets\raw-2026-week1\4798\20260916T190036Z_4798_1900_10b241248299.jpg
4798,C:\Users\Setekh\Desktop\ISY5002-Project\datasets\raw-2026-week1\4798\20260916T191037Z_4798_1910_04a641acb83b.jpg
4798,C:\Users\Setekh\Desktop\ISY5002-Project\datasets\raw-2026-week1\4798\20260916T192037Z_4798_1920_489cb25bb811.jpg
4798,C:\Users\Setekh\Desktop\ISY5002-Project\datasets\raw-2026-week1\4798\20260916T193038Z_4798_1930_d12e58c9ef32.jpg
4798,C:\Users\Setekh\Desktop\ISY5002-Project\datasets\raw-2026-week1\4798\20260916T194038Z_4798_1940_2cc3f9efdcb8.jpg
4798,C:\Users\Setekh\Desktop\ISY5002-Project\datasets\raw-2026-week1\4798\20260916T195038Z_4798_1950_f0d477451e62.jpg
4798,C:\Users\Setekh\Desktop\ISY5002-Project\datasets\raw-2026-week1\4798\20260916T200039Z_4798_2000_9a44a5e9458b.jpg
4798,C:\Users\Setekh\Desktop\ISY5002-Project\datasets\raw-2026-week1\4798\20260916T201039Z_4798_2010_8c5e55fd9802.jpg
4798,C:\Users\Setekh\Desktop\ISY5002-Project\datasets\raw-2026-week1\4798\20260916T202039Z_4798_2020_53f2c8c4b9a2.jpg
4798,C:\Users\Setekh\Desktop\ISY5002-Project\datasets\raw-2026-week1\4798\20260916T203040Z_4798_2030_62defbcc1f48.jpg
4798,C:\Users\Setekh\Desktop\ISY5002-Project\datasets\raw-2026-week1\4798\20260916T204040Z_4798_2040_2aef5ac83df3.jpg
4798,C:\Users\Setekh\Desktop\ISY5002-Project\datasets\raw-2026-week1\4798\20260916T205041Z_4798_2050_197870291135.jpg
4798,C:\Users\Setekh\Desktop\ISY5002-Project\datasets\raw-2026-week1\4798\20260916T205601Z_4798_2056_525380658cf5.jpg
4798,C:\Users\Setekh\Desktop\ISY5002-Project\datasets\raw-2026-week1\4798\20260916T210541Z_4798_2105_540a5cfc59cc.jpg
4798,C:\Users\Setekh\Desktop\ISY5002-Project\datasets\raw-2026-week1\4798\20260916T212042Z_4798_2120_2d79f7c6e5b1.jpg
4798,C:\Users\Setekh\Desktop\ISY5002-Project\datasets\raw-2026-week1\4798\20260916T212542Z_4798_2125_b569f20f5b11.jpg
4798,C:\Users\Setekh\Desktop\ISY5002-Project\datasets\raw-2026-week1\4798\20260916T214043Z_4798_2140_7a07dd4aed48.jpg
4798,C:\Users\Setekh\Desktop\ISY5002-Project\datasets\raw-2026-week1\4798\20260916T214603Z_4798_2146_fdde47069955.jpg
4798,C:\Users\Setekh\Desktop\ISY5002-Project\datasets\raw-2026-week1\4798\20260916T220023Z_4798_2200_1df29800a685.jpg
4798,C:\Users\Setekh\Desktop\ISY5002-Project\datasets\raw-2026-week1\4798\20260916T220523Z_4798_2205_800a331653d3.jpg
4798,C:\Users\Setekh\Desktop\ISY5002-Project\datasets\raw-2026-week1\4798\20260916T222044Z_4798_2220_c71f5fc25e9d.jpg
4798,C:\Users\Setekh\Desktop\ISY5002-Project\datasets\raw-2026-week1\4798\20260916T223024Z_4798_2230_ae879bcfe737.jpg
4798,C:\Users\Setekh\Desktop\ISY5002-Project\datasets\raw-2026-week1\4798\20260916T224045Z_4798_2240_c5bacab70452.jpg
4798,C:\Users\Setekh\Desktop\ISY5002-Project\datasets\raw-2026-week1\4798\20260916T225045Z_4798_2250_4e2ae4424134.jpg
4798,C:\Users\Setekh\Desktop\ISY5002-Project\datasets\raw-2026-week1\4798\20260916T230025Z_4798_2300_e774f462d438.jpg
4798,C:\Users\Setekh\Desktop\ISY5002-Project\datasets\raw-2026-week1\4798\20260916T231046Z_4798_2310_758c9b133b96.jpg
4798,C:\Users\Setekh\Desktop\ISY5002-Project\datasets\raw-2026-week1\4798\20260916T232026Z_4798_2320_8bae72815b4c.jpg
4798,C:\Users\Setekh\Desktop\ISY5002-Project\datasets\raw-2026-week1\4798\20260916T233027Z_4798_2330_4f4a7310a22d.jpg
4798,C:\Users\Setekh\Desktop\ISY5002-Project\datasets\raw-2026-week1\4798\20260916T234047Z_4798_2340_c27c9145a762.jpg
4798,C:\Users\Setekh\Desktop\ISY5002-Project\datasets\raw-2026-week1\4798\20260916T235027Z_4798_2350_987afddfefeb.jpg
4798,C:\Users\Setekh\Desktop\ISY5002-Project\datasets\raw-2026-week1\4798\20260917T000028Z_4798_0000_27e5af7338a6.jpg
4798,C:\Users\Setekh\Desktop\ISY5002-Project\datasets\raw-2026-week1\4798\20260917T001028Z_4798_0010_e5c119a67eff.jpg
4798,C:\Users\Setekh\Desktop\ISY5002-Project\datasets\raw-2026-week1\4798\20260917T002028Z_4798_0020_2568ee234e45.jpg
4798,C:\Users\Setekh\Desktop\ISY5002-Project\datasets\raw-2026-week1\4798\20260917T003029Z_4798_0030_de9721aa93d2.jpg
4798,C:\Users\Setekh\Desktop\ISY5002-Project\datasets\raw-2026-week1\4798\20260917T004029Z_4798_0040_c4d1e6c07354.jpg
4798,C:\Users\Setekh\Desktop\ISY5002-Project\datasets\raw-2026-week1\4798\20260917T005029Z_4798_0050_8f910dcc3815.jpg
4798,C:\Users\Setekh\Desktop\ISY5002-Project\datasets\raw-2026-week1\4798\20260917T010050Z_4798_0100_2c49a9acc43d.jpg
4798,C:\Users\Setekh\Desktop\ISY5002-Project\datasets\raw-2026-week1\4798\20260917T011050Z_4798_0110_f2789aa4e1ec.jpg
4798,C:\Users\Setekh\Desktop\ISY5002-Project\datasets\raw-2026-week1\4798\20260917T011530Z_4798_0115_d8c8467c23c4.jpg
4798,C:\Users\Setekh\Desktop\ISY5002-Project\datasets\raw-2026-week1\4798\20260917T012531Z_4798_0125_5c442cef893b.jpg
4798,C:\Users\Setekh\Desktop\ISY5002-Project\datasets\raw-2026-week1\4798\20260917T014031Z_4798_0140_63a5a1bdc66c.jpg
4798,C:\Users\Setekh\Desktop\ISY5002-Project\datasets\raw-2026-week1\4798\20260917T015052Z_4798_0150_e5267e69f0ad.jpg
4798,C:\Users\Setekh\Desktop\ISY5002-Project\datasets\raw-2026-week1\4798\20260917T020032Z_4798_0200_ebf1380439e5.jpg
4798,C:\Users\Setekh\Desktop\ISY5002-Project\datasets\raw-2026-week1\4798\20260917T021052Z_4798_0210_a213eb2b53ec.jpg
4798,C:\Users\Setekh\Desktop\ISY5002-Project\datasets\raw-2026-week1\4798\20260917T021553Z_4798_0215_55ed86b5b594.jpg
4798,C:\Users\Setekh\Desktop\ISY5002-Project\datasets\raw-2026-week1\4798\20260917T023033Z_4798_0230_513b969f7d7c.jpg
4798,C:\Users\Setekh\Desktop\ISY5002-Project\datasets\raw-2026-week1\4798\20260917T023533Z_4798_0235_b3a74668d56b.jpg
4798,C:\Users\Setekh\Desktop\ISY5002-Project\datasets\raw-2026-week1\4798\20260917T024054Z_4798_0240_25693578f529.jpg
4798,C:\Users\Setekh\Desktop\ISY5002-Project\datasets\raw-2026-week1\4798\20260917T025034Z_4798_0250_6debc1f88b6e.jpg
4798,C:\Users\Setekh\Desktop\ISY5002-Project\datasets\raw-2026-week1\4798\20260917T030034Z_4798_0300_0488b1aa2ee5.jpg
4798,C:\Users\Setekh\Desktop\ISY5002-Project\datasets\raw-2026-week1\4798\20260917T031035Z_4798_0310_ddd74ccd6e0c.jpg
4798,C:\Users\Setekh\Desktop\ISY5002-Project\datasets\raw-2026-week1\4798\20260917T032035Z_4798_0320_10a3c821792f.jpg
4798,C:\Users\Setekh\Desktop\ISY5002-Project\datasets\raw-2026-week1\4798\20260917T033055Z_4798_0330_a4a728b34bc4.jpg
4798,C:\Users\Setekh\Desktop\ISY5002-Project\datasets\raw-2026-week1\4798\20260917T033536Z_4798_0335_4f2695b2d0b3.jpg
4798,C:\Users\Setekh\Desktop\ISY5002-Project\datasets\raw-2026-week1\4798\20260917T035036Z_4798_0350_5065393b540c.jpg
4798,C:\Users\Setekh\Desktop\ISY5002-Project\datasets\raw-2026-week1\4798\20260917T040056Z_4798_0400_8668623ff372.jpg
4798,C:\Users\Setekh\Desktop\ISY5002-Project\datasets\raw-2026-week1\4798\20260917T040537Z_4798_0405_f5cbd8c3e310.jpg
4798,C:\Users\Setekh\Desktop\ISY5002-Project\datasets\raw-2026-week1\4798\20260917T042037Z_4798_0420_1a5d709ab267.jpg
4798,C:\Users\Setekh\Desktop\ISY5002-Project\datasets\raw-2026-week1\4798\20260917T043038Z_4798_0430_95dbcfa7788c.jpg
4798,C:\Users\Setekh\Desktop\ISY5002-Project\datasets\raw-2026-week1\4798\20260917T043538Z_4798_0435_817ac8c6c6e5.jpg
4798,C:\Users\Setekh\Desktop\ISY5002-Project\datasets\raw-2026-week1\4798\20260917T045038Z_4798_0450_e4998532e6f1.jpg
4798,C:\Users\Setekh\Desktop\ISY5002-Project\datasets\raw-2026-week1\4798\20260917T045558Z_4798_0455_f25fb2a80078.jpg
4798,C:\Users\Setekh\Desktop\ISY5002-Project\datasets\raw-2026-week1\4798\20260917T051039Z_4798_0510_88a2b07d7900.jpg
4798,C:\Users\Setekh\Desktop\ISY5002-Project\datasets\raw-2026-week1\4798\20260917T051559Z_4798_0515_ab2f709de4bd.jpg
4798,C:\Users\Setekh\Desktop\ISY5002-Project\datasets\raw-2026-week1\4798\20260917T052600Z_4798_0526_e64cc5558152.jpg
4798,C:\Users\Setekh\Desktop\ISY5002-Project\datasets\raw-2026-week1\4798\20260917T053600Z_4798_0536_fa61f08957da.jpg
4798,C:\Users\Setekh\Desktop\ISY5002-Project\datasets\raw-2026-week1\4798\20260917T054540Z_4798_0545_ee57a8c7d467.jpg
4798,C:\Users\Setekh\Desktop\ISY5002-Project\datasets\raw-2026-week1\4798\20260917T055601Z_4798_0556_2a91e4ac3ce5.jpg
4798,C:\Users\Setekh\Desktop\ISY5002-Project\datasets\raw-2026-week1\4798\20260917T061021Z_4798_0610_9a60927fed32.jpg
4798,C:\Users\Setekh\Desktop\ISY5002-Project\datasets\raw-2026-week1\4798\20260917T062041Z_4798_0620_929b08a64c51.jpg
4798,C:\Users\Setekh\Desktop\ISY5002-Project\datasets\raw-2026-week1\4798\20260917T063022Z_4798_0630_62f892b6d6aa.jpg
4798,C:\Users\Setekh\Desktop\ISY5002-Project\datasets\raw-2026-week1\4798\20260917T063542Z_4798_0635_5464ef7d3937.jpg
4798,C:\Users\Setekh\Desktop\ISY5002-Project\datasets\raw-2026-week1\4798\20260917T065022Z_4798_0650_f598ae1f293c.jpg
4798,C:\Users\Setekh\Desktop\ISY5002-Project\datasets\raw-2026-week1\4798\20260917T070023Z_4798_0700_9dcb411f0cc4.jpg
4798,C:\Users\Setekh\Desktop\ISY5002-Project\datasets\raw-2026-week1\4798\20260917T070523Z_4798_0705_c148a9192b87.jpg
4798,C:\Users\Setekh\Desktop\ISY5002-Project\datasets\raw-2026-week1\4798\20260917T072044Z_4798_0720_959f6f6d6dd9.jpg
4798,C:\Users\Setekh\Desktop\ISY5002-Project\datasets\raw-2026-week1\4798\20260917T072604Z_4798_0726_24be6b540f41.jpg
4798,C:\Users\Setekh\Desktop\ISY5002-Project\datasets\raw-2026-week1\4798\20260917T073544Z_4798_0735_f602f4cd19a3.jpg
4798,C:\Users\Setekh\Desktop\ISY5002-Project\datasets\raw-2026-week1\4798\20260917T075025Z_4798_0750_692675209abf.jpg
4798,C:\Users\Setekh\Desktop\ISY5002-Project\datasets\raw-2026-week1\4798\20260917T080025Z_4798_0800_fc51268911a3.jpg
4798,C:\Users\Setekh\Desktop\ISY5002-Project\datasets\raw-2026-week1\4798\20260917T081045Z_4798_0810_d7143904860c.jpg
4798,C:\Users\Setekh\Desktop\ISY5002-Project\datasets\raw-2026-week1\4798\20260917T081546Z_4798_0815_eec5effcf4b4.jpg
4798,C:\Users\Setekh\Desktop\ISY5002-Project\datasets\raw-2026-week1\4798\20260917T082046Z_4798_0820_e3134f90f586.jpg
4798,C:\Users\Setekh\Desktop\ISY5002-Project\datasets\raw-2026-week1\4798\20260917T082546Z_4798_0825_9898fc7d44da.jpg
4798,C:\Users\Setekh\Desktop\ISY5002-Project\datasets\raw-2026-week1\4798\20260917T084046Z_4798_0840_0a1cc1a9c773.jpg
4798,C:\Users\Setekh\Desktop\ISY5002-Project\datasets\raw-2026-week1\4798\20260917T085047Z_4798_0850_f41b908824c5.jpg
4798,C:\Users\Setekh\Desktop\ISY5002-Project\datasets\raw-2026-week1\4798\20260917T090027Z_4798_0900_68ecb8340508.jpg
4798,C:\Users\Setekh\Desktop\ISY5002-Project\datasets\raw-2026-week1\4798\20260917T091048Z_4798_0910_57cc1147d5fe.jpg
4798,C:\Users\Setekh\Desktop\ISY5002-Project\datasets\raw-2026-week1\4798\20260917T092048Z_4798_0920_85b9862f31e9.jpg
4798,C:\Users\Setekh\Desktop\ISY5002-Project\datasets\raw-2026-week1\4798\20260917T092548Z_4798_0925_f86f1f917011.jpg
4798,C:\Users\Setekh\Desktop\ISY5002-Project\datasets\raw-2026-week1\4798\20260917T094049Z_4798_0940_5ec04e1d2a8e.jpg
4798,C:\Users\Setekh\Desktop\ISY5002-Project\datasets\raw-2026-week1\4798\20260917T095029Z_4798_0950_89548ee784ff.jpg
4798,C:\Users\Setekh\Desktop\ISY5002-Project\datasets\raw-2026-week1\4798\20260917T095549Z_4798_0955_029d5734392c.jpg
4798,C:\Users\Setekh\Desktop\ISY5002-Project\datasets\raw-2026-week1\4798\20260917T101050Z_4798_1010_37b69ea58a78.jpg
4798,C:\Users\Setekh\Desktop\ISY5002-Project\datasets\raw-2026-week1\4798\20260917T102030Z_4798_1020_9ae59193087f.jpg
4798,C:\Users\Setekh\Desktop\ISY5002-Project\datasets\raw-2026-week1\4798\20260917T103051Z_4798_1030_2923bfdcf37d.jpg
4798,C:\Users\Setekh\Desktop\ISY5002-Project\datasets\raw-2026-week1\4798\20260917T104031Z_4798_1040_8cc389609532.jpg
4798,C:\Users\Setekh\Desktop\ISY5002-Project\datasets\raw-2026-week1\4798\20260917T105031Z_4798_1050_83817b3d1798.jpg
4798,C:\Users\Setekh\Desktop\ISY5002-Project\datasets\raw-2026-week1\4798\20260917T110052Z_4798_1100_03cc669a9908.jpg
4798,C:\Users\Setekh\Desktop\ISY5002-Project\datasets\raw-2026-week1\4798\20260917T111032Z_4798_1110_48acc0faa42e.jpg
4798,C:\Users\Setekh\Desktop\ISY5002-Project\datasets\raw-2026-week1\4798\20260917T112052Z_4798_1120_a91a81cb1006.jpg
4798,C:\Users\Setekh\Desktop\ISY5002-Project\datasets\raw-2026-week1\4798\20260917T113033Z_4798_1130_6a3c488388b5.jpg
4798,C:\Users\Setekh\Desktop\ISY5002-Project\datasets\raw-2026-week1\4798\20260917T114033Z_4798_1140_d52f29b38ceb.jpg
4798,C:\Users\Setekh\Desktop\ISY5002-Project\datasets\raw-2026-week1\4798\20260917T115054Z_4798_1150_486c325fee87.jpg
4798,C:\Users\Setekh\Desktop\ISY5002-Project\datasets\raw-2026-week1\4798\20260917T115534Z_4798_1155_14344ac9a098.jpg
4798,C:\Users\Setekh\Desktop\ISY5002-Project\datasets\raw-2026-week1\4798\20260917T121034Z_4798_1210_12e289435ab2.jpg
4798,C:\Users\Setekh\Desktop\ISY5002-Project\datasets\raw-2026-week1\4798\20260917T122035Z_4798_1220_52f4805cb5be.jpg
4798,C:\Users\Setekh\Desktop\ISY5002-Project\datasets\raw-2026-week1\4798\20260917T123055Z_4798_1230_73d44ac05a8f.jpg
4798,C:\Users\Setekh\Desktop\ISY5002-Project\datasets\raw-2026-week1\4798\20260917T124036Z_4798_1240_9f00856da785.jpg
4798,C:\Users\Setekh\Desktop\ISY5002-Project\datasets\raw-2026-week1\4798\20260917T124536Z_4798_1245_29d049a3d318.jpg
4798,C:\Users\Setekh\Desktop\ISY5002-Project\datasets\raw-2026-week1\4798\20260917T130036Z_4798_1300_c556fb728aed.jpg
4798,C:\Users\Setekh\Desktop\ISY5002-Project\datasets\raw-2026-week1\4798\20260917T131037Z_4798_1310_796396235704.jpg
4798,C:\Users\Setekh\Desktop\ISY5002-Project\datasets\raw-2026-week1\4798\20260917T132057Z_4798_1320_ffd45c6c7ae4.jpg
4798,C:\Users\Setekh\Desktop\ISY5002-Project\datasets\raw-2026-week1\4798\20260917T133037Z_4798_1330_742c1967a20d.jpg
4798,C:\Users\Setekh\Desktop\ISY5002-Project\datasets\raw-2026-week1\4798\20260917T134038Z_4798_1340_a7192f5fe048.jpg
4798,C:\Users\Setekh\Desktop\ISY5002-Project\datasets\raw-2026-week1\4798\20260917T134538Z_4798_1345_17d3005f884d.jpg
4798,C:\Users\Setekh\Desktop\ISY5002-Project\datasets\raw-2026-week1\4798\20260917T135538Z_4798_1355_1bc5c4197a92.jpg
4798,C:\Users\Setekh\Desktop\ISY5002-Project\datasets\raw-2026-week1\4798\20260917T140038Z_4798_1400_20cff555195f.jpg
4798,C:\Users\Setekh\Desktop\ISY5002-Project\datasets\raw-2026-week1\4798\20260917T141039Z_4798_1410_fe9f1f7e2438.jpg
4798,C:\Users\Setekh\Desktop\ISY5002-Project\datasets\raw-2026-week1\4798\20260917T141559Z_4798_1415_92a4c22a2d39.jpg
4798,C:\Users\Setekh\Desktop\ISY5002-Project\datasets\raw-2026-week1\4798\20260917T143040Z_4798_1430_aec4981622a4.jpg
4798,C:\Users\Setekh\Desktop\ISY5002-Project\datasets\raw-2026-week1\4798\20260917T144040Z_4798_1440_eeb00d0d83c4.jpg
4798,C:\Users\Setekh\Desktop\ISY5002-Project\datasets\raw-2026-week1\4798\20260917T144540Z_4798_1445_dceec6503077.jpg
4798,C:\Users\Setekh\Desktop\ISY5002-Project\datasets\raw-2026-week1\4798\20260917T150041Z_4798_1500_630fea8ffdf7.jpg
4798,C:\Users\Setekh\Desktop\ISY5002-Project\datasets\raw-2026-week1\4798\20260917T150601Z_4798_1506_1f8d7e7ad665.jpg
4798,C:\Users\Setekh\Desktop\ISY5002-Project\datasets\raw-2026-week1\4798\20260917T151601Z_4798_1516_7432a681f268.jpg
4798,C:\Users\Setekh\Desktop\ISY5002-Project\datasets\raw-2026-week1\4798\20260917T153042Z_4798_1530_5778c842a126.jpg
4798,C:\Users\Setekh\Desktop\ISY5002-Project\datasets\raw-2026-week1\4798\20260917T153542Z_4798_1535_175ead6496ec.jpg
4798,C:\Users\Setekh\Desktop\ISY5002-Project\datasets\raw-2026-week1\4798\20260917T155042Z_4798_1550_0dbf89214da5.jpg
4798,C:\Users\Setekh\Desktop\ISY5002-Project\datasets\raw-2026-week1\4798\20260917T155603Z_4798_1556_c924485697da.jpg
4798,C:\Users\Setekh\Desktop\ISY5002-Project\datasets\raw-2026-week1\4798\20260917T160603Z_4798_1606_ce5016741e98.jpg
4798,C:\Users\Setekh\Desktop\ISY5002-Project\datasets\raw-2026-week1\4798\20260917T161603Z_4798_1616_c203b4c8777e.jpg
4798,C:\Users\Setekh\Desktop\ISY5002-Project\datasets\raw-2026-week1\4798\20260917T163044Z_4798_1630_679d27a8c72e.jpg
4798,C:\Users\Setekh\Desktop\ISY5002-Project\datasets\raw-2026-week1\4798\20260917T164044Z_4798_1640_8014f6c48021.jpg
4798,C:\Users\Setekh\Desktop\ISY5002-Project\datasets\raw-2026-week1\4798\20260917T165045Z_4798_1650_99947fb1b8a7.jpg
4798,C:\Users\Setekh\Desktop\ISY5002-Project\datasets\raw-2026-week1\4798\20260917T170045Z_4798_1700_10623cff279a.jpg
4798,C:\Users\Setekh\Desktop\ISY5002-Project\datasets\raw-2026-week1\4798\20260917T171045Z_4798_1710_b597830e9335.jpg
4798,C:\Users\Setekh\Desktop\ISY5002-Project\datasets\raw-2026-week1\4798\20260917T172026Z_4798_1720_7a453711ea4e.jpg
4798,C:\Users\Setekh\Desktop\ISY5002-Project\datasets\raw-2026-week1\4798\20260917T174046Z_4798_1740_74b4630e0d80.jpg
4798,C:\Users\Setekh\Desktop\ISY5002-Project\datasets\raw-2026-week1\4798\20260917T175607Z_4798_1756_e902df76b3da.jpg
4798,C:\Users\Setekh\Desktop\ISY5002-Project\datasets\raw-2026-week1\4798\20260917T181028Z_4798_1810_12f3868c9788.jpg
4798,C:\Users\Setekh\Desktop\ISY5002-Project\datasets\raw-2026-week1\4798\20260917T182028Z_4798_1820_ab947ff2ca4e.jpg
4798,C:\Users\Setekh\Desktop\ISY5002-Project\datasets\raw-2026-week1\4798\20260917T184029Z_4798_1840_b46d0c201eaf.jpg
4798,C:\Users\Setekh\Desktop\ISY5002-Project\datasets\raw-2026-week1\4798\20260917T185029Z_4798_1850_6df8f9e54678.jpg
4798,C:\Users\Setekh\Desktop\ISY5002-Project\datasets\raw-2026-week1\4798\20260917T185609Z_4798_1856_51e7cc9c5710.jpg
4798,C:\Users\Setekh\Desktop\ISY5002-Project\datasets\raw-2026-week1\4798\20260917T191030Z_4798_1910_5c55601b08c4.jpg
4798,C:\Users\Setekh\Desktop\ISY5002-Project\datasets\raw-2026-week1\4798\20260917T192030Z_4798_1920_e8596c17d9c7.jpg
4798,C:\Users\Setekh\Desktop\ISY5002-Project\datasets\raw-2026-week1\4798\20260917T193051Z_4798_1930_81ad0cf794ea.jpg
4798,C:\Users\Setekh\Desktop\ISY5002-Project\datasets\raw-2026-week1\4798\20260917T193531Z_4798_1935_1a02629a0870.jpg
4798,C:\Users\Setekh\Desktop\ISY5002-Project\datasets\raw-2026-week1\4798\20260917T194551Z_4798_1945_941c6ce0409c.jpg
4798,C:\Users\Setekh\Desktop\ISY5002-Project\datasets\raw-2026-week1\4798\20260917T200032Z_4798_2000_8f4f934d0083.jpg
4798,C:\Users\Setekh\Desktop\ISY5002-Project\datasets\raw-2026-week1\4798\20260917T201052Z_4798_2010_99e55b1ed51c.jpg
4798,C:\Users\Setekh\Desktop\ISY5002-Project\datasets\raw-2026-week1\4798\20260917T202052Z_4798_2020_7ed37babd743.jpg
4798,C:\Users\Setekh\Desktop\ISY5002-Project\datasets\raw-2026-week1\4798\20260917T203033Z_4798_2030_929a79b097b6.jpg
4798,C:\Users\Setekh\Desktop\ISY5002-Project\datasets\raw-2026-week1\4798\20260917T204033Z_4798_2040_7484c5d22017.jpg
4798,C:\Users\Setekh\Desktop\ISY5002-Project\datasets\raw-2026-week1\4798\20260917T205053Z_4798_2050_212d17aed277.jpg
4798,C:\Users\Setekh\Desktop\ISY5002-Project\datasets\raw-2026-week1\4798\20260917T210054Z_4798_2100_8a4642f5a0d7.jpg
4798,C:\Users\Setekh\Desktop\ISY5002-Project\datasets\raw-2026-week1\4798\20260917T211054Z_4798_2110_b6fa0e2f7d4a.jpg
4798,C:\Users\Setekh\Desktop\ISY5002-Project\datasets\raw-2026-week1\4798\20260917T212035Z_4798_2120_e48052d5ce17.jpg
4798,C:\Users\Setekh\Desktop\ISY5002-Project\datasets\raw-2026-week1\4798\20260917T212555Z_4798_2125_2e5f0027e5e7.jpg
4798,C:\Users\Setekh\Desktop\ISY5002-Project\datasets\raw-2026-week1\4798\20260917T214055Z_4798_2140_5a622e621808.jpg
4798,C:\Users\Setekh\Desktop\ISY5002-Project\datasets\raw-2026-week1\4798\20260917T215056Z_4798_2150_4f762fa3adcb.jpg
4798,C:\Users\Setekh\Desktop\ISY5002-Project\datasets\raw-2026-week1\4798\20260917T220036Z_4798_2200_9c8eb986320e.jpg
4798,C:\Users\Setekh\Desktop\ISY5002-Project\datasets\raw-2026-week1\4798\20260917T221036Z_4798_2210_620aaa6bacc9.jpg
4798,C:\Users\Setekh\Desktop\ISY5002-Project\datasets\raw-2026-week1\4798\20260917T221557Z_4798_2215_f37e02c21b78.jpg
4798,C:\Users\Setekh\Desktop\ISY5002-Project\datasets\raw-2026-week1\4798\20260917T223037Z_4798_2230_b1fba1eb1028.jpg
4798,C:\Users\Setekh\Desktop\ISY5002-Project\datasets\raw-2026-week1\4798\20260917T223557Z_4798_2235_b99fc0bf9052.jpg
4798,C:\Users\Setekh\Desktop\ISY5002-Project\datasets\raw-2026-week1\4798\20260917T224558Z_4798_2245_02a0610e81b1.jpg
4798,C:\Users\Setekh\Desktop\ISY5002-Project\datasets\raw-2026-week1\4798\20260917T225538Z_4798_2255_9ee682e8ba83.jpg
4798,C:\Users\Setekh\Desktop\ISY5002-Project\datasets\raw-2026-week1\4798\20260917T230558Z_4798_2305_bf71769a28c4.jpg
4798,C:\Users\Setekh\Desktop\ISY5002-Project\datasets\raw-2026-week1\4798\20260917T232039Z_4798_2320_f27905747e89.jpg
4798,C:\Users\Setekh\Desktop\ISY5002-Project\datasets\raw-2026-week1\4798\20260917T233039Z_4798_2330_f20850fac181.jpg
4798,C:\Users\Setekh\Desktop\ISY5002-Project\datasets\raw-2026-week1\4798\20260917T234040Z_4798_2340_20cc4aa94c93.jpg
4798,C:\Users\Setekh\Desktop\ISY5002-Project\datasets\raw-2026-week1\4798\20260917T235040Z_4798_2350_975e1538ede7.jpg
4798,C:\Users\Setekh\Desktop\ISY5002-Project\datasets\raw-2026-week1\4798\20260918T000040Z_4798_0000_bd6bfa48b97d.jpg
4798,C:\Users\Setekh\Desktop\ISY5002-Project\datasets\raw-2026-week1\4798\20260918T001041Z_4798_0010_64f1414bcc32.jpg
4798,C:\Users\Setekh\Desktop\ISY5002-Project\datasets\raw-2026-week1\4798\20260918T002041Z_4798_0020_923ef9728cab.jpg
4798,C:\Users\Setekh\Desktop\ISY5002-Project\datasets\raw-2026-week1\4798\20260918T003042Z_4798_0030_54beeb6e4bbb.jpg
4798,C:\Users\Setekh\Desktop\ISY5002-Project\datasets\raw-2026-week1\4798\20260918T004042Z_4798_0040_7a580fee90dd.jpg
4798,C:\Users\Setekh\Desktop\ISY5002-Project\datasets\raw-2026-week1\4798\20260918T005042Z_4798_0050_72ee7b92993a.jpg
4798,C:\Users\Setekh\Desktop\ISY5002-Project\datasets\raw-2026-week1\4798\20260918T010043Z_4798_0100_d024ec329bf3.jpg
4798,C:\Users\Setekh\Desktop\ISY5002-Project\datasets\raw-2026-week1\4798\20260918T011043Z_4798_0110_d13f1937b443.jpg
4798,C:\Users\Setekh\Desktop\ISY5002-Project\datasets\raw-2026-week1\4798\20260918T011543Z_4798_0115_8aa12ef64525.jpg
4798,C:\Users\Setekh\Desktop\ISY5002-Project\datasets\raw-2026-week1\4798\20260918T013044Z_4798_0130_2d52de52674c.jpg
4798,C:\Users\Setekh\Desktop\ISY5002-Project\datasets\raw-2026-week1\4798\20260918T014044Z_4798_0140_11b76c73def9.jpg
4798,C:\Users\Setekh\Desktop\ISY5002-Project\datasets\raw-2026-week1\4798\20260918T015044Z_4798_0150_165e2340111b.jpg
4798,C:\Users\Setekh\Desktop\ISY5002-Project\datasets\raw-2026-week1\4798\20260918T020045Z_4798_0200_fe85e1c03331.jpg
4798,C:\Users\Setekh\Desktop\ISY5002-Project\datasets\raw-2026-week1\4798\20260918T020545Z_4798_0205_a68ad699f9d6.jpg
4798,C:\Users\Setekh\Desktop\ISY5002-Project\datasets\raw-2026-week1\4798\20260918T022026Z_4798_0220_392cfd21b559.jpg
4798,C:\Users\Setekh\Desktop\ISY5002-Project\datasets\raw-2026-week1\4798\20260918T023046Z_4798_0230_bd5564fac36c.jpg
4798,C:\Users\Setekh\Desktop\ISY5002-Project\datasets\raw-2026-week1\4798\20260918T024046Z_4798_0240_8a4892eb0388.jpg
4798,C:\Users\Setekh\Desktop\ISY5002-Project\datasets\raw-2026-week1\4798\20260918T025047Z_4798_0250_2601e5231ade.jpg
4798,C:\Users\Setekh\Desktop\ISY5002-Project\datasets\raw-2026-week1\4798\20260918T025547Z_4798_0255_b5341982fe7f.jpg
4798,C:\Users\Setekh\Desktop\ISY5002-Project\datasets\raw-2026-week1\4798\20260918T031047Z_4798_0310_cfa7bade83f7.jpg
4798,C:\Users\Setekh\Desktop\ISY5002-Project\datasets\raw-2026-week1\4798\20260918T032608Z_4798_0326_383b5e196452.jpg
4798,C:\Users\Setekh\Desktop\ISY5002-Project\datasets\raw-2026-week1\4798\20260918T035049Z_4798_0350_9b88a57b8a44.jpg
4798,C:\Users\Setekh\Desktop\ISY5002-Project\datasets\raw-2026-week1\4798\20260918T040029Z_4798_0400_aa6d5511d284.jpg
4798,C:\Users\Setekh\Desktop\ISY5002-Project\datasets\raw-2026-week1\4798\20260918T041030Z_4798_0410_410acb2d022b.jpg
4798,C:\Users\Setekh\Desktop\ISY5002-Project\datasets\raw-2026-week1\4798\20260918T042050Z_4798_0420_e5ed173a98dd.jpg
4798,C:\Users\Setekh\Desktop\ISY5002-Project\datasets\raw-2026-week1\4798\20260918T043050Z_4798_0430_609d4814ddd3.jpg
4798,C:\Users\Setekh\Desktop\ISY5002-Project\datasets\raw-2026-week1\4798\20260918T044031Z_4798_0440_495e5aae4563.jpg
4798,C:\Users\Setekh\Desktop\ISY5002-Project\datasets\raw-2026-week1\4798\20260918T045031Z_4798_0450_8c9c93a374cd.jpg
4798,C:\Users\Setekh\Desktop\ISY5002-Project\datasets\raw-2026-week1\4798\20260918T050031Z_4798_0500_a0f1281e4bca.jpg
4798,C:\Users\Setekh\Desktop\ISY5002-Project\datasets\raw-2026-week1\4798\20260918T051052Z_4798_0510_8be4d916ba8e.jpg
4798,C:\Users\Setekh\Desktop\ISY5002-Project\datasets\raw-2026-week1\4798\20260918T052052Z_4798_0520_cb94884f748e.jpg
4798,C:\Users\Setekh\Desktop\ISY5002-Project\datasets\raw-2026-week1\4798\20260918T053053Z_4798_0530_be12a0d52428.jpg
4798,C:\Users\Setekh\Desktop\ISY5002-Project\datasets\raw-2026-week1\4798\20260918T053553Z_4798_0535_e4d557afac73.jpg
4798,C:\Users\Setekh\Desktop\ISY5002-Project\datasets\raw-2026-week1\4798\20260918T055033Z_4798_0550_fc1a9c90a81f.jpg
4798,C:\Users\Setekh\Desktop\ISY5002-Project\datasets\raw-2026-week1\4798\20260918T060034Z_4798_0600_aabd28608247.jpg
4798,C:\Users\Setekh\Desktop\ISY5002-Project\datasets\raw-2026-week1\4798\20260918T061034Z_4798_0610_ed26739a375a.jpg
4798,C:\Users\Setekh\Desktop\ISY5002-Project\datasets\raw-2026-week1\4798\20260918T062034Z_4798_0620_b03e72192acb.jpg
4798,C:\Users\Setekh\Desktop\ISY5002-Project\datasets\raw-2026-week1\4798\20260918T063055Z_4798_0630_18ffbe31938e.jpg
4798,C:\Users\Setekh\Desktop\ISY5002-Project\datasets\raw-2026-week1\4798\20260918T064055Z_4798_0640_4c27649021b9.jpg
4798,C:\Users\Setekh\Desktop\ISY5002-Project\datasets\raw-2026-week1\4798\20260918T065035Z_4798_0650_032e16424da8.jpg
4798,C:\Users\Setekh\Desktop\ISY5002-Project\datasets\raw-2026-week1\4798\20260918T065536Z_4798_0655_59443176deae.jpg
4798,C:\Users\Setekh\Desktop\ISY5002-Project\datasets\raw-2026-week1\4798\20260918T071056Z_4798_0710_a9296e6a0281.jpg
4798,C:\Users\Setekh\Desktop\ISY5002-Project\datasets\raw-2026-week1\4798\20260918T072037Z_4798_0720_da1dbb48ea11.jpg
4798,C:\Users\Setekh\Desktop\ISY5002-Project\datasets\raw-2026-week1\4798\20260918T072537Z_4798_0725_5b6b0f522f23.jpg
4798,C:\Users\Setekh\Desktop\ISY5002-Project\datasets\raw-2026-week1\4798\20260918T074037Z_4798_0740_19cee7686d47.jpg
4798,C:\Users\Setekh\Desktop\ISY5002-Project\datasets\raw-2026-week1\4798\20260918T075038Z_4798_0750_631f78d6e647.jpg
4798,C:\Users\Setekh\Desktop\ISY5002-Project\datasets\raw-2026-week1\4798\20260918T080018Z_4798_0800_76c83882ae82.jpg
4798,C:\Users\Setekh\Desktop\ISY5002-Project\datasets\raw-2026-week1\4798\20260918T081038Z_4798_0810_b26115580f97.jpg
4798,C:\Users\Setekh\Desktop\ISY5002-Project\datasets\raw-2026-week1\4798\20260918T082039Z_4798_0820_8fe708c399df.jpg
4798,C:\Users\Setekh\Desktop\ISY5002-Project\datasets\raw-2026-week1\4798\20260918T083039Z_4798_0830_83c1ef3f7fb6.jpg
4798,C:\Users\Setekh\Desktop\ISY5002-Project\datasets\raw-2026-week1\4798\20260918T083559Z_4798_0835_475776ebe6b9.jpg
4798,C:\Users\Setekh\Desktop\ISY5002-Project\datasets\raw-2026-week1\4798\20260918T085040Z_4798_0850_31e79d4c49fb.jpg
4798,C:\Users\Setekh\Desktop\ISY5002-Project\datasets\raw-2026-week1\4798\20260918T085540Z_4798_0855_be6b49e0b021.jpg
4798,C:\Users\Setekh\Desktop\ISY5002-Project\datasets\raw-2026-week1\4798\20260918T091040Z_4798_0910_0e1765cffd58.jpg
4798,C:\Users\Setekh\Desktop\ISY5002-Project\datasets\raw-2026-week1\4798\20260918T091541Z_4798_0915_06210a79b883.jpg
4798,C:\Users\Setekh\Desktop\ISY5002-Project\datasets\raw-2026-week1\4798\20260918T093041Z_4798_0930_d1872700f6bc.jpg
4798,C:\Users\Setekh\Desktop\ISY5002-Project\datasets\raw-2026-week1\4798\20260918T094042Z_4798_0940_62377f6e38bc.jpg
4798,C:\Users\Setekh\Desktop\ISY5002-Project\datasets\raw-2026-week1\4798\20260918T095042Z_4798_0950_cceda57ee0f6.jpg
4798,C:\Users\Setekh\Desktop\ISY5002-Project\datasets\raw-2026-week1\4798\20260918T100042Z_4798_1000_f7c1f1dd669d.jpg
4798,C:\Users\Setekh\Desktop\ISY5002-Project\datasets\raw-2026-week1\4798\20260918T100522Z_4798_1005_e7d99bdbce52.jpg
4798,C:\Users\Setekh\Desktop\ISY5002-Project\datasets\raw-2026-week1\4798\20260918T101603Z_4798_1016_6029db209443.jpg
4798,C:\Users\Setekh\Desktop\ISY5002-Project\datasets\raw-2026-week1\4798\20260918T103043Z_4798_1030_3c39f43cc552.jpg
4798,C:\Users\Setekh\Desktop\ISY5002-Project\datasets\raw-2026-week1\4798\20260918T103544Z_4798_1035_530b9514901b.jpg
4798,C:\Users\Setekh\Desktop\ISY5002-Project\datasets\raw-2026-week1\4798\20260918T105044Z_4798_1050_011f8b848847.jpg
4798,C:\Users\Setekh\Desktop\ISY5002-Project\datasets\raw-2026-week1\4798\20260918T110044Z_4798_1100_e8d6c5b3753f.jpg
4798,C:\Users\Setekh\Desktop\ISY5002-Project\datasets\raw-2026-week1\4798\20260918T111045Z_4798_1110_c845ee604183.jpg
4798,C:\Users\Setekh\Desktop\ISY5002-Project\datasets\raw-2026-week1\4798\20260918T112045Z_4798_1120_2ef6620462ba.jpg
4798,C:\Users\Setekh\Desktop\ISY5002-Project\datasets\raw-2026-week1\4798\20260918T113026Z_4798_1130_515bf15a90d5.jpg
4798,C:\Users\Setekh\Desktop\ISY5002-Project\datasets\raw-2026-week1\4798\20260918T114046Z_4798_1140_f486f69aa6e0.jpg
4798,C:\Users\Setekh\Desktop\ISY5002-Project\datasets\raw-2026-week1\4798\20260918T115026Z_4798_1150_0c2c1352cbde.jpg
4798,C:\Users\Setekh\Desktop\ISY5002-Project\datasets\raw-2026-week1\4798\20260918T120047Z_4798_1200_277c8158d3ff.jpg
4798,C:\Users\Setekh\Desktop\ISY5002-Project\datasets\raw-2026-week1\4798\20260918T120547Z_4798_1205_cf770ba177c7.jpg
4798,C:\Users\Setekh\Desktop\ISY5002-Project\datasets\raw-2026-week1\4798\20260918T122027Z_4798_1220_35da06d0dcfa.jpg
4798,C:\Users\Setekh\Desktop\ISY5002-Project\datasets\raw-2026-week1\4798\20260918T122548Z_4798_1225_528b21a0b738.jpg
4798,C:\Users\Setekh\Desktop\ISY5002-Project\datasets\raw-2026-week1\4798\20260918T123608Z_4798_1236_26a0efca5574.jpg
4798,C:\Users\Setekh\Desktop\ISY5002-Project\datasets\raw-2026-week1\4798\20260918T124048Z_4798_1240_33e3dc29e69c.jpg
4798,C:\Users\Setekh\Desktop\ISY5002-Project\datasets\raw-2026-week1\4798\20260918T125029Z_4798_1250_920d34cb76f2.jpg
4798,C:\Users\Setekh\Desktop\ISY5002-Project\datasets\raw-2026-week1\4798\20260918T125529Z_4798_1255_41b51f21f2dd.jpg
4798,C:\Users\Setekh\Desktop\ISY5002-Project\datasets\raw-2026-week1\4798\20260918T132050Z_4798_1320_26d494955eee.jpg
4798,C:\Users\Setekh\Desktop\ISY5002-Project\datasets\raw-2026-week1\4798\20260918T132550Z_4798_1325_97954a484f92.jpg
4798,C:\Users\Setekh\Desktop\ISY5002-Project\datasets\raw-2026-week1\4798\20260918T134551Z_4798_1345_067ef49e76ba.jpg
4798,C:\Users\Setekh\Desktop\ISY5002-Project\datasets\raw-2026-week1\4798\20260918T140051Z_4798_1400_ad69d4acfc76.jpg
4798,C:\Users\Setekh\Desktop\ISY5002-Project\datasets\raw-2026-week1\4798\20260918T142052Z_4798_1420_4500fa48177c.jpg
4798,C:\Users\Setekh\Desktop\ISY5002-Project\datasets\raw-2026-week1\4798\20260918T143532Z_4798_1435_7352c84d6064.jpg
4798,C:\Users\Setekh\Desktop\ISY5002-Project\datasets\raw-2026-week1\4798\20260918T144552Z_4798_1445_758547e2f7a0.jpg
4798,C:\Users\Setekh\Desktop\ISY5002-Project\datasets\raw-2026-week1\4798\20260918T145613Z_4798_1456_2203201f358e.jpg
4798,C:\Users\Setekh\Desktop\ISY5002-Project\datasets\raw-2026-week1\4798\20260918T150553Z_4798_1505_3dc36750e5e1.jpg
4798,C:\Users\Setekh\Desktop\ISY5002-Project\datasets\raw-2026-week1\4798\20260918T151553Z_4798_1515_381cc04d4d41.jpg
4798,C:\Users\Setekh\Desktop\ISY5002-Project\datasets\raw-2026-week1\4798\20260918T152554Z_4798_1525_42eea2668c47.jpg
4798,C:\Users\Setekh\Desktop\ISY5002-Project\datasets\raw-2026-week1\4798\20260918T154034Z_4798_1540_10faaf52e54a.jpg
4798,C:\Users\Setekh\Desktop\ISY5002-Project\datasets\raw-2026-week1\4798\20260918T155035Z_4798_1550_05d58a545d36.jpg
4798,C:\Users\Setekh\Desktop\ISY5002-Project\datasets\raw-2026-week1\4798\20260918T161055Z_4798_1610_f8c6be245a14.jpg
4798,C:\Users\Setekh\Desktop\ISY5002-Project\datasets\raw-2026-week1\4798\20260918T161555Z_4798_1615_ec12f6b97fee.jpg
4798,C:\Users\Setekh\Desktop\ISY5002-Project\datasets\raw-2026-week1\4798\20260918T162536Z_4798_1625_c78e4e62383a.jpg
4798,C:\Users\Setekh\Desktop\ISY5002-Project\datasets\raw-2026-week1\4798\20260918T164036Z_4798_1640_5c38904d2200.jpg
4798,C:\Users\Setekh\Desktop\ISY5002-Project\datasets\raw-2026-week1\4798\20260918T165036Z_4798_1650_9984c6d17589.jpg
4798,C:\Users\Setekh\Desktop\ISY5002-Project\datasets\raw-2026-week1\4798\20260918T170037Z_4798_1700_392067c4aa92.jpg
4798,C:\Users\Setekh\Desktop\ISY5002-Project\datasets\raw-2026-week1\4798\20260918T171037Z_4798_1710_292e1c260f6e.jpg
4798,C:\Users\Setekh\Desktop\ISY5002-Project\datasets\raw-2026-week1\4798\20260918T172037Z_4798_1720_73ba38ac0df8.jpg
4798,C:\Users\Setekh\Desktop\ISY5002-Project\datasets\raw-2026-week1\4798\20260918T173038Z_4798_1730_def68c4923b5.jpg
4798,C:\Users\Setekh\Desktop\ISY5002-Project\datasets\raw-2026-week1\4798\20260918T174038Z_4798_1740_733136c1671e.jpg
4798,C:\Users\Setekh\Desktop\ISY5002-Project\datasets\raw-2026-week1\4798\20260918T175038Z_4798_1750_def09c528da2.jpg
4798,C:\Users\Setekh\Desktop\ISY5002-Project\datasets\raw-2026-week1\4798\20260918T180039Z_4798_1800_c618a2383da3.jpg
4798,C:\Users\Setekh\Desktop\ISY5002-Project\datasets\raw-2026-week1\4798\20260918T181039Z_4798_1810_252f02189938.jpg
4798,C:\Users\Setekh\Desktop\ISY5002-Project\datasets\raw-2026-week1\4798\20260918T182040Z_4798_1820_feb8d4e6164c.jpg
4798,C:\Users\Setekh\Desktop\ISY5002-Project\datasets\raw-2026-week1\4798\20260918T182600Z_4798_1826_3f1e1d9bee0c.jpg
4798,C:\Users\Setekh\Desktop\ISY5002-Project\datasets\raw-2026-week1\4798\20260918T184040Z_4798_1840_2fe930823a89.jpg
4798,C:\Users\Setekh\Desktop\ISY5002-Project\datasets\raw-2026-week1\4798\20260918T185041Z_4798_1850_652ae68238ee.jpg
4798,C:\Users\Setekh\Desktop\ISY5002-Project\datasets\raw-2026-week1\4798\20260918T190041Z_4798_1900_a90ca3034f75.jpg
4798,C:\Users\Setekh\Desktop\ISY5002-Project\datasets\raw-2026-week1\4798\20260918T191042Z_4798_1910_255c78dc03d7.jpg
4798,C:\Users\Setekh\Desktop\ISY5002-Project\datasets\raw-2026-week1\4798\20260918T192042Z_4798_1920_97656c3ad3a3.jpg
4798,C:\Users\Setekh\Desktop\ISY5002-Project\datasets\raw-2026-week1\4798\20260918T193042Z_4798_1930_478da0cab09f.jpg
4798,C:\Users\Setekh\Desktop\ISY5002-Project\datasets\raw-2026-week1\4798\20260918T194043Z_4798_1940_e15b6933c0f3.jpg
4798,C:\Users\Setekh\Desktop\ISY5002-Project\datasets\raw-2026-week1\4798\20260918T194543Z_4798_1945_1b73f0812a93.jpg
4798,C:\Users\Setekh\Desktop\ISY5002-Project\datasets\raw-2026-week1\4798\20260918T200043Z_4798_2000_d3d972d92b50.jpg
4798,C:\Users\Setekh\Desktop\ISY5002-Project\datasets\raw-2026-week1\4798\20260918T201044Z_4798_2010_2f881eb417cf.jpg
4798,C:\Users\Setekh\Desktop\ISY5002-Project\datasets\raw-2026-week1\4798\20260918T203044Z_4798_2030_140c53d05b84.jpg
4798,C:\Users\Setekh\Desktop\ISY5002-Project\datasets\raw-2026-week1\4798\20260918T204045Z_4798_2040_41767b865a7a.jpg
4798,C:\Users\Setekh\Desktop\ISY5002-Project\datasets\raw-2026-week1\4798\20260918T205045Z_4798_2050_e925e2963661.jpg
4798,C:\Users\Setekh\Desktop\ISY5002-Project\datasets\raw-2026-week1\4798\20260918T205605Z_4798_2056_09d0b226bae0.jpg
4798,C:\Users\Setekh\Desktop\ISY5002-Project\datasets\raw-2026-week1\4798\20260918T211046Z_4798_2110_3382fd919aa7.jpg
4798,C:\Users\Setekh\Desktop\ISY5002-Project\datasets\raw-2026-week1\4798\20260918T212046Z_4798_2120_18be31cea4b3.jpg
4798,C:\Users\Setekh\Desktop\ISY5002-Project\datasets\raw-2026-week1\4798\20260918T213047Z_4798_2130_d4211614b13f.jpg
4798,C:\Users\Setekh\Desktop\ISY5002-Project\datasets\raw-2026-week1\4798\20260918T213607Z_4798_2136_59dea30a9e2a.jpg
4798,C:\Users\Setekh\Desktop\ISY5002-Project\datasets\raw-2026-week1\4798\20260918T215107Z_4798_2151_ef0201227025.jpg
4798,C:\Users\Setekh\Desktop\ISY5002-Project\datasets\raw-2026-week1\4798\20260918T215607Z_4798_2156_6bc307e0f6f4.jpg
4798,C:\Users\Setekh\Desktop\ISY5002-Project\datasets\raw-2026-week1\4798\20260918T221048Z_4798_2210_b1f4929fd62b.jpg
4798,C:\Users\Setekh\Desktop\ISY5002-Project\datasets\raw-2026-week1\4798\20260918T221608Z_4798_2216_4f52fc8626fe.jpg
4798,C:\Users\Setekh\Desktop\ISY5002-Project\datasets\raw-2026-week1\4798\20260918T222549Z_4798_2225_deddb8ed3c9f.jpg
4798,C:\Users\Setekh\Desktop\ISY5002-Project\datasets\raw-2026-week1\4798\20260918T223609Z_4798_2236_f365aff99d3d.jpg
4798,C:\Users\Setekh\Desktop\ISY5002-Project\datasets\raw-2026-week1\4798\20260918T225049Z_4798_2250_e83cf1731f31.jpg
4798,C:\Users\Setekh\Desktop\ISY5002-Project\datasets\raw-2026-week1\4798\20260918T230030Z_4798_2300_18cdeff233be.jpg
4798,C:\Users\Setekh\Desktop\ISY5002-Project\datasets\raw-2026-week1\4798\20260918T231030Z_4798_2310_5ae07e0b14b2.jpg
4798,C:\Users\Setekh\Desktop\ISY5002-Project\datasets\raw-2026-week1\4798\20260918T232051Z_4798_2320_95e5ab3eb9cd.jpg
4798,C:\Users\Setekh\Desktop\ISY5002-Project\datasets\raw-2026-week1\4798\20260918T233031Z_4798_2330_aaefb3aa3acc.jpg
4798,C:\Users\Setekh\Desktop\ISY5002-Project\datasets\raw-2026-week1\4798\20260918T234051Z_4798_2340_b563ea0586fe.jpg
4798,C:\Users\Setekh\Desktop\ISY5002-Project\datasets\raw-2026-week1\4798\20260918T235052Z_4798_2350_84c76b10ccab.jpg
4798,C:\Users\Setekh\Desktop\ISY5002-Project\datasets\raw-2026-week1\4798\20260919T000052Z_4798_0000_2084945fa0bf.jpg
4798,C:\Users\Setekh\Desktop\ISY5002-Project\datasets\raw-2026-week1\4798\20260919T001052Z_4798_0010_f4861fcd6684.jpg
4798,C:\Users\Setekh\Desktop\ISY5002-Project\datasets\raw-2026-week1\4798\20260919T002033Z_4798_0020_c57aedc61096.jpg
4798,C:\Users\Setekh\Desktop\ISY5002-Project\datasets\raw-2026-week1\4798\20260919T003033Z_4798_0030_c50681e80304.jpg
4798,C:\Users\Setekh\Desktop\ISY5002-Project\datasets\raw-2026-week1\4798\20260919T004054Z_4798_0040_3aa35e5bf443.jpg
4798,C:\Users\Setekh\Desktop\ISY5002-Project\datasets\raw-2026-week1\4798\20260919T004554Z_4798_0045_e699d2d40517.jpg
4798,C:\Users\Setekh\Desktop\ISY5002-Project\datasets\raw-2026-week1\4798\20260919T010054Z_4798_0100_a624b2eac86f.jpg
4798,C:\Users\Setekh\Desktop\ISY5002-Project\datasets\raw-2026-week1\4798\20260919T010614Z_4798_0106_158a44d6676c.jpg
4798,C:\Users\Setekh\Desktop\ISY5002-Project\datasets\raw-2026-week1\4798\20260919T011555Z_4798_0115_a166607d6b01.jpg
4798,C:\Users\Setekh\Desktop\ISY5002-Project\datasets\raw-2026-week1\4798\20260919T012555Z_4798_0125_b693f5f4c499.jpg
4798,C:\Users\Setekh\Desktop\ISY5002-Project\datasets\raw-2026-week1\4798\20260919T014036Z_4798_0140_6fe15c2eb60e.jpg
4798,C:\Users\Setekh\Desktop\ISY5002-Project\datasets\raw-2026-week1\4798\20260919T015056Z_4798_0150_22f06a2a5222.jpg
4798,C:\Users\Setekh\Desktop\ISY5002-Project\datasets\raw-2026-week1\4798\20260919T020036Z_4798_0200_ab6d77dd2ce5.jpg
4798,C:\Users\Setekh\Desktop\ISY5002-Project\datasets\raw-2026-week1\4798\20260919T020617Z_4798_0206_acef18766acb.jpg
4798,C:\Users\Setekh\Desktop\ISY5002-Project\datasets\raw-2026-week1\4798\20260919T022557Z_4798_0225_0ee80854ace5.jpg
4798,C:\Users\Setekh\Desktop\ISY5002-Project\datasets\raw-2026-week1\4798\20260919T025038Z_4798_0250_6f2ab881f4d3.jpg
4798,C:\Users\Setekh\Desktop\ISY5002-Project\datasets\raw-2026-week1\4798\20260919T025559Z_4798_0255_b5201901a45c.jpg
4798,C:\Users\Setekh\Desktop\ISY5002-Project\datasets\raw-2026-week1\4798\20260919T030539Z_4798_0305_b0388e5ebeae.jpg
4798,C:\Users\Setekh\Desktop\ISY5002-Project\datasets\raw-2026-week1\4798\20260919T033040Z_4798_0330_b9cc22d13272.jpg
4798,C:\Users\Setekh\Desktop\ISY5002-Project\datasets\raw-2026-week1\4798\20260919T033600Z_4798_0336_f2714ae0082e.jpg
4798,C:\Users\Setekh\Desktop\ISY5002-Project\datasets\raw-2026-week1\4798\20260919T035041Z_4798_0350_4580be53c144.jpg
4798,C:\Users\Setekh\Desktop\ISY5002-Project\datasets\raw-2026-week1\4798\20260919T035541Z_4798_0355_4cb5ed7fe272.jpg
4798,C:\Users\Setekh\Desktop\ISY5002-Project\datasets\raw-2026-week1\4798\20260919T040521Z_4798_0405_993073144a43.jpg
4798,C:\Users\Setekh\Desktop\ISY5002-Project\datasets\raw-2026-week1\4798\20260919T042042Z_4798_0420_decd6909811f.jpg
4798,C:\Users\Setekh\Desktop\ISY5002-Project\datasets\raw-2026-week1\4798\20260919T043602Z_4798_0436_4fe2576b6e39.jpg
4798,C:\Users\Setekh\Desktop\ISY5002-Project\datasets\raw-2026-week1\4798\20260919T044543Z_4798_0445_0355209fd02f.jpg
4798,C:\Users\Setekh\Desktop\ISY5002-Project\datasets\raw-2026-week1\4798\20260919T045543Z_4798_0455_c52174efb5b2.jpg
4798,C:\Users\Setekh\Desktop\ISY5002-Project\datasets\raw-2026-week1\4798\20260919T050543Z_4798_0505_7e28aa151389.jpg
4798,C:\Users\Setekh\Desktop\ISY5002-Project\datasets\raw-2026-week1\4798\20260919T052044Z_4798_0520_b99338a26681.jpg
4798,C:\Users\Setekh\Desktop\ISY5002-Project\datasets\raw-2026-week1\4798\20260919T053044Z_4798_0530_82ee7fc06a91.jpg
4798,C:\Users\Setekh\Desktop\ISY5002-Project\datasets\raw-2026-week1\4798\20260919T054045Z_4798_0540_301c9fe257b1.jpg
4798,C:\Users\Setekh\Desktop\ISY5002-Project\datasets\raw-2026-week1\4798\20260919T054545Z_4798_0545_c6579a856680.jpg
4798,C:\Users\Setekh\Desktop\ISY5002-Project\datasets\raw-2026-week1\4798\20260919T055545Z_4798_0555_ee9549aa172f.jpg
4798,C:\Users\Setekh\Desktop\ISY5002-Project\datasets\raw-2026-week1\4798\20260919T061046Z_4798_0610_a7ff0920ff20.jpg
4798,C:\Users\Setekh\Desktop\ISY5002-Project\datasets\raw-2026-week1\4798\20260919T062046Z_4798_0620_432f0013214b.jpg
4798,C:\Users\Setekh\Desktop\ISY5002-Project\datasets\raw-2026-week1\4798\20260919T062546Z_4798_0625_9471add9f498.jpg
4798,C:\Users\Setekh\Desktop\ISY5002-Project\datasets\raw-2026-week1\4798\20260919T063527Z_4798_0635_a1e9e61bfd38.jpg
4798,C:\Users\Setekh\Desktop\ISY5002-Project\datasets\raw-2026-week1\4798\20260919T065047Z_4798_0650_545655b44465.jpg
4798,C:\Users\Setekh\Desktop\ISY5002-Project\datasets\raw-2026-week1\4798\20260919T071048Z_4798_0710_26739cf52a06.jpg
4798,C:\Users\Setekh\Desktop\ISY5002-Project\datasets\raw-2026-week1\4798\20260919T072048Z_4798_0720_13314398d632.jpg
4798,C:\Users\Setekh\Desktop\ISY5002-Project\datasets\raw-2026-week1\4798\20260919T073029Z_4798_0730_8d85a67f40dd.jpg
4798,C:\Users\Setekh\Desktop\ISY5002-Project\datasets\raw-2026-week1\4798\20260919T074049Z_4798_0740_7b53ede5fdf5.jpg
4798,C:\Users\Setekh\Desktop\ISY5002-Project\datasets\raw-2026-week1\4798\20260919T075049Z_4798_0750_dc06e67a3956.jpg
4798,C:\Users\Setekh\Desktop\ISY5002-Project\datasets\raw-2026-week1\4798\20260919T080030Z_4798_0800_f2d6685ce8d3.jpg
4798,C:\Users\Setekh\Desktop\ISY5002-Project\datasets\raw-2026-week1\4798\20260919T080530Z_4798_0805_538249fc0d0a.jpg
4798,C:\Users\Setekh\Desktop\ISY5002-Project\datasets\raw-2026-week1\4798\20260919T081550Z_4798_0815_0410fd3d626e.jpg
4798,C:\Users\Setekh\Desktop\ISY5002-Project\datasets\raw-2026-week1\4798\20260919T083031Z_4798_0830_bb9e3eb9d47a.jpg
4798,C:\Users\Setekh\Desktop\ISY5002-Project\datasets\raw-2026-week1\4798\20260919T084051Z_4798_0840_ceee3885c435.jpg
4798,C:\Users\Setekh\Desktop\ISY5002-Project\datasets\raw-2026-week1\4798\20260919T090032Z_4798_0900_b8bb581c8f39.jpg
4798,C:\Users\Setekh\Desktop\ISY5002-Project\datasets\raw-2026-week1\4798\20260919T091052Z_4798_0910_df70d9f21c6a.jpg
4798,C:\Users\Setekh\Desktop\ISY5002-Project\datasets\raw-2026-week1\4798\20260919T092033Z_4798_0920_dba82e244c72.jpg
4798,C:\Users\Setekh\Desktop\ISY5002-Project\datasets\raw-2026-week1\4798\20260919T093033Z_4798_0930_bbe4c581c045.jpg
4798,C:\Users\Setekh\Desktop\ISY5002-Project\datasets\raw-2026-week1\4798\20260919T095054Z_4798_0950_cafc8477b846.jpg
4798,C:\Users\Setekh\Desktop\ISY5002-Project\datasets\raw-2026-week1\4798\20260919T100054Z_4798_1000_46cd6a4425b7.jpg
4798,C:\Users\Setekh\Desktop\ISY5002-Project\datasets\raw-2026-week1\4798\20260919T102035Z_4798_1020_edc349233011.jpg
4798,C:\Users\Setekh\Desktop\ISY5002-Project\datasets\raw-2026-week1\4798\20260919T103035Z_4798_1030_ee58b265fa76.jpg
4798,C:\Users\Setekh\Desktop\ISY5002-Project\datasets\raw-2026-week1\4798\20260919T104036Z_4798_1040_9fe535054978.jpg
4798,C:\Users\Setekh\Desktop\ISY5002-Project\datasets\raw-2026-week1\4798\20260919T105056Z_4798_1050_2689e60b76a7.jpg
4798,C:\Users\Setekh\Desktop\ISY5002-Project\datasets\raw-2026-week1\4798\20260919T110036Z_4798_1100_69af398f3e1d.jpg
4798,C:\Users\Setekh\Desktop\ISY5002-Project\datasets\raw-2026-week1\4798\20260919T110557Z_4798_1105_e94ab7e9d9af.jpg
4798,C:\Users\Setekh\Desktop\ISY5002-Project\datasets\raw-2026-week1\4798\20260919T111537Z_4798_1115_7f5d926f9b52.jpg
4798,C:\Users\Setekh\Desktop\ISY5002-Project\datasets\raw-2026-week1\4798\20260919T112117Z_4798_1121_0a0668150ca8.jpg
4798,C:\Users\Setekh\Desktop\ISY5002-Project\datasets\raw-2026-week1\4798\20260919T113038Z_4798_1130_ec5a0ccdb015.jpg
4798,C:\Users\Setekh\Desktop\ISY5002-Project\datasets\raw-2026-week1\4798\20260919T113538Z_4798_1135_7dff13708da0.jpg
4798,C:\Users\Setekh\Desktop\ISY5002-Project\datasets\raw-2026-week1\4798\20260919T115038Z_4798_1150_eb1e18468cb4.jpg
4798,C:\Users\Setekh\Desktop\ISY5002-Project\datasets\raw-2026-week1\4798\20260919T115619Z_4798_1156_bf1aa396bab8.jpg
4798,C:\Users\Setekh\Desktop\ISY5002-Project\datasets\raw-2026-week1\4798\20260919T120559Z_4798_1205_377f0125ff81.jpg
4798,C:\Users\Setekh\Desktop\ISY5002-Project\datasets\raw-2026-week1\4798\20260919T121559Z_4798_1215_2d872c9768a6.jpg
4798,C:\Users\Setekh\Desktop\ISY5002-Project\datasets\raw-2026-week1\4798\20260919T123040Z_4798_1230_e42f4535bd10.jpg
4798,C:\Users\Setekh\Desktop\ISY5002-Project\datasets\raw-2026-week1\4798\20260919T124040Z_4798_1240_a12c406d1743.jpg
4798,C:\Users\Setekh\Desktop\ISY5002-Project\datasets\raw-2026-week1\4798\20260919T124541Z_4798_1245_68bd922113e8.jpg
4798,C:\Users\Setekh\Desktop\ISY5002-Project\datasets\raw-2026-week1\4798\20260919T130041Z_4798_1300_f56b48aa6ac1.jpg
4798,C:\Users\Setekh\Desktop\ISY5002-Project\datasets\raw-2026-week1\4798\20260919T131041Z_4798_1310_e11f819c6ff5.jpg
4798,C:\Users\Setekh\Desktop\ISY5002-Project\datasets\raw-2026-week1\4798\20260919T131542Z_4798_1315_0a58047ed54a.jpg
4798,C:\Users\Setekh\Desktop\ISY5002-Project\datasets\raw-2026-week1\4798\20260919T133042Z_4798_1330_a92227df68dd.jpg
4798,C:\Users\Setekh\Desktop\ISY5002-Project\datasets\raw-2026-week1\4798\20260919T133542Z_4798_1335_952f7b8ff6d8.jpg
4798,C:\Users\Setekh\Desktop\ISY5002-Project\datasets\raw-2026-week1\4798\20260919T135043Z_4798_1350_8c79c3e6873f.jpg
4798,C:\Users\Setekh\Desktop\ISY5002-Project\datasets\raw-2026-week1\4798\20260919T135603Z_4798_1356_1fd6d5a6f9a6.jpg
4798,C:\Users\Setekh\Desktop\ISY5002-Project\datasets\raw-2026-week1\4798\20260919T141043Z_4798_1410_50948784736c.jpg
4798,C:\Users\Setekh\Desktop\ISY5002-Project\datasets\raw-2026-week1\4798\20260919T142024Z_4798_1420_e2c36560feeb.jpg
4798,C:\Users\Setekh\Desktop\ISY5002-Project\datasets\raw-2026-week1\4798\20260919T142524Z_4798_1425_a9637f0420a8.jpg
4798,C:\Users\Setekh\Desktop\ISY5002-Project\datasets\raw-2026-week1\4798\20260919T144045Z_4798_1440_020535211c01.jpg
4798,C:\Users\Setekh\Desktop\ISY5002-Project\datasets\raw-2026-week1\4798\20260919T145045Z_4798_1450_4e247be6d69b.jpg
4798,C:\Users\Setekh\Desktop\ISY5002-Project\datasets\raw-2026-week1\4798\20260919T145605Z_4798_1456_5020014b0ab0.jpg
4798,C:\Users\Setekh\Desktop\ISY5002-Project\datasets\raw-2026-week1\4798\20260919T151026Z_4798_1510_239968b45eaf.jpg
4798,C:\Users\Setekh\Desktop\ISY5002-Project\datasets\raw-2026-week1\4798\20260919T152046Z_4798_1520_3ad46fa5798a.jpg
4798,C:\Users\Setekh\Desktop\ISY5002-Project\datasets\raw-2026-week1\4798\20260919T153046Z_4798_1530_26fb32be24f8.jpg
4798,C:\Users\Setekh\Desktop\ISY5002-Project\datasets\raw-2026-week1\4798\20260919T154027Z_4798_1540_db6cf536a264.jpg
4798,C:\Users\Setekh\Desktop\ISY5002-Project\datasets\raw-2026-week1\4798\20260919T155047Z_4798_1550_fede735823ad.jpg
4798,C:\Users\Setekh\Desktop\ISY5002-Project\datasets\raw-2026-week1\4798\20260919T160028Z_4798_1600_aaa56fb2d7be.jpg
4798,C:\Users\Setekh\Desktop\ISY5002-Project\datasets\raw-2026-week1\4798\20260919T161028Z_4798_1610_4a29ee2ab15d.jpg
4798,C:\Users\Setekh\Desktop\ISY5002-Project\datasets\raw-2026-week1\4798\20260919T162028Z_4798_1620_22ec41217dad.jpg
4798,C:\Users\Setekh\Desktop\ISY5002-Project\datasets\raw-2026-week1\4798\20260919T162548Z_4798_1625_d858bd6d0df7.jpg
4798,C:\Users\Setekh\Desktop\ISY5002-Project\datasets\raw-2026-week1\4798\20260919T164049Z_4798_1640_71adc355ee92.jpg
4798,C:\Users\Setekh\Desktop\ISY5002-Project\datasets\raw-2026-week1\4798\20260919T165029Z_4798_1650_da178c90bd82.jpg
4798,C:\Users\Setekh\Desktop\ISY5002-Project\datasets\raw-2026-week1\4798\20260919T170030Z_4798_1700_9adbc8c8305e.jpg
4798,C:\Users\Setekh\Desktop\ISY5002-Project\datasets\raw-2026-week1\4798\20260919T173051Z_4798_1730_01f7320207d9.jpg
4798,C:\Users\Setekh\Desktop\ISY5002-Project\datasets\raw-2026-week1\4798\20260919T174031Z_4798_1740_c0510e1b0730.jpg
4798,C:\Users\Setekh\Desktop\ISY5002-Project\datasets\raw-2026-week1\4798\20260919T174532Z_4798_1745_5b574c79632d.jpg
4798,C:\Users\Setekh\Desktop\ISY5002-Project\datasets\raw-2026-week1\4798\20260919T180032Z_4798_1800_dfb95ead982d.jpg
4798,C:\Users\Setekh\Desktop\ISY5002-Project\datasets\raw-2026-week1\4798\20260919T181032Z_4798_1810_85ee581cea58.jpg
4798,C:\Users\Setekh\Desktop\ISY5002-Project\datasets\raw-2026-week1\4798\20260919T182033Z_4798_1820_aeb6cc464256.jpg
4798,C:\Users\Setekh\Desktop\ISY5002-Project\datasets\raw-2026-week1\4798\20260919T183033Z_4798_1830_25b873f8f4bf.jpg
4798,C:\Users\Setekh\Desktop\ISY5002-Project\datasets\raw-2026-week1\4798\20260919T184034Z_4798_1840_fb3d44a66a83.jpg
4798,C:\Users\Setekh\Desktop\ISY5002-Project\datasets\raw-2026-week1\4798\20260919T192035Z_4798_1920_4a0f762db4e6.jpg
4798,C:\Users\Setekh\Desktop\ISY5002-Project\datasets\raw-2026-week1\4798\20260919T193035Z_4798_1930_8744341bcdb2.jpg
4798,C:\Users\Setekh\Desktop\ISY5002-Project\datasets\raw-2026-week1\4798\20260919T195036Z_4798_1950_afcabca55ac1.jpg
4798,C:\Users\Setekh\Desktop\ISY5002-Project\datasets\raw-2026-week1\4798\20260919T200057Z_4798_2000_5fb2ac6b28e1.jpg
4798,C:\Users\Setekh\Desktop\ISY5002-Project\datasets\raw-2026-week1\4798\20260919T200557Z_4798_2005_e2b1559cb700.jpg
4798,C:\Users\Setekh\Desktop\ISY5002-Project\datasets\raw-2026-week1\4798\20260919T201537Z_4798_2015_7c401d87404e.jpg
4798,C:\Users\Setekh\Desktop\ISY5002-Project\datasets\raw-2026-week1\4798\20260919T203038Z_4798_2030_63599c4b7711.jpg
4798,C:\Users\Setekh\Desktop\ISY5002-Project\datasets\raw-2026-week1\4798\20260919T204038Z_4798_2040_184efea8dafb.jpg
4798,C:\Users\Setekh\Desktop\ISY5002-Project\datasets\raw-2026-week1\4798\20260919T205038Z_4798_2050_df98fb568269.jpg
4798,C:\Users\Setekh\Desktop\ISY5002-Project\datasets\raw-2026-week1\4798\20260919T205539Z_4798_2055_e89da48e68da.jpg
4798,C:\Users\Setekh\Desktop\ISY5002-Project\datasets\raw-2026-week1\4798\20260919T211039Z_4798_2110_39d7193c31a1.jpg
4798,C:\Users\Setekh\Desktop\ISY5002-Project\datasets\raw-2026-week1\4798\20260919T211539Z_4798_2115_525c83f009b1.jpg
4798,C:\Users\Setekh\Desktop\ISY5002-Project\datasets\raw-2026-week1\4798\20260919T213040Z_4798_2130_54550e45e5d5.jpg
4798,C:\Users\Setekh\Desktop\ISY5002-Project\datasets\raw-2026-week1\4798\20260919T214040Z_4798_2140_bfc52a3ad1a5.jpg
4798,C:\Users\Setekh\Desktop\ISY5002-Project\datasets\raw-2026-week1\4798\20260919T215041Z_4798_2150_9d2af6bfad7e.jpg
4798,C:\Users\Setekh\Desktop\ISY5002-Project\datasets\raw-2026-week1\4798\20260919T220041Z_4798_2200_57994f49183d.jpg
4798,C:\Users\Setekh\Desktop\ISY5002-Project\datasets\raw-2026-week1\4798\20260919T220601Z_4798_2206_95f8ddf5a55e.jpg
4798,C:\Users\Setekh\Desktop\ISY5002-Project\datasets\raw-2026-week1\4798\20260919T222042Z_4798_2220_4fce1f8b0892.jpg
4798,C:\Users\Setekh\Desktop\ISY5002-Project\datasets\raw-2026-week1\4798\20260919T222542Z_4798_2225_6e48cb60e506.jpg
4798,C:\Users\Setekh\Desktop\ISY5002-Project\datasets\raw-2026-week1\4798\20260919T224043Z_4798_2240_c70ee81f2518.jpg
4798,C:\Users\Setekh\Desktop\ISY5002-Project\datasets\raw-2026-week1\4798\20260919T225043Z_4798_2250_bd102688d5bd.jpg
4798,C:\Users\Setekh\Desktop\ISY5002-Project\datasets\raw-2026-week1\4798\20260919T231044Z_4798_2310_46effeee30ab.jpg
4798,C:\Users\Setekh\Desktop\ISY5002-Project\datasets\raw-2026-week1\4798\20260919T231544Z_4798_2315_d01274035088.jpg
4798,C:\Users\Setekh\Desktop\ISY5002-Project\datasets\raw-2026-week1\4798\20260919T233024Z_4798_2330_7c5f9fba4a56.jpg
4798,C:\Users\Setekh\Desktop\ISY5002-Project\datasets\raw-2026-week1\4798\20260919T234045Z_4798_2340_306cbc656046.jpg
4798,C:\Users\Setekh\Desktop\ISY5002-Project\datasets\raw-2026-week1\4798\20260919T235045Z_4798_2350_41a43076823b.jpg
4798,C:\Users\Setekh\Desktop\ISY5002-Project\datasets\raw-2026-week1\4798\20260920T000046Z_4798_0000_b2596e7eefa8.jpg
4798,C:\Users\Setekh\Desktop\ISY5002-Project\datasets\raw-2026-week1\4798\20260920T001046Z_4798_0010_343a5f8298bd.jpg
4798,C:\Users\Setekh\Desktop\ISY5002-Project\datasets\raw-2026-week1\4798\20260920T002046Z_4798_0020_8ce5b51adbd4.jpg
4798,C:\Users\Setekh\Desktop\ISY5002-Project\datasets\raw-2026-week1\4798\20260920T003027Z_4798_0030_ea67e765fd27.jpg
4798,C:\Users\Setekh\Desktop\ISY5002-Project\datasets\raw-2026-week1\4798\20260920T004027Z_4798_0040_c79a87c73646.jpg
4798,C:\Users\Setekh\Desktop\ISY5002-Project\datasets\raw-2026-week1\4798\20260920T011548Z_4798_0115_fec68a8ed967.jpg
4798,C:\Users\Setekh\Desktop\ISY5002-Project\datasets\raw-2026-week1\4798\20260920T013029Z_4798_0130_6f178f342e3f.jpg
4798,C:\Users\Setekh\Desktop\ISY5002-Project\datasets\raw-2026-week1\4798\20260920T014049Z_4798_0140_7db2dbc571be.jpg
4798,C:\Users\Setekh\Desktop\ISY5002-Project\datasets\raw-2026-week1\4798\20260920T015030Z_4798_0150_60e67fa4cc2c.jpg
4798,C:\Users\Setekh\Desktop\ISY5002-Project\datasets\raw-2026-week1\4798\20260920T020030Z_4798_0200_9b7dbff6ccb8.jpg
4798,C:\Users\Setekh\Desktop\ISY5002-Project\datasets\raw-2026-week1\4798\20260920T021051Z_4798_0210_c469a7878482.jpg
4798,C:\Users\Setekh\Desktop\ISY5002-Project\datasets\raw-2026-week1\4798\20260920T021531Z_4798_0215_24b36d652a53.jpg
4798,C:\Users\Setekh\Desktop\ISY5002-Project\datasets\raw-2026-week1\4798\20260920T023031Z_4798_0230_5ed4a257b519.jpg
4798,C:\Users\Setekh\Desktop\ISY5002-Project\datasets\raw-2026-week1\4798\20260920T024031Z_4798_0240_ec74c12fd585.jpg
4798,C:\Users\Setekh\Desktop\ISY5002-Project\datasets\raw-2026-week1\4798\20260920T025032Z_4798_0250_7cc1c5ab4c5e.jpg
4798,C:\Users\Setekh\Desktop\ISY5002-Project\datasets\raw-2026-week1\4798\20260920T030052Z_4798_0300_c27229503bcb.jpg
4798,C:\Users\Setekh\Desktop\ISY5002-Project\datasets\raw-2026-week1\4798\20260920T031033Z_4798_0310_ac2a674270f6.jpg
4798,C:\Users\Setekh\Desktop\ISY5002-Project\datasets\raw-2026-week1\4798\20260920T032033Z_4798_0320_deb3662357f0.jpg
4798,C:\Users\Setekh\Desktop\ISY5002-Project\datasets\raw-2026-week1\4798\20260920T033033Z_4798_0330_ba93a6273e64.jpg
4798,C:\Users\Setekh\Desktop\ISY5002-Project\datasets\raw-2026-week1\4798\20260920T034054Z_4798_0340_c1de3d538b84.jpg
4798,C:\Users\Setekh\Desktop\ISY5002-Project\datasets\raw-2026-week1\4798\20260920T035034Z_4798_0350_fae9f1f8a62d.jpg
4798,C:\Users\Setekh\Desktop\ISY5002-Project\datasets\raw-2026-week1\4798\20260920T040034Z_4798_0400_fcbe13e770a1.jpg
4798,C:\Users\Setekh\Desktop\ISY5002-Project\datasets\raw-2026-week1\4798\20260920T041055Z_4798_0410_3ac846fcd00e.jpg
4798,C:\Users\Setekh\Desktop\ISY5002-Project\datasets\raw-2026-week1\4798\20260920T042035Z_4798_0420_db9830c3da09.jpg
4798,C:\Users\Setekh\Desktop\ISY5002-Project\datasets\raw-2026-week1\4798\20260920T043036Z_4798_0430_b66cde8a56b6.jpg
4798,C:\Users\Setekh\Desktop\ISY5002-Project\datasets\raw-2026-week1\4798\20260920T043556Z_4798_0435_37c54231c199.jpg
4798,C:\Users\Setekh\Desktop\ISY5002-Project\datasets\raw-2026-week1\4798\20260920T045036Z_4798_0450_5cf3ee878f5c.jpg
4798,C:\Users\Setekh\Desktop\ISY5002-Project\datasets\raw-2026-week1\4798\20260920T045536Z_4798_0455_b7e61a65871c.jpg
4798,C:\Users\Setekh\Desktop\ISY5002-Project\datasets\raw-2026-week1\4798\20260920T050557Z_4798_0505_c3ecd7a97112.jpg
4798,C:\Users\Setekh\Desktop\ISY5002-Project\datasets\raw-2026-week1\4798\20260920T052037Z_4798_0520_947c0addaab5.jpg
4798,C:\Users\Setekh\Desktop\ISY5002-Project\datasets\raw-2026-week1\4798\20260920T053038Z_4798_0530_70f54d86a97b.jpg
4798,C:\Users\Setekh\Desktop\ISY5002-Project\datasets\raw-2026-week1\4798\20260920T053558Z_4798_0535_f2fed758c023.jpg
4798,C:\Users\Setekh\Desktop\ISY5002-Project\datasets\raw-2026-week1\4798\20260920T054558Z_4798_0545_1b818fbe6be1.jpg
4798,C:\Users\Setekh\Desktop\ISY5002-Project\datasets\raw-2026-week1\4798\20260920T060019Z_4798_0600_ac4079e0c18c.jpg
4798,C:\Users\Setekh\Desktop\ISY5002-Project\datasets\raw-2026-week1\4798\20260920T060559Z_4798_0605_3b6a4f2ca2bb.jpg
4798,C:\Users\Setekh\Desktop\ISY5002-Project\datasets\raw-2026-week1\4798\20260920T061539Z_4798_0615_cb04b0bf162e.jpg
4798,C:\Users\Setekh\Desktop\ISY5002-Project\datasets\raw-2026-week1\4798\20260920T063040Z_4798_0630_3f56d41feaba.jpg
4798,C:\Users\Setekh\Desktop\ISY5002-Project\datasets\raw-2026-week1\4798\20260920T064040Z_4798_0640_35b5583d9af8.jpg
4798,C:\Users\Setekh\Desktop\ISY5002-Project\datasets\raw-2026-week1\4798\20260920T065041Z_4798_0650_a95d2b626257.jpg
4798,C:\Users\Setekh\Desktop\ISY5002-Project\datasets\raw-2026-week1\4798\20260920T070021Z_4798_0700_571267a6446f.jpg
4798,C:\Users\Setekh\Desktop\ISY5002-Project\datasets\raw-2026-week1\4798\20260920T070601Z_4798_0706_e7ce3c83108d.jpg
4798,C:\Users\Setekh\Desktop\ISY5002-Project\datasets\raw-2026-week1\4798\20260920T071602Z_4798_0716_883109266b1b.jpg
4798,C:\Users\Setekh\Desktop\ISY5002-Project\datasets\raw-2026-week1\4798\20260920T073042Z_4798_0730_1f5d1d8f1ffa.jpg
4798,C:\Users\Setekh\Desktop\ISY5002-Project\datasets\raw-2026-week1\4798\20260920T074042Z_4798_0740_61db5ac61c3f.jpg
4798,C:\Users\Setekh\Desktop\ISY5002-Project\datasets\raw-2026-week1\4798\20260920T075023Z_4798_0750_200dc54ab53c.jpg
4798,C:\Users\Setekh\Desktop\ISY5002-Project\datasets\raw-2026-week1\4798\20260920T080043Z_4798_0800_32a75221709c.jpg
4798,C:\Users\Setekh\Desktop\ISY5002-Project\datasets\raw-2026-week1\4798\20260920T081044Z_4798_0810_da73a7b86630.jpg
4798,C:\Users\Setekh\Desktop\ISY5002-Project\datasets\raw-2026-week1\4798\20260920T082044Z_4798_0820_6d0ade1ed05b.jpg
4798,C:\Users\Setekh\Desktop\ISY5002-Project\datasets\raw-2026-week1\4798\20260920T083044Z_4798_0830_1f15c93c21ac.jpg
4798,C:\Users\Setekh\Desktop\ISY5002-Project\datasets\raw-2026-week1\4798\20260920T084045Z_4798_0840_5363cf999d23.jpg
4798,C:\Users\Setekh\Desktop\ISY5002-Project\datasets\raw-2026-week1\4798\20260920T085045Z_4798_0850_d304bdd3561f.jpg
4798,C:\Users\Setekh\Desktop\ISY5002-Project\datasets\raw-2026-week1\4798\20260920T090045Z_4798_0900_8e5a27fe57fa.jpg
4798,C:\Users\Setekh\Desktop\ISY5002-Project\datasets\raw-2026-week1\4798\20260920T091046Z_4798_0910_f8031c20ca95.jpg
4798,C:\Users\Setekh\Desktop\ISY5002-Project\datasets\raw-2026-week1\4798\20260920T092046Z_4798_0920_98db8a77bdad.jpg
4798,C:\Users\Setekh\Desktop\ISY5002-Project\datasets\raw-2026-week1\4798\20260920T093027Z_4798_0930_885c00745193.jpg
4798,C:\Users\Setekh\Desktop\ISY5002-Project\datasets\raw-2026-week1\4798\20260920T094027Z_4798_0940_439791f321e1.jpg
4798,C:\Users\Setekh\Desktop\ISY5002-Project\datasets\raw-2026-week1\4798\20260920T095027Z_4798_0950_c634f5264bf2.jpg
4798,C:\Users\Setekh\Desktop\ISY5002-Project\datasets\raw-2026-week1\4798\20260920T100028Z_4798_1000_179175ddf545.jpg
4798,C:\Users\Setekh\Desktop\ISY5002-Project\datasets\raw-2026-week1\4798\20260920T101028Z_4798_1010_948baa43c4af.jpg
4798,C:\Users\Setekh\Desktop\ISY5002-Project\datasets\raw-2026-week1\4798\20260920T102048Z_4798_1020_195e50b707cb.jpg
4798,C:\Users\Setekh\Desktop\ISY5002-Project\datasets\raw-2026-week1\4798\20260920T103029Z_4798_1030_fd0136d96125.jpg
4798,C:\Users\Setekh\Desktop\ISY5002-Project\datasets\raw-2026-week1\4798\20260920T104029Z_4798_1040_db4f7eea5b23.jpg
4798,C:\Users\Setekh\Desktop\ISY5002-Project\datasets\raw-2026-week1\4798\20260920T105029Z_4798_1050_3e0bf10eab42.jpg
4798,C:\Users\Setekh\Desktop\ISY5002-Project\datasets\raw-2026-week1\4798\20260920T110030Z_4798_1100_c13a3e17f162.jpg
4798,C:\Users\Setekh\Desktop\ISY5002-Project\datasets\raw-2026-week1\4798\20260920T111030Z_4798_1110_c67264282f83.jpg
4798,C:\Users\Setekh\Desktop\ISY5002-Project\datasets\raw-2026-week1\4798\20260920T112031Z_4798_1120_83f8247b4a1f.jpg
4798,C:\Users\Setekh\Desktop\ISY5002-Project\datasets\raw-2026-week1\4798\20260920T113051Z_4798_1130_3d9d12bf56ae.jpg
4798,C:\Users\Setekh\Desktop\ISY5002-Project\datasets\raw-2026-week1\4798\20260920T114031Z_4798_1140_b5f200990cf6.jpg
4798,C:\Users\Setekh\Desktop\ISY5002-Project\datasets\raw-2026-week1\4798\20260920T115052Z_4798_1150_9f0e472f9def.jpg
4798,C:\Users\Setekh\Desktop\ISY5002-Project\datasets\raw-2026-week1\4798\20260920T120052Z_4798_1200_9122545e6153.jpg
4798,C:\Users\Setekh\Desktop\ISY5002-Project\datasets\raw-2026-week1\4798\20260920T121052Z_4798_1210_f7f103833828.jpg
4798,C:\Users\Setekh\Desktop\ISY5002-Project\datasets\raw-2026-week1\4798\20260920T121553Z_4798_1215_9c3cf25cce8d.jpg
4798,C:\Users\Setekh\Desktop\ISY5002-Project\datasets\raw-2026-week1\4798\20260920T123053Z_4798_1230_6a3f86dd9a63.jpg
4798,C:\Users\Setekh\Desktop\ISY5002-Project\datasets\raw-2026-week1\4798\20260920T124034Z_4798_1240_416f306d242d.jpg
4798,C:\Users\Setekh\Desktop\ISY5002-Project\datasets\raw-2026-week1\4798\20260920T125034Z_4798_1250_395d85fcd47c.jpg
4798,C:\Users\Setekh\Desktop\ISY5002-Project\datasets\raw-2026-week1\4798\20260920T130054Z_4798_1300_b4efe6518600.jpg
4798,C:\Users\Setekh\Desktop\ISY5002-Project\datasets\raw-2026-week1\4798\20260920T130615Z_4798_1306_4f1353170fb8.jpg
4798,C:\Users\Setekh\Desktop\ISY5002-Project\datasets\raw-2026-week1\4798\20260920T131555Z_4798_1315_a24077b62402.jpg
4798,C:\Users\Setekh\Desktop\ISY5002-Project\datasets\raw-2026-week1\4798\20260920T133055Z_4798_1330_8621d357f5e5.jpg
4798,C:\Users\Setekh\Desktop\ISY5002-Project\datasets\raw-2026-week1\4798\20260920T133556Z_4798_1335_77e05e2d1e18.jpg
4798,C:\Users\Setekh\Desktop\ISY5002-Project\datasets\raw-2026-week1\4798\20260920T135036Z_4798_1350_643fb7f8a62d.jpg
4798,C:\Users\Setekh\Desktop\ISY5002-Project\datasets\raw-2026-week1\4798\20260920T135556Z_4798_1355_0839a415495a.jpg
4798,C:\Users\Setekh\Desktop\ISY5002-Project\datasets\raw-2026-week1\4798\20260920T140537Z_4798_1405_b3a7a3b383cc.jpg
4798,C:\Users\Setekh\Desktop\ISY5002-Project\datasets\raw-2026-week1\4798\20260920T142037Z_4798_1420_b4199b088e40.jpg
4798,C:\Users\Setekh\Desktop\ISY5002-Project\datasets\raw-2026-week1\4798\20260920T142537Z_4798_1425_eb245ef1ff91.jpg
4798,C:\Users\Setekh\Desktop\ISY5002-Project\datasets\raw-2026-week1\4798\20260920T143538Z_4798_1435_d58d9ee40778.jpg
4798,C:\Users\Setekh\Desktop\ISY5002-Project\datasets\raw-2026-week1\4798\20260920T145018Z_4798_1450_59f0a51684d6.jpg
4798,C:\Users\Setekh\Desktop\ISY5002-Project\datasets\raw-2026-week1\4798\20260920T145619Z_4798_1456_4f7f44a6264d.jpg
4798,C:\Users\Setekh\Desktop\ISY5002-Project\datasets\raw-2026-week1\4798\20260920T150559Z_4798_1505_a2418d6a9614.jpg
4798,C:\Users\Setekh\Desktop\ISY5002-Project\datasets\raw-2026-week1\4798\20260920T152039Z_4798_1520_1f9228624b4b.jpg
4798,C:\Users\Setekh\Desktop\ISY5002-Project\datasets\raw-2026-week1\4798\20260920T152600Z_4798_1526_a66988978104.jpg
4798,C:\Users\Setekh\Desktop\ISY5002-Project\datasets\raw-2026-week1\4798\20260920T154040Z_4798_1540_ade0039d66b9.jpg
4798,C:\Users\Setekh\Desktop\ISY5002-Project\datasets\raw-2026-week1\4798\20260920T155041Z_4798_1550_ee7c41d12de1.jpg
4799,C:\Users\Setekh\Desktop\ISY5002-Project\datasets\raw-2026-week1\4799\20260913T063050Z_4799_0630_7daa40a1fb9b.jpg
4799,C:\Users\Setekh\Desktop\ISY5002-Project\datasets\raw-2026-week1\4799\20260913T124023Z_4799_1240_d39c5ce6b693.jpg
4799,C:\Users\Setekh\Desktop\ISY5002-Project\datasets\raw-2026-week1\4799\20260913T164052Z_4799_1640_ef02c9ade800.jpg
4799,C:\Users\Setekh\Desktop\ISY5002-Project\datasets\raw-2026-week1\4799\20260913T165033Z_4799_1650_105e9f75be32.jpg
4799,C:\Users\Setekh\Desktop\ISY5002-Project\datasets\raw-2026-week1\4799\20260913T165553Z_4799_1655_c99096622acf.jpg
4799,C:\Users\Setekh\Desktop\ISY5002-Project\datasets\raw-2026-week1\4799\20260913T170053Z_4799_1700_477f235d8435.jpg
4799,C:\Users\Setekh\Desktop\ISY5002-Project\datasets\raw-2026-week1\4799\20260913T171053Z_4799_1710_de9db3b58c58.jpg
4799,C:\Users\Setekh\Desktop\ISY5002-Project\datasets\raw-2026-week1\4799\20260913T172054Z_4799_1720_ddc4c31d913b.jpg
4799,C:\Users\Setekh\Desktop\ISY5002-Project\datasets\raw-2026-week1\4799\20260913T172554Z_4799_1725_54a2986681f3.jpg
4799,C:\Users\Setekh\Desktop\ISY5002-Project\datasets\raw-2026-week1\4799\20260913T173034Z_4799_1730_bc902040cf37.jpg
4799,C:\Users\Setekh\Desktop\ISY5002-Project\datasets\raw-2026-week1\4799\20260913T174034Z_4799_1740_f058e4c4f7aa.jpg
4799,C:\Users\Setekh\Desktop\ISY5002-Project\datasets\raw-2026-week1\4799\20260913T175055Z_4799_1750_0ffd9f75b235.jpg
4799,C:\Users\Setekh\Desktop\ISY5002-Project\datasets\raw-2026-week1\4799\20260913T180055Z_4799_1800_501d455bd136.jpg
4799,C:\Users\Setekh\Desktop\ISY5002-Project\datasets\raw-2026-week1\4799\20260913T180535Z_4799_1805_ef8f53630593.jpg
4799,C:\Users\Setekh\Desktop\ISY5002-Project\datasets\raw-2026-week1\4799\20260913T181556Z_4799_1815_fc603d2cf55c.jpg
4799,C:\Users\Setekh\Desktop\ISY5002-Project\datasets\raw-2026-week1\4799\20260913T191038Z_4799_1910_5216d0626182.jpg
4799,C:\Users\Setekh\Desktop\ISY5002-Project\datasets\raw-2026-week1\4799\20260913T192018Z_4799_1920_b15dbe06d525.jpg
4799,C:\Users\Setekh\Desktop\ISY5002-Project\datasets\raw-2026-week1\4799\20260913T212103Z_4799_2121_0febdf234ba1.jpg
4799,C:\Users\Setekh\Desktop\ISY5002-Project\datasets\raw-2026-week1\4799\20260913T212603Z_4799_2126_a9c9227f2c26.jpg
4799,C:\Users\Setekh\Desktop\ISY5002-Project\datasets\raw-2026-week1\4799\20260913T231547Z_4799_2315_01086c2ebba9.jpg
4799,C:\Users\Setekh\Desktop\ISY5002-Project\datasets\raw-2026-week1\4799\20260913T232027Z_4799_2320_6cf7c5011236.jpg
4799,C:\Users\Setekh\Desktop\ISY5002-Project\datasets\raw-2026-week1\4799\20260914T005550Z_4799_0055_0c4902ea8265.jpg
4799,C:\Users\Setekh\Desktop\ISY5002-Project\datasets\raw-2026-week1\4799\20260914T010031Z_4799_0100_b5e4f3f8df51.jpg
4799,C:\Users\Setekh\Desktop\ISY5002-Project\datasets\raw-2026-week1\4799\20260914T011031Z_4799_0110_42ea998ebef7.jpg
4799,C:\Users\Setekh\Desktop\ISY5002-Project\datasets\raw-2026-week1\4799\20260914T012051Z_4799_0120_85797c5960f0.jpg
4799,C:\Users\Setekh\Desktop\ISY5002-Project\datasets\raw-2026-week1\4799\20260914T013032Z_4799_0130_c679cf836ac9.jpg
4799,C:\Users\Setekh\Desktop\ISY5002-Project\datasets\raw-2026-week1\4799\20260914T014052Z_4799_0140_3fa9edf32484.jpg
4799,C:\Users\Setekh\Desktop\ISY5002-Project\datasets\raw-2026-week1\4799\20260914T015052Z_4799_0150_8a99a1902356.jpg
4799,C:\Users\Setekh\Desktop\ISY5002-Project\datasets\raw-2026-week1\4799\20260914T020033Z_4799_0200_8e0f6649bc20.jpg
4799,C:\Users\Setekh\Desktop\ISY5002-Project\datasets\raw-2026-week1\4799\20260914T021033Z_4799_0210_adb3eefc6392.jpg
4799,C:\Users\Setekh\Desktop\ISY5002-Project\datasets\raw-2026-week1\4799\20260914T022053Z_4799_0220_d91ae098a33e.jpg
4799,C:\Users\Setekh\Desktop\ISY5002-Project\datasets\raw-2026-week1\4799\20260914T023034Z_4799_0230_733913377a93.jpg
4799,C:\Users\Setekh\Desktop\ISY5002-Project\datasets\raw-2026-week1\4799\20260914T024034Z_4799_0240_0512d254b6ea.jpg
4799,C:\Users\Setekh\Desktop\ISY5002-Project\datasets\raw-2026-week1\4799\20260914T025055Z_4799_0250_fd23e3855111.jpg
4799,C:\Users\Setekh\Desktop\ISY5002-Project\datasets\raw-2026-week1\4799\20260914T030035Z_4799_0300_55ed892da6a4.jpg
4799,C:\Users\Setekh\Desktop\ISY5002-Project\datasets\raw-2026-week1\4799\20260914T031055Z_4799_0310_238047052501.jpg
4799,C:\Users\Setekh\Desktop\ISY5002-Project\datasets\raw-2026-week1\4799\20260914T031556Z_4799_0315_7108ac5bc041.jpg
4799,C:\Users\Setekh\Desktop\ISY5002-Project\datasets\raw-2026-week1\4799\20260914T033056Z_4799_0330_540f3f6ff66a.jpg
4799,C:\Users\Setekh\Desktop\ISY5002-Project\datasets\raw-2026-week1\4799\20260914T034056Z_4799_0340_23a950722e1d.jpg
4799,C:\Users\Setekh\Desktop\ISY5002-Project\datasets\raw-2026-week1\4799\20260914T034617Z_4799_0346_502bd77f091a.jpg
4799,C:\Users\Setekh\Desktop\ISY5002-Project\datasets\raw-2026-week1\4799\20260914T035557Z_4799_0355_6b7de6d4c70b.jpg
4799,C:\Users\Setekh\Desktop\ISY5002-Project\datasets\raw-2026-week1\4799\20260914T040557Z_4799_0405_1f0770cca703.jpg
4799,C:\Users\Setekh\Desktop\ISY5002-Project\datasets\raw-2026-week1\4799\20260914T041558Z_4799_0415_abd17abbc01a.jpg
4799,C:\Users\Setekh\Desktop\ISY5002-Project\datasets\raw-2026-week1\4799\20260914T043018Z_4799_0430_2d8aa77c43b3.jpg
4799,C:\Users\Setekh\Desktop\ISY5002-Project\datasets\raw-2026-week1\4799\20260914T043559Z_4799_0435_15cb311d8992.jpg
4799,C:\Users\Setekh\Desktop\ISY5002-Project\datasets\raw-2026-week1\4799\20260914T045039Z_4799_0450_c725436223b7.jpg
4799,C:\Users\Setekh\Desktop\ISY5002-Project\datasets\raw-2026-week1\4799\20260914T045559Z_4799_0455_a049a4c49430.jpg
4799,C:\Users\Setekh\Desktop\ISY5002-Project\datasets\raw-2026-week1\4799\20260914T051040Z_4799_0510_a2f648fa92ed.jpg
4799,C:\Users\Setekh\Desktop\ISY5002-Project\datasets\raw-2026-week1\4799\20260914T051540Z_4799_0515_b3ee9beca516.jpg
4799,C:\Users\Setekh\Desktop\ISY5002-Project\datasets\raw-2026-week1\4799\20260914T052600Z_4799_0526_87331a2de2c0.jpg
4799,C:\Users\Setekh\Desktop\ISY5002-Project\datasets\raw-2026-week1\4799\20260914T054041Z_4799_0540_528f00394d30.jpg
4799,C:\Users\Setekh\Desktop\ISY5002-Project\datasets\raw-2026-week1\4799\20260914T054601Z_4799_0546_59496afa5fff.jpg
4799,C:\Users\Setekh\Desktop\ISY5002-Project\datasets\raw-2026-week1\4799\20260914T060042Z_4799_0600_e756d1f9a3cb.jpg
4799,C:\Users\Setekh\Desktop\ISY5002-Project\datasets\raw-2026-week1\4799\20260914T060542Z_4799_0605_a4bcb8292b12.jpg
4799,C:\Users\Setekh\Desktop\ISY5002-Project\datasets\raw-2026-week1\4799\20260914T061602Z_4799_0616_517af62d9ca5.jpg
4799,C:\Users\Setekh\Desktop\ISY5002-Project\datasets\raw-2026-week1\4799\20260914T063043Z_4799_0630_5f1c2b53aa35.jpg
4799,C:\Users\Setekh\Desktop\ISY5002-Project\datasets\raw-2026-week1\4799\20260914T063543Z_4799_0635_0f5732a7d14d.jpg
4799,C:\Users\Setekh\Desktop\ISY5002-Project\datasets\raw-2026-week1\4799\20260914T064043Z_4799_0640_f499fb5a5956.jpg
4799,C:\Users\Setekh\Desktop\ISY5002-Project\datasets\raw-2026-week1\4799\20260914T064603Z_4799_0646_e1bdfd3e3009.jpg
4799,C:\Users\Setekh\Desktop\ISY5002-Project\datasets\raw-2026-week1\4799\20260914T070024Z_4799_0700_5830a5bbce87.jpg
4799,C:\Users\Setekh\Desktop\ISY5002-Project\datasets\raw-2026-week1\4799\20260914T071024Z_4799_0710_97ab73e78e87.jpg
4799,C:\Users\Setekh\Desktop\ISY5002-Project\datasets\raw-2026-week1\4799\20260914T074045Z_4799_0740_2795bd13fba9.jpg
4799,C:\Users\Setekh\Desktop\ISY5002-Project\datasets\raw-2026-week1\4799\20260914T075046Z_4799_0750_fdd7fad909b1.jpg
4799,C:\Users\Setekh\Desktop\ISY5002-Project\datasets\raw-2026-week1\4799\20260914T080046Z_4799_0800_11e31ac839f9.jpg
4799,C:\Users\Setekh\Desktop\ISY5002-Project\datasets\raw-2026-week1\4799\20260914T081046Z_4799_0810_542769f8899e.jpg
4799,C:\Users\Setekh\Desktop\ISY5002-Project\datasets\raw-2026-week1\4799\20260914T081547Z_4799_0815_c5c456318757.jpg
4799,C:\Users\Setekh\Desktop\ISY5002-Project\datasets\raw-2026-week1\4799\20260914T083047Z_4799_0830_6f806bded93d.jpg
4799,C:\Users\Setekh\Desktop\ISY5002-Project\datasets\raw-2026-week1\4799\20260914T084047Z_4799_0840_b78d2cb8e901.jpg
4799,C:\Users\Setekh\Desktop\ISY5002-Project\datasets\raw-2026-week1\4799\20260914T085028Z_4799_0850_6ed70ab027d3.jpg
4799,C:\Users\Setekh\Desktop\ISY5002-Project\datasets\raw-2026-week1\4799\20260914T090048Z_4799_0900_8a0eb219c785.jpg
4799,C:\Users\Setekh\Desktop\ISY5002-Project\datasets\raw-2026-week1\4799\20260914T091049Z_4799_0910_91ee51a19370.jpg
4799,C:\Users\Setekh\Desktop\ISY5002-Project\datasets\raw-2026-week1\4799\20260914T092029Z_4799_0920_da5a6e9ad529.jpg
4799,C:\Users\Setekh\Desktop\ISY5002-Project\datasets\raw-2026-week1\4799\20260914T092549Z_4799_0925_c117cda2f006.jpg
4799,C:\Users\Setekh\Desktop\ISY5002-Project\datasets\raw-2026-week1\4799\20260914T094030Z_4799_0940_1d38de5460bf.jpg
4799,C:\Users\Setekh\Desktop\ISY5002-Project\datasets\raw-2026-week1\4799\20260914T095050Z_4799_0950_324dd90badbe.jpg
4799,C:\Users\Setekh\Desktop\ISY5002-Project\datasets\raw-2026-week1\4799\20260914T100030Z_4799_1000_2458e5510f70.jpg
4799,C:\Users\Setekh\Desktop\ISY5002-Project\datasets\raw-2026-week1\4799\20260914T101051Z_4799_1010_1fea9f995cf5.jpg
4799,C:\Users\Setekh\Desktop\ISY5002-Project\datasets\raw-2026-week1\4799\20260914T102051Z_4799_1020_13ea0b1c9cc5.jpg
4799,C:\Users\Setekh\Desktop\ISY5002-Project\datasets\raw-2026-week1\4799\20260914T103052Z_4799_1030_7b8246b24c8d.jpg
4799,C:\Users\Setekh\Desktop\ISY5002-Project\datasets\raw-2026-week1\4799\20260914T104052Z_4799_1040_f8de6e9bee74.jpg
4799,C:\Users\Setekh\Desktop\ISY5002-Project\datasets\raw-2026-week1\4799\20260914T105032Z_4799_1050_3e9652c65a97.jpg
4799,C:\Users\Setekh\Desktop\ISY5002-Project\datasets\raw-2026-week1\4799\20260914T110053Z_4799_1100_893f3fa0fd58.jpg
4799,C:\Users\Setekh\Desktop\ISY5002-Project\datasets\raw-2026-week1\4799\20260914T111053Z_4799_1110_85ebfb4a8b28.jpg
4799,C:\Users\Setekh\Desktop\ISY5002-Project\datasets\raw-2026-week1\4799\20260914T111553Z_4799_1115_f0c27d0ec3f2.jpg
4799,C:\Users\Setekh\Desktop\ISY5002-Project\datasets\raw-2026-week1\4799\20260914T113054Z_4799_1130_c036bb7fb896.jpg
4799,C:\Users\Setekh\Desktop\ISY5002-Project\datasets\raw-2026-week1\4799\20260914T114054Z_4799_1140_91e5e628b841.jpg
4799,C:\Users\Setekh\Desktop\ISY5002-Project\datasets\raw-2026-week1\4799\20260914T115034Z_4799_1150_3206c638e93b.jpg
4799,C:\Users\Setekh\Desktop\ISY5002-Project\datasets\raw-2026-week1\4799\20260914T120035Z_4799_1200_5b4039158a3f.jpg
4799,C:\Users\Setekh\Desktop\ISY5002-Project\datasets\raw-2026-week1\4799\20260914T121055Z_4799_1210_eaf9949838c7.jpg
4799,C:\Users\Setekh\Desktop\ISY5002-Project\datasets\raw-2026-week1\4799\20260914T121555Z_4799_1215_5e7bdeb7c716.jpg
4799,C:\Users\Setekh\Desktop\ISY5002-Project\datasets\raw-2026-week1\4799\20260914T123036Z_4799_1230_3ed5e5f82ca6.jpg
4799,C:\Users\Setekh\Desktop\ISY5002-Project\datasets\raw-2026-week1\4799\20260914T123556Z_4799_1235_e4096416bb2d.jpg
4799,C:\Users\Setekh\Desktop\ISY5002-Project\datasets\raw-2026-week1\4799\20260914T124557Z_4799_1245_7bfe321e9226.jpg
4799,C:\Users\Setekh\Desktop\ISY5002-Project\datasets\raw-2026-week1\4799\20260914T125557Z_4799_1255_629fd8808953.jpg
4799,C:\Users\Setekh\Desktop\ISY5002-Project\datasets\raw-2026-week1\4799\20260914T130557Z_4799_1305_4726c2c26d9c.jpg
4799,C:\Users\Setekh\Desktop\ISY5002-Project\datasets\raw-2026-week1\4799\20260914T131558Z_4799_1315_512cb9259fd3.jpg
4799,C:\Users\Setekh\Desktop\ISY5002-Project\datasets\raw-2026-week1\4799\20260914T133038Z_4799_1330_02763086bab5.jpg
4799,C:\Users\Setekh\Desktop\ISY5002-Project\datasets\raw-2026-week1\4799\20260914T133538Z_4799_1335_ed954b558b76.jpg
4799,C:\Users\Setekh\Desktop\ISY5002-Project\datasets\raw-2026-week1\4799\20260914T134559Z_4799_1345_57367443de53.jpg
4799,C:\Users\Setekh\Desktop\ISY5002-Project\datasets\raw-2026-week1\4799\20260914T140039Z_4799_1400_c1c004599a1c.jpg
4799,C:\Users\Setekh\Desktop\ISY5002-Project\datasets\raw-2026-week1\4799\20260914T141040Z_4799_1410_439f00a1070e.jpg
4799,C:\Users\Setekh\Desktop\ISY5002-Project\datasets\raw-2026-week1\4799\20260914T141600Z_4799_1416_58936016a196.jpg
4799,C:\Users\Setekh\Desktop\ISY5002-Project\datasets\raw-2026-week1\4799\20260914T143040Z_4799_1430_4a5655fca4be.jpg
4799,C:\Users\Setekh\Desktop\ISY5002-Project\datasets\raw-2026-week1\4799\20260914T143541Z_4799_1435_c50f6d10fa64.jpg
4799,C:\Users\Setekh\Desktop\ISY5002-Project\datasets\raw-2026-week1\4799\20260914T144601Z_4799_1446_be357016f0c9.jpg
4799,C:\Users\Setekh\Desktop\ISY5002-Project\datasets\raw-2026-week1\4799\20260914T150022Z_4799_1500_b7dbe60026fd.jpg
4799,C:\Users\Setekh\Desktop\ISY5002-Project\datasets\raw-2026-week1\4799\20260914T151042Z_4799_1510_8a248b2f4aa4.jpg
4799,C:\Users\Setekh\Desktop\ISY5002-Project\datasets\raw-2026-week1\4799\20260914T151602Z_4799_1516_6382d7023d13.jpg
4799,C:\Users\Setekh\Desktop\ISY5002-Project\datasets\raw-2026-week1\4799\20260914T153043Z_4799_1530_9c2a5fa2f5fb.jpg
4799,C:\Users\Setekh\Desktop\ISY5002-Project\datasets\raw-2026-week1\4799\20260914T154043Z_4799_1540_05194f8826b8.jpg
4799,C:\Users\Setekh\Desktop\ISY5002-Project\datasets\raw-2026-week1\4799\20260914T155043Z_4799_1550_429637d0ce67.jpg
4799,C:\Users\Setekh\Desktop\ISY5002-Project\datasets\raw-2026-week1\4799\20260914T155604Z_4799_1556_7c4de1433384.jpg
4799,C:\Users\Setekh\Desktop\ISY5002-Project\datasets\raw-2026-week1\4799\20260914T161044Z_4799_1610_b20cf0945c57.jpg
4799,C:\Users\Setekh\Desktop\ISY5002-Project\datasets\raw-2026-week1\4799\20260914T161604Z_4799_1616_daf445031465.jpg
4799,C:\Users\Setekh\Desktop\ISY5002-Project\datasets\raw-2026-week1\4799\20260914T162545Z_4799_1625_73bf5c2acba4.jpg
4799,C:\Users\Setekh\Desktop\ISY5002-Project\datasets\raw-2026-week1\4799\20260914T163545Z_4799_1635_fa06a504277a.jpg
4799,C:\Users\Setekh\Desktop\ISY5002-Project\datasets\raw-2026-week1\4799\20260914T165046Z_4799_1650_759b97ef9124.jpg
4799,C:\Users\Setekh\Desktop\ISY5002-Project\datasets\raw-2026-week1\4799\20260914T165546Z_4799_1655_3f7ae8a5b6d9.jpg
4799,C:\Users\Setekh\Desktop\ISY5002-Project\datasets\raw-2026-week1\4799\20260914T171046Z_4799_1710_7161f77575c6.jpg
4799,C:\Users\Setekh\Desktop\ISY5002-Project\datasets\raw-2026-week1\4799\20260914T172027Z_4799_1720_72eabf17bd33.jpg
4799,C:\Users\Setekh\Desktop\ISY5002-Project\datasets\raw-2026-week1\4799\20260914T172547Z_4799_1725_57df0cd9824c.jpg
4799,C:\Users\Setekh\Desktop\ISY5002-Project\datasets\raw-2026-week1\4799\20260914T210555Z_4799_2105_c62acc8dac3b.jpg
4799,C:\Users\Setekh\Desktop\ISY5002-Project\datasets\raw-2026-week1\4799\20260914T211536Z_4799_2115_1af299d11f62.jpg
4799,C:\Users\Setekh\Desktop\ISY5002-Project\datasets\raw-2026-week1\4799\20260914T213556Z_4799_2135_68e13c043872.jpg
4799,C:\Users\Setekh\Desktop\ISY5002-Project\datasets\raw-2026-week1\4799\20260914T214557Z_4799_2145_572b96398e85.jpg
4799,C:\Users\Setekh\Desktop\ISY5002-Project\datasets\raw-2026-week1\4799\20260914T224039Z_4799_2240_13299c3f073e.jpg
4799,C:\Users\Setekh\Desktop\ISY5002-Project\datasets\raw-2026-week1\4799\20260914T233041Z_4799_2330_abde88d368af.jpg
4799,C:\Users\Setekh\Desktop\ISY5002-Project\datasets\raw-2026-week1\4799\20260914T233521Z_4799_2335_c9c6f68c1829.jpg
4799,C:\Users\Setekh\Desktop\ISY5002-Project\datasets\raw-2026-week1\4799\20260914T234521Z_4799_2345_5c50e840d3ec.jpg
4799,C:\Users\Setekh\Desktop\ISY5002-Project\datasets\raw-2026-week1\4799\20260915T000042Z_4799_0000_56a1b649225f.jpg
4799,C:\Users\Setekh\Desktop\ISY5002-Project\datasets\raw-2026-week1\4799\20260915T001042Z_4799_0010_33ffeaf9226a.jpg
4799,C:\Users\Setekh\Desktop\ISY5002-Project\datasets\raw-2026-week1\4799\20260915T002042Z_4799_0020_f3161ac732c5.jpg
4799,C:\Users\Setekh\Desktop\ISY5002-Project\datasets\raw-2026-week1\4799\20260915T002543Z_4799_0025_57b503b06f15.jpg
4799,C:\Users\Setekh\Desktop\ISY5002-Project\datasets\raw-2026-week1\4799\20260915T004043Z_4799_0040_f1d75129c399.jpg
4799,C:\Users\Setekh\Desktop\ISY5002-Project\datasets\raw-2026-week1\4799\20260915T004603Z_4799_0046_21f83dbea9a8.jpg
4799,C:\Users\Setekh\Desktop\ISY5002-Project\datasets\raw-2026-week1\4799\20260915T010024Z_4799_0100_e819a538f533.jpg
4799,C:\Users\Setekh\Desktop\ISY5002-Project\datasets\raw-2026-week1\4799\20260915T010544Z_4799_0105_242e793eee4a.jpg
4799,C:\Users\Setekh\Desktop\ISY5002-Project\datasets\raw-2026-week1\4799\20260915T011544Z_4799_0115_640c1c07f74a.jpg
4799,C:\Users\Setekh\Desktop\ISY5002-Project\datasets\raw-2026-week1\4799\20260915T012545Z_4799_0125_79018e18f2e5.jpg
4799,C:\Users\Setekh\Desktop\ISY5002-Project\datasets\raw-2026-week1\4799\20260915T013545Z_4799_0135_7b4dd679f7f6.jpg
4799,C:\Users\Setekh\Desktop\ISY5002-Project\datasets\raw-2026-week1\4799\20260915T015546Z_4799_0155_61ef902ea510.jpg
4799,C:\Users\Setekh\Desktop\ISY5002-Project\datasets\raw-2026-week1\4799\20260915T021046Z_4799_0210_5ececd88849e.jpg
4799,C:\Users\Setekh\Desktop\ISY5002-Project\datasets\raw-2026-week1\4799\20260915T023547Z_4799_0235_ddc2eba27562.jpg
4799,C:\Users\Setekh\Desktop\ISY5002-Project\datasets\raw-2026-week1\4799\20260915T033550Z_4799_0335_e5af8f655e9d.jpg
4799,C:\Users\Setekh\Desktop\ISY5002-Project\datasets\raw-2026-week1\4799\20260915T040051Z_4799_0400_976736a0fd8e.jpg
4799,C:\Users\Setekh\Desktop\ISY5002-Project\datasets\raw-2026-week1\4799\20260915T041031Z_4799_0410_ee6458fb573f.jpg
4799,C:\Users\Setekh\Desktop\ISY5002-Project\datasets\raw-2026-week1\4799\20260915T042552Z_4799_0425_a6ae5a5d9dec.jpg
4799,C:\Users\Setekh\Desktop\ISY5002-Project\datasets\raw-2026-week1\4799\20260915T044532Z_4799_0445_d51cdddf6c4e.jpg
4799,C:\Users\Setekh\Desktop\ISY5002-Project\datasets\raw-2026-week1\4799\20260915T050533Z_4799_0505_34e60bca508d.jpg
4799,C:\Users\Setekh\Desktop\ISY5002-Project\datasets\raw-2026-week1\4799\20260915T052534Z_4799_0525_8b9ca1b3ec3a.jpg
4799,C:\Users\Setekh\Desktop\ISY5002-Project\datasets\raw-2026-week1\4799\20260915T054034Z_4799_0540_92fb75b7ad1f.jpg
4799,C:\Users\Setekh\Desktop\ISY5002-Project\datasets\raw-2026-week1\4799\20260915T060055Z_4799_0600_2be8fbc5cd6a.jpg
4799,C:\Users\Setekh\Desktop\ISY5002-Project\datasets\raw-2026-week1\4799\20260915T060535Z_4799_0605_4f82843b480d.jpg
4799,C:\Users\Setekh\Desktop\ISY5002-Project\datasets\raw-2026-week1\4799\20260915T062036Z_4799_0620_47dd00328862.jpg
4799,C:\Users\Setekh\Desktop\ISY5002-Project\datasets\raw-2026-week1\4799\20260915T063016Z_4799_0630_4e2481f84fc6.jpg
4799,C:\Users\Setekh\Desktop\ISY5002-Project\datasets\raw-2026-week1\4799\20260915T064036Z_4799_0640_c7e0e6d29846.jpg
4799,C:\Users\Setekh\Desktop\ISY5002-Project\datasets\raw-2026-week1\4799\20260915T065057Z_4799_0650_4b36958c2e4e.jpg
4799,C:\Users\Setekh\Desktop\ISY5002-Project\datasets\raw-2026-week1\4799\20260915T070057Z_4799_0700_b6e2d9be17db.jpg
4799,C:\Users\Setekh\Desktop\ISY5002-Project\datasets\raw-2026-week1\4799\20260915T071038Z_4799_0710_08b234632acd.jpg
4799,C:\Users\Setekh\Desktop\ISY5002-Project\datasets\raw-2026-week1\4799\20260915T072038Z_4799_0720_1915754f227d.jpg
4799,C:\Users\Setekh\Desktop\ISY5002-Project\datasets\raw-2026-week1\4799\20260915T072538Z_4799_0725_2dc79647d4ca.jpg
4799,C:\Users\Setekh\Desktop\ISY5002-Project\datasets\raw-2026-week1\4799\20260915T073559Z_4799_0735_7b45f411b085.jpg
4799,C:\Users\Setekh\Desktop\ISY5002-Project\datasets\raw-2026-week1\4799\20260915T075039Z_4799_0750_16d5ba55ee7a.jpg
4799,C:\Users\Setekh\Desktop\ISY5002-Project\datasets\raw-2026-week1\4799\20260915T075559Z_4799_0755_6e5d900276c2.jpg
4799,C:\Users\Setekh\Desktop\ISY5002-Project\datasets\raw-2026-week1\4799\20260915T080600Z_4799_0806_c46b45d1a4a0.jpg
4799,C:\Users\Setekh\Desktop\ISY5002-Project\datasets\raw-2026-week1\4799\20260915T081600Z_4799_0816_e034b07db64d.jpg
4799,C:\Users\Setekh\Desktop\ISY5002-Project\datasets\raw-2026-week1\4799\20260915T082600Z_4799_0826_6958fa3093b2.jpg
4799,C:\Users\Setekh\Desktop\ISY5002-Project\datasets\raw-2026-week1\4799\20260915T084041Z_4799_0840_c5789a908288.jpg
4799,C:\Users\Setekh\Desktop\ISY5002-Project\datasets\raw-2026-week1\4799\20260915T084541Z_4799_0845_bebf92eea888.jpg
4799,C:\Users\Setekh\Desktop\ISY5002-Project\datasets\raw-2026-week1\4799\20260915T085541Z_4799_0855_80746c69cc68.jpg
4799,C:\Users\Setekh\Desktop\ISY5002-Project\datasets\raw-2026-week1\4799\20260915T091042Z_4799_0910_72a09a4292e5.jpg
4799,C:\Users\Setekh\Desktop\ISY5002-Project\datasets\raw-2026-week1\4799\20260915T092042Z_4799_0920_5648dc43f5e9.jpg
4799,C:\Users\Setekh\Desktop\ISY5002-Project\datasets\raw-2026-week1\4799\20260915T092543Z_4799_0925_efaf95f6c4e6.jpg
4799,C:\Users\Setekh\Desktop\ISY5002-Project\datasets\raw-2026-week1\4799\20260915T094043Z_4799_0940_b8fc8f01911a.jpg
4799,C:\Users\Setekh\Desktop\ISY5002-Project\datasets\raw-2026-week1\4799\20260915T094603Z_4799_0946_c0fe67950107.jpg
4799,C:\Users\Setekh\Desktop\ISY5002-Project\datasets\raw-2026-week1\4799\20260915T095544Z_4799_0955_b58dcfa51df0.jpg
4799,C:\Users\Setekh\Desktop\ISY5002-Project\datasets\raw-2026-week1\4799\20260915T100544Z_4799_1005_04327d280071.jpg
4799,C:\Users\Setekh\Desktop\ISY5002-Project\datasets\raw-2026-week1\4799\20260915T101544Z_4799_1015_4e01618f8afa.jpg
4799,C:\Users\Setekh\Desktop\ISY5002-Project\datasets\raw-2026-week1\4799\20260915T103045Z_4799_1030_7dc68e60e50b.jpg
4799,C:\Users\Setekh\Desktop\ISY5002-Project\datasets\raw-2026-week1\4799\20260915T103545Z_4799_1035_73faf8321389.jpg
4799,C:\Users\Setekh\Desktop\ISY5002-Project\datasets\raw-2026-week1\4799\20260915T105046Z_4799_1050_3343db8edb54.jpg
4799,C:\Users\Setekh\Desktop\ISY5002-Project\datasets\raw-2026-week1\4799\20260915T105546Z_4799_1055_ab90913b8823.jpg
4799,C:\Users\Setekh\Desktop\ISY5002-Project\datasets\raw-2026-week1\4799\20260915T110046Z_4799_1100_eb1b7a3b6e0f.jpg
4799,C:\Users\Setekh\Desktop\ISY5002-Project\datasets\raw-2026-week1\4799\20260915T111026Z_4799_1110_9905185391a0.jpg
4799,C:\Users\Setekh\Desktop\ISY5002-Project\datasets\raw-2026-week1\4799\20260915T111547Z_4799_1115_68e670c91447.jpg
4799,C:\Users\Setekh\Desktop\ISY5002-Project\datasets\raw-2026-week1\4799\20260915T113027Z_4799_1130_b4de0f89024b.jpg
4799,C:\Users\Setekh\Desktop\ISY5002-Project\datasets\raw-2026-week1\4799\20260915T114047Z_4799_1140_c95c2e8659dd.jpg
4799,C:\Users\Setekh\Desktop\ISY5002-Project\datasets\raw-2026-week1\4799\20260915T115028Z_4799_1150_97d625103772.jpg
4799,C:\Users\Setekh\Desktop\ISY5002-Project\datasets\raw-2026-week1\4799\20260915T120028Z_4799_1200_b7ebb98d84d8.jpg
4799,C:\Users\Setekh\Desktop\ISY5002-Project\datasets\raw-2026-week1\4799\20260915T121049Z_4799_1210_34f3789931b6.jpg
4799,C:\Users\Setekh\Desktop\ISY5002-Project\datasets\raw-2026-week1\4799\20260915T122049Z_4799_1220_662aa18dcd9e.jpg
4799,C:\Users\Setekh\Desktop\ISY5002-Project\datasets\raw-2026-week1\4799\20260915T123049Z_4799_1230_4b9015b09b33.jpg
4799,C:\Users\Setekh\Desktop\ISY5002-Project\datasets\raw-2026-week1\4799\20260915T124030Z_4799_1240_41a7b4f97c31.jpg
4799,C:\Users\Setekh\Desktop\ISY5002-Project\datasets\raw-2026-week1\4799\20260915T125030Z_4799_1250_d16574ec2315.jpg
4799,C:\Users\Setekh\Desktop\ISY5002-Project\datasets\raw-2026-week1\4799\20260915T130030Z_4799_1300_3f145027453d.jpg
4799,C:\Users\Setekh\Desktop\ISY5002-Project\datasets\raw-2026-week1\4799\20260915T131031Z_4799_1310_a3677af3b11b.jpg
4799,C:\Users\Setekh\Desktop\ISY5002-Project\datasets\raw-2026-week1\4799\20260915T132031Z_4799_1320_8afe9ae75087.jpg
4799,C:\Users\Setekh\Desktop\ISY5002-Project\datasets\raw-2026-week1\4799\20260915T133031Z_4799_1330_d98aba7d6978.jpg
4799,C:\Users\Setekh\Desktop\ISY5002-Project\datasets\raw-2026-week1\4799\20260915T134052Z_4799_1340_b0ff09ee536b.jpg
4799,C:\Users\Setekh\Desktop\ISY5002-Project\datasets\raw-2026-week1\4799\20260915T135052Z_4799_1350_8724d1e2c2c9.jpg
4799,C:\Users\Setekh\Desktop\ISY5002-Project\datasets\raw-2026-week1\4799\20260915T140053Z_4799_1400_3ab572d476bd.jpg
4799,C:\Users\Setekh\Desktop\ISY5002-Project\datasets\raw-2026-week1\4799\20260915T141053Z_4799_1410_480bcf3a380f.jpg
4799,C:\Users\Setekh\Desktop\ISY5002-Project\datasets\raw-2026-week1\4799\20260915T142054Z_4799_1420_78004269dccf.jpg
4799,C:\Users\Setekh\Desktop\ISY5002-Project\datasets\raw-2026-week1\4799\20260915T143034Z_4799_1430_311a1f6a63da.jpg
4799,C:\Users\Setekh\Desktop\ISY5002-Project\datasets\raw-2026-week1\4799\20260915T144034Z_4799_1440_762f2deb1169.jpg
4799,C:\Users\Setekh\Desktop\ISY5002-Project\datasets\raw-2026-week1\4799\20260915T145055Z_4799_1450_d0874f0e3d9c.jpg
4799,C:\Users\Setekh\Desktop\ISY5002-Project\datasets\raw-2026-week1\4799\20260915T150055Z_4799_1500_a8cc69c4c29a.jpg
4799,C:\Users\Setekh\Desktop\ISY5002-Project\datasets\raw-2026-week1\4799\20260915T150555Z_4799_1505_519b88e4c287.jpg
4799,C:\Users\Setekh\Desktop\ISY5002-Project\datasets\raw-2026-week1\4799\20260915T152036Z_4799_1520_5dcbdec00b94.jpg
4799,C:\Users\Setekh\Desktop\ISY5002-Project\datasets\raw-2026-week1\4799\20260915T153036Z_4799_1530_a704113e1b7b.jpg
4799,C:\Users\Setekh\Desktop\ISY5002-Project\datasets\raw-2026-week1\4799\20260915T154056Z_4799_1540_39a88d4f089f.jpg
4799,C:\Users\Setekh\Desktop\ISY5002-Project\datasets\raw-2026-week1\4799\20260915T155057Z_4799_1550_f41a95e9e1bf.jpg
4799,C:\Users\Setekh\Desktop\ISY5002-Project\datasets\raw-2026-week1\4799\20260915T160037Z_4799_1600_971b9c2b7b5b.jpg
4799,C:\Users\Setekh\Desktop\ISY5002-Project\datasets\raw-2026-week1\4799\20260915T160537Z_4799_1605_a6574c25fdae.jpg
4799,C:\Users\Setekh\Desktop\ISY5002-Project\datasets\raw-2026-week1\4799\20260915T162038Z_4799_1620_08acd39f8c82.jpg
4799,C:\Users\Setekh\Desktop\ISY5002-Project\datasets\raw-2026-week1\4799\20260915T162558Z_4799_1625_dbb624a88629.jpg
4799,C:\Users\Setekh\Desktop\ISY5002-Project\datasets\raw-2026-week1\4799\20260915T163558Z_4799_1635_e8b66539bf91.jpg
4799,C:\Users\Setekh\Desktop\ISY5002-Project\datasets\raw-2026-week1\4799\20260915T164039Z_4799_1640_d4c3baa0462b.jpg
4799,C:\Users\Setekh\Desktop\ISY5002-Project\datasets\raw-2026-week1\4799\20260915T165039Z_4799_1650_63646201c86b.jpg
4799,C:\Users\Setekh\Desktop\ISY5002-Project\datasets\raw-2026-week1\4799\20260915T165559Z_4799_1655_863f9861119c.jpg
4799,C:\Users\Setekh\Desktop\ISY5002-Project\datasets\raw-2026-week1\4799\20260915T170520Z_4799_1705_602105573eb1.jpg
4799,C:\Users\Setekh\Desktop\ISY5002-Project\datasets\raw-2026-week1\4799\20260915T172040Z_4799_1720_e81a2da9e17b.jpg
4799,C:\Users\Setekh\Desktop\ISY5002-Project\datasets\raw-2026-week1\4799\20260915T172540Z_4799_1725_5ffc3a7f8a0f.jpg
4799,C:\Users\Setekh\Desktop\ISY5002-Project\datasets\raw-2026-week1\4799\20260915T173601Z_4799_1736_18b4e878ab51.jpg
4799,C:\Users\Setekh\Desktop\ISY5002-Project\datasets\raw-2026-week1\4799\20260915T174601Z_4799_1746_ffb14c240103.jpg
4799,C:\Users\Setekh\Desktop\ISY5002-Project\datasets\raw-2026-week1\4799\20260915T175541Z_4799_1755_f4775fccdfd3.jpg
4799,C:\Users\Setekh\Desktop\ISY5002-Project\datasets\raw-2026-week1\4799\20260915T181042Z_4799_1810_59c1f712e610.jpg
4799,C:\Users\Setekh\Desktop\ISY5002-Project\datasets\raw-2026-week1\4799\20260915T182042Z_4799_1820_19fa0ae11b84.jpg
4799,C:\Users\Setekh\Desktop\ISY5002-Project\datasets\raw-2026-week1\4799\20260915T183023Z_4799_1830_95159c52f1c5.jpg
4799,C:\Users\Setekh\Desktop\ISY5002-Project\datasets\raw-2026-week1\4799\20260915T183543Z_4799_1835_3040a28bd28c.jpg
4799,C:\Users\Setekh\Desktop\ISY5002-Project\datasets\raw-2026-week1\4799\20260915T184103Z_4799_1841_f767f187ab6f.jpg
4799,C:\Users\Setekh\Desktop\ISY5002-Project\datasets\raw-2026-week1\4799\20260915T192045Z_4799_1920_6204d1d26e09.jpg
4799,C:\Users\Setekh\Desktop\ISY5002-Project\datasets\raw-2026-week1\4799\20260915T192525Z_4799_1925_eb8eee72ecc5.jpg
4799,C:\Users\Setekh\Desktop\ISY5002-Project\datasets\raw-2026-week1\4799\20260915T194046Z_4799_1940_d457c67125b2.jpg
4799,C:\Users\Setekh\Desktop\ISY5002-Project\datasets\raw-2026-week1\4799\20260915T195046Z_4799_1950_cfb541cbf994.jpg
4799,C:\Users\Setekh\Desktop\ISY5002-Project\datasets\raw-2026-week1\4799\20260915T200046Z_4799_2000_8142e96468b9.jpg
4799,C:\Users\Setekh\Desktop\ISY5002-Project\datasets\raw-2026-week1\4799\20260915T201047Z_4799_2010_5b669e12aebb.jpg
4799,C:\Users\Setekh\Desktop\ISY5002-Project\datasets\raw-2026-week1\4799\20260915T202027Z_4799_2020_c123e09f11ed.jpg
4799,C:\Users\Setekh\Desktop\ISY5002-Project\datasets\raw-2026-week1\4799\20260915T203027Z_4799_2030_9a38432961b2.jpg
4799,C:\Users\Setekh\Desktop\ISY5002-Project\datasets\raw-2026-week1\4799\20260915T204028Z_4799_2040_f745761908f8.jpg
4799,C:\Users\Setekh\Desktop\ISY5002-Project\datasets\raw-2026-week1\4799\20260915T205028Z_4799_2050_623f5cb271ed.jpg
4799,C:\Users\Setekh\Desktop\ISY5002-Project\datasets\raw-2026-week1\4799\20260915T210028Z_4799_2100_2271a16449c6.jpg
4799,C:\Users\Setekh\Desktop\ISY5002-Project\datasets\raw-2026-week1\4799\20260915T210529Z_4799_2105_5813face9be2.jpg
4799,C:\Users\Setekh\Desktop\ISY5002-Project\datasets\raw-2026-week1\4799\20260915T212049Z_4799_2120_50bf25e2c150.jpg
4799,C:\Users\Setekh\Desktop\ISY5002-Project\datasets\raw-2026-week1\4799\20260915T212549Z_4799_2125_17dad4cf6feb.jpg
4799,C:\Users\Setekh\Desktop\ISY5002-Project\datasets\raw-2026-week1\4799\20260915T213550Z_4799_2135_1dbcdc24e577.jpg
4799,C:\Users\Setekh\Desktop\ISY5002-Project\datasets\raw-2026-week1\4799\20260915T215050Z_4799_2150_38e5faa56ee0.jpg
4799,C:\Users\Setekh\Desktop\ISY5002-Project\datasets\raw-2026-week1\4799\20260915T220031Z_4799_2200_1781ca486dd0.jpg
4799,C:\Users\Setekh\Desktop\ISY5002-Project\datasets\raw-2026-week1\4799\20260915T221031Z_4799_2210_a699b95e3667.jpg
4799,C:\Users\Setekh\Desktop\ISY5002-Project\datasets\raw-2026-week1\4799\20260915T221551Z_4799_2215_54338aaebfac.jpg
4799,C:\Users\Setekh\Desktop\ISY5002-Project\datasets\raw-2026-week1\4799\20260915T222031Z_4799_2220_4a866031c1d4.jpg
4799,C:\Users\Setekh\Desktop\ISY5002-Project\datasets\raw-2026-week1\4799\20260915T223032Z_4799_2230_749fd3092d74.jpg
4799,C:\Users\Setekh\Desktop\ISY5002-Project\datasets\raw-2026-week1\4799\20260915T224032Z_4799_2240_7b739e2659b3.jpg
4799,C:\Users\Setekh\Desktop\ISY5002-Project\datasets\raw-2026-week1\4799\20260915T225032Z_4799_2250_de127870617d.jpg
4799,C:\Users\Setekh\Desktop\ISY5002-Project\datasets\raw-2026-week1\4799\20260915T230053Z_4799_2300_c49c6aef7f0b.jpg
4799,C:\Users\Setekh\Desktop\ISY5002-Project\datasets\raw-2026-week1\4799\20260915T231033Z_4799_2310_751ae14a9768.jpg
4799,C:\Users\Setekh\Desktop\ISY5002-Project\datasets\raw-2026-week1\4799\20260915T232034Z_4799_2320_0a660b773fce.jpg
4799,C:\Users\Setekh\Desktop\ISY5002-Project\datasets\raw-2026-week1\4799\20260915T233054Z_4799_2330_bf04c4d5f3ff.jpg
4799,C:\Users\Setekh\Desktop\ISY5002-Project\datasets\raw-2026-week1\4799\20260915T234054Z_4799_2340_071a10d5933d.jpg
4799,C:\Users\Setekh\Desktop\ISY5002-Project\datasets\raw-2026-week1\4799\20260915T235035Z_4799_2350_8c21c26cf03e.jpg
4799,C:\Users\Setekh\Desktop\ISY5002-Project\datasets\raw-2026-week1\4799\20260916T000055Z_4799_0000_159a1eeccb4e.jpg
4799,C:\Users\Setekh\Desktop\ISY5002-Project\datasets\raw-2026-week1\4799\20260916T001035Z_4799_0010_e6a132dc89f1.jpg
4799,C:\Users\Setekh\Desktop\ISY5002-Project\datasets\raw-2026-week1\4799\20260916T002056Z_4799_0020_c86da66499da.jpg
4799,C:\Users\Setekh\Desktop\ISY5002-Project\datasets\raw-2026-week1\4799\20260916T003036Z_4799_0030_901c2cd778ec.jpg
4799,C:\Users\Setekh\Desktop\ISY5002-Project\datasets\raw-2026-week1\4799\20260916T003536Z_4799_0035_84337cb807e4.jpg
4799,C:\Users\Setekh\Desktop\ISY5002-Project\datasets\raw-2026-week1\4799\20260916T005037Z_4799_0050_18ea7a1ff8a4.jpg
4799,C:\Users\Setekh\Desktop\ISY5002-Project\datasets\raw-2026-week1\4799\20260916T005557Z_4799_0055_f96c59b8824f.jpg
4799,C:\Users\Setekh\Desktop\ISY5002-Project\datasets\raw-2026-week1\4799\20260916T011058Z_4799_0110_57e1551bb3d7.jpg
4799,C:\Users\Setekh\Desktop\ISY5002-Project\datasets\raw-2026-week1\4799\20260916T012038Z_4799_0120_648521d298c6.jpg
4799,C:\Users\Setekh\Desktop\ISY5002-Project\datasets\raw-2026-week1\4799\20260916T013018Z_4799_0130_115f04cae005.jpg
4799,C:\Users\Setekh\Desktop\ISY5002-Project\datasets\raw-2026-week1\4799\20260916T014039Z_4799_0140_c576e4dc7eaa.jpg
4799,C:\Users\Setekh\Desktop\ISY5002-Project\datasets\raw-2026-week1\4799\20260916T015039Z_4799_0150_618b70839305.jpg
4799,C:\Users\Setekh\Desktop\ISY5002-Project\datasets\raw-2026-week1\4799\20260916T020039Z_4799_0200_28cae3bed806.jpg
4799,C:\Users\Setekh\Desktop\ISY5002-Project\datasets\raw-2026-week1\4799\20260916T021040Z_4799_0210_454c35b3afd6.jpg
4799,C:\Users\Setekh\Desktop\ISY5002-Project\datasets\raw-2026-week1\4799\20260916T022040Z_4799_0220_f9d6fcf36593.jpg
4799,C:\Users\Setekh\Desktop\ISY5002-Project\datasets\raw-2026-week1\4799\20260916T023040Z_4799_0230_653ddd000fd2.jpg
4799,C:\Users\Setekh\Desktop\ISY5002-Project\datasets\raw-2026-week1\4799\20260916T024521Z_4799_0245_6fcf7e2012ef.jpg
4799,C:\Users\Setekh\Desktop\ISY5002-Project\datasets\raw-2026-week1\4799\20260916T030042Z_4799_0300_a1b7bf514da1.jpg
4799,C:\Users\Setekh\Desktop\ISY5002-Project\datasets\raw-2026-week1\4799\20260916T030522Z_4799_0305_7433e6907ebd.jpg
4799,C:\Users\Setekh\Desktop\ISY5002-Project\datasets\raw-2026-week1\4799\20260916T032042Z_4799_0320_90c3b8431ce9.jpg
4799,C:\Users\Setekh\Desktop\ISY5002-Project\datasets\raw-2026-week1\4799\20260916T032542Z_4799_0325_43ebef09ee95.jpg
4799,C:\Users\Setekh\Desktop\ISY5002-Project\datasets\raw-2026-week1\4799\20260916T033543Z_4799_0335_c0002407c844.jpg
4799,C:\Users\Setekh\Desktop\ISY5002-Project\datasets\raw-2026-week1\4799\20260916T034603Z_4799_0346_e00ae3f170f1.jpg
4799,C:\Users\Setekh\Desktop\ISY5002-Project\datasets\raw-2026-week1\4799\20260916T035544Z_4799_0355_278865179fb4.jpg
4799,C:\Users\Setekh\Desktop\ISY5002-Project\datasets\raw-2026-week1\4799\20260916T040044Z_4799_0400_479132dff023.jpg
4799,C:\Users\Setekh\Desktop\ISY5002-Project\datasets\raw-2026-week1\4799\20260916T041024Z_4799_0410_e6ebc4351274.jpg
4799,C:\Users\Setekh\Desktop\ISY5002-Project\datasets\raw-2026-week1\4799\20260916T042044Z_4799_0420_f515d60e8db0.jpg
4799,C:\Users\Setekh\Desktop\ISY5002-Project\datasets\raw-2026-week1\4799\20260916T043025Z_4799_0430_97fc57282765.jpg
4799,C:\Users\Setekh\Desktop\ISY5002-Project\datasets\raw-2026-week1\4799\20260916T044045Z_4799_0440_362a1aeddc49.jpg
4799,C:\Users\Setekh\Desktop\ISY5002-Project\datasets\raw-2026-week1\4799\20260916T045025Z_4799_0450_82e8cba89e52.jpg
4799,C:\Users\Setekh\Desktop\ISY5002-Project\datasets\raw-2026-week1\4799\20260916T050046Z_4799_0500_6e9858e346d1.jpg
4799,C:\Users\Setekh\Desktop\ISY5002-Project\datasets\raw-2026-week1\4799\20260916T050526Z_4799_0505_5f96f922a2d0.jpg
4799,C:\Users\Setekh\Desktop\ISY5002-Project\datasets\raw-2026-week1\4799\20260916T052047Z_4799_0520_f00156c02016.jpg
4799,C:\Users\Setekh\Desktop\ISY5002-Project\datasets\raw-2026-week1\4799\20260916T053027Z_4799_0530_56af1a62c1cc.jpg
4799,C:\Users\Setekh\Desktop\ISY5002-Project\datasets\raw-2026-week1\4799\20260916T054047Z_4799_0540_b8668678a109.jpg
4799,C:\Users\Setekh\Desktop\ISY5002-Project\datasets\raw-2026-week1\4799\20260916T055028Z_4799_0550_4f60d7bc7f68.jpg
4799,C:\Users\Setekh\Desktop\ISY5002-Project\datasets\raw-2026-week1\4799\20260916T060028Z_4799_0600_2c9a278cdb72.jpg
4799,C:\Users\Setekh\Desktop\ISY5002-Project\datasets\raw-2026-week1\4799\20260916T061028Z_4799_0610_838fc98e550b.jpg
4799,C:\Users\Setekh\Desktop\ISY5002-Project\datasets\raw-2026-week1\4799\20260916T062049Z_4799_0620_058b500786e5.jpg
4799,C:\Users\Setekh\Desktop\ISY5002-Project\datasets\raw-2026-week1\4799\20260916T063049Z_4799_0630_b7cacfbdc8d6.jpg
4799,C:\Users\Setekh\Desktop\ISY5002-Project\datasets\raw-2026-week1\4799\20260916T064050Z_4799_0640_6bafadce740e.jpg
4799,C:\Users\Setekh\Desktop\ISY5002-Project\datasets\raw-2026-week1\4799\20260916T065030Z_4799_0650_b6d31c602d27.jpg
4799,C:\Users\Setekh\Desktop\ISY5002-Project\datasets\raw-2026-week1\4799\20260916T070030Z_4799_0700_f6d5d6472083.jpg
4799,C:\Users\Setekh\Desktop\ISY5002-Project\datasets\raw-2026-week1\4799\20260916T071051Z_4799_0710_9d48b9df13f7.jpg
4799,C:\Users\Setekh\Desktop\ISY5002-Project\datasets\raw-2026-week1\4799\20260916T072051Z_4799_0720_28470388c26c.jpg
4799,C:\Users\Setekh\Desktop\ISY5002-Project\datasets\raw-2026-week1\4799\20260916T073051Z_4799_0730_b8e151fa8e75.jpg
4799,C:\Users\Setekh\Desktop\ISY5002-Project\datasets\raw-2026-week1\4799\20260916T074052Z_4799_0740_4d1e21e1c722.jpg
4799,C:\Users\Setekh\Desktop\ISY5002-Project\datasets\raw-2026-week1\4799\20260916T075052Z_4799_0750_e0fd09cf2a4a.jpg
4799,C:\Users\Setekh\Desktop\ISY5002-Project\datasets\raw-2026-week1\4799\20260916T080052Z_4799_0800_cc575a82ac48.jpg
4799,C:\Users\Setekh\Desktop\ISY5002-Project\datasets\raw-2026-week1\4799\20260916T080533Z_4799_0805_374dd004508f.jpg
4799,C:\Users\Setekh\Desktop\ISY5002-Project\datasets\raw-2026-week1\4799\20260916T082033Z_4799_0820_1508cc70c8b6.jpg
4799,C:\Users\Setekh\Desktop\ISY5002-Project\datasets\raw-2026-week1\4799\20260916T083034Z_4799_0830_19e2c53d8cc6.jpg
4799,C:\Users\Setekh\Desktop\ISY5002-Project\datasets\raw-2026-week1\4799\20260916T084054Z_4799_0840_1ebd25a218c6.jpg
4799,C:\Users\Setekh\Desktop\ISY5002-Project\datasets\raw-2026-week1\4799\20260916T085034Z_4799_0850_9160291cd47e.jpg
4799,C:\Users\Setekh\Desktop\ISY5002-Project\datasets\raw-2026-week1\4799\20260916T090035Z_4799_0900_45b1319fbef1.jpg
4799,C:\Users\Setekh\Desktop\ISY5002-Project\datasets\raw-2026-week1\4799\20260916T091035Z_4799_0910_e777c34209c0.jpg
4799,C:\Users\Setekh\Desktop\ISY5002-Project\datasets\raw-2026-week1\4799\20260916T092035Z_4799_0920_33c387e08373.jpg
4799,C:\Users\Setekh\Desktop\ISY5002-Project\datasets\raw-2026-week1\4799\20260916T093036Z_4799_0930_8a09cb96b029.jpg
4799,C:\Users\Setekh\Desktop\ISY5002-Project\datasets\raw-2026-week1\4799\20260916T093556Z_4799_0935_acfce486f0ce.jpg
4799,C:\Users\Setekh\Desktop\ISY5002-Project\datasets\raw-2026-week1\4799\20260916T094036Z_4799_0940_342ed5aaf705.jpg
4799,C:\Users\Setekh\Desktop\ISY5002-Project\datasets\raw-2026-week1\4799\20260916T094536Z_4799_0945_9e6ea15744fe.jpg
4799,C:\Users\Setekh\Desktop\ISY5002-Project\datasets\raw-2026-week1\4799\20260916T100037Z_4799_1000_8d2e9edd1d82.jpg
4799,C:\Users\Setekh\Desktop\ISY5002-Project\datasets\raw-2026-week1\4799\20260916T101037Z_4799_1010_e59990f88eaa.jpg
4799,C:\Users\Setekh\Desktop\ISY5002-Project\datasets\raw-2026-week1\4799\20260916T102037Z_4799_1020_14bfe23de803.jpg
4799,C:\Users\Setekh\Desktop\ISY5002-Project\datasets\raw-2026-week1\4799\20260916T103038Z_4799_1030_496b21493bab.jpg
4799,C:\Users\Setekh\Desktop\ISY5002-Project\datasets\raw-2026-week1\4799\20260916T104038Z_4799_1040_68443d5ba671.jpg
4799,C:\Users\Setekh\Desktop\ISY5002-Project\datasets\raw-2026-week1\4799\20260916T105038Z_4799_1050_0851bace5ec7.jpg
4799,C:\Users\Setekh\Desktop\ISY5002-Project\datasets\raw-2026-week1\4799\20260916T105559Z_4799_1055_ee6ba0e1bae4.jpg
4799,C:\Users\Setekh\Desktop\ISY5002-Project\datasets\raw-2026-week1\4799\20260916T111039Z_4799_1110_76f00d726dfd.jpg
4799,C:\Users\Setekh\Desktop\ISY5002-Project\datasets\raw-2026-week1\4799\20260916T111539Z_4799_1115_39efb33d3416.jpg
4799,C:\Users\Setekh\Desktop\ISY5002-Project\datasets\raw-2026-week1\4799\20260916T113020Z_4799_1130_8423561a0665.jpg
4799,C:\Users\Setekh\Desktop\ISY5002-Project\datasets\raw-2026-week1\4799\20260916T114040Z_4799_1140_47b6966aacb1.jpg
4799,C:\Users\Setekh\Desktop\ISY5002-Project\datasets\raw-2026-week1\4799\20260916T115041Z_4799_1150_dc6e862a3308.jpg
4799,C:\Users\Setekh\Desktop\ISY5002-Project\datasets\raw-2026-week1\4799\20260916T120041Z_4799_1200_e8812a09fa06.jpg
4799,C:\Users\Setekh\Desktop\ISY5002-Project\datasets\raw-2026-week1\4799\20260916T121041Z_4799_1210_c4fe44a93ff7.jpg
4799,C:\Users\Setekh\Desktop\ISY5002-Project\datasets\raw-2026-week1\4799\20260916T121542Z_4799_1215_f15c79d983bf.jpg
4799,C:\Users\Setekh\Desktop\ISY5002-Project\datasets\raw-2026-week1\4799\20260916T123042Z_4799_1230_9b8de180df9a.jpg
4799,C:\Users\Setekh\Desktop\ISY5002-Project\datasets\raw-2026-week1\4799\20260916T124042Z_4799_1240_6f9c592063ae.jpg
4799,C:\Users\Setekh\Desktop\ISY5002-Project\datasets\raw-2026-week1\4799\20260916T124603Z_4799_1246_1a0dcb5427f7.jpg
4799,C:\Users\Setekh\Desktop\ISY5002-Project\datasets\raw-2026-week1\4799\20260916T130043Z_4799_1300_c6c9c8237910.jpg
4799,C:\Users\Setekh\Desktop\ISY5002-Project\datasets\raw-2026-week1\4799\20260916T130543Z_4799_1305_045e928e6118.jpg
4799,C:\Users\Setekh\Desktop\ISY5002-Project\datasets\raw-2026-week1\4799\20260916T132044Z_4799_1320_beb7f00a9ec2.jpg
4799,C:\Users\Setekh\Desktop\ISY5002-Project\datasets\raw-2026-week1\4799\20260916T133044Z_4799_1330_15c4ef2ddca3.jpg
4799,C:\Users\Setekh\Desktop\ISY5002-Project\datasets\raw-2026-week1\4799\20260916T134045Z_4799_1340_4b11557d78dc.jpg
4799,C:\Users\Setekh\Desktop\ISY5002-Project\datasets\raw-2026-week1\4799\20260916T135045Z_4799_1350_596b85e0f4e9.jpg
4799,C:\Users\Setekh\Desktop\ISY5002-Project\datasets\raw-2026-week1\4799\20260916T140045Z_4799_1400_305b5a9be8fa.jpg
4799,C:\Users\Setekh\Desktop\ISY5002-Project\datasets\raw-2026-week1\4799\20260916T141046Z_4799_1410_2d552c6c747e.jpg
4799,C:\Users\Setekh\Desktop\ISY5002-Project\datasets\raw-2026-week1\4799\20260916T141606Z_4799_1416_ae8921e7337c.jpg
4799,C:\Users\Setekh\Desktop\ISY5002-Project\datasets\raw-2026-week1\4799\20260916T143046Z_4799_1430_d9a27dc2d63d.jpg
4799,C:\Users\Setekh\Desktop\ISY5002-Project\datasets\raw-2026-week1\4799\20260916T144047Z_4799_1440_e2d15d85b323.jpg
4799,C:\Users\Setekh\Desktop\ISY5002-Project\datasets\raw-2026-week1\4799\20260916T145047Z_4799_1450_45419b5dcece.jpg
4799,C:\Users\Setekh\Desktop\ISY5002-Project\datasets\raw-2026-week1\4799\20260916T150048Z_4799_1500_6c1559bc62bf.jpg
4799,C:\Users\Setekh\Desktop\ISY5002-Project\datasets\raw-2026-week1\4799\20260916T151048Z_4799_1510_51219c6787d2.jpg
4799,C:\Users\Setekh\Desktop\ISY5002-Project\datasets\raw-2026-week1\4799\20260916T151548Z_4799_1515_2c0ff6e801dd.jpg
4799,C:\Users\Setekh\Desktop\ISY5002-Project\datasets\raw-2026-week1\4799\20260916T152048Z_4799_1520_4f7575abdca7.jpg
4799,C:\Users\Setekh\Desktop\ISY5002-Project\datasets\raw-2026-week1\4799\20260916T153049Z_4799_1530_58b9f122c275.jpg
4799,C:\Users\Setekh\Desktop\ISY5002-Project\datasets\raw-2026-week1\4799\20260916T154049Z_4799_1540_4deab2e5c93b.jpg
4799,C:\Users\Setekh\Desktop\ISY5002-Project\datasets\raw-2026-week1\4799\20260916T155049Z_4799_1550_f94fe22f8045.jpg
4799,C:\Users\Setekh\Desktop\ISY5002-Project\datasets\raw-2026-week1\4799\20260916T160030Z_4799_1600_786698d5a946.jpg
4799,C:\Users\Setekh\Desktop\ISY5002-Project\datasets\raw-2026-week1\4799\20260916T160550Z_4799_1605_c73e35a17311.jpg
4799,C:\Users\Setekh\Desktop\ISY5002-Project\datasets\raw-2026-week1\4799\20260916T162031Z_4799_1620_f5fc69f573a3.jpg
4799,C:\Users\Setekh\Desktop\ISY5002-Project\datasets\raw-2026-week1\4799\20260916T163031Z_4799_1630_5ece04c5bc60.jpg
4799,C:\Users\Setekh\Desktop\ISY5002-Project\datasets\raw-2026-week1\4799\20260916T164031Z_4799_1640_40ecb4ca3f7a.jpg
4799,C:\Users\Setekh\Desktop\ISY5002-Project\datasets\raw-2026-week1\4799\20260916T165032Z_4799_1650_1777151949d8.jpg
4799,C:\Users\Setekh\Desktop\ISY5002-Project\datasets\raw-2026-week1\4799\20260916T170032Z_4799_1700_d9d2027abe2d.jpg
4799,C:\Users\Setekh\Desktop\ISY5002-Project\datasets\raw-2026-week1\4799\20260916T171052Z_4799_1710_7a58071a1124.jpg
4799,C:\Users\Setekh\Desktop\ISY5002-Project\datasets\raw-2026-week1\4799\20260916T172033Z_4799_1720_f7716d3934dd.jpg
4799,C:\Users\Setekh\Desktop\ISY5002-Project\datasets\raw-2026-week1\4799\20260916T173033Z_4799_1730_7a43829294e3.jpg
4799,C:\Users\Setekh\Desktop\ISY5002-Project\datasets\raw-2026-week1\4799\20260916T174033Z_4799_1740_f3675ad160fd.jpg
4799,C:\Users\Setekh\Desktop\ISY5002-Project\datasets\raw-2026-week1\4799\20260916T175034Z_4799_1750_e3054e7a4983.jpg
4799,C:\Users\Setekh\Desktop\ISY5002-Project\datasets\raw-2026-week1\4799\20260916T180034Z_4799_1800_74cd48940ff3.jpg
4799,C:\Users\Setekh\Desktop\ISY5002-Project\datasets\raw-2026-week1\4799\20260916T181035Z_4799_1810_d3478365b47d.jpg
4799,C:\Users\Setekh\Desktop\ISY5002-Project\datasets\raw-2026-week1\4799\20260916T183035Z_4799_1830_ce0443bfe119.jpg
4799,C:\Users\Setekh\Desktop\ISY5002-Project\datasets\raw-2026-week1\4799\20260916T184036Z_4799_1840_11df0ed62ea9.jpg
4799,C:\Users\Setekh\Desktop\ISY5002-Project\datasets\raw-2026-week1\4799\20260916T184556Z_4799_1845_5b0ced344147.jpg
4799,C:\Users\Setekh\Desktop\ISY5002-Project\datasets\raw-2026-week1\4799\20260916T190036Z_4799_1900_0a0b4d69f97b.jpg
4799,C:\Users\Setekh\Desktop\ISY5002-Project\datasets\raw-2026-week1\4799\20260916T191037Z_4799_1910_c8a21da056e5.jpg
4799,C:\Users\Setekh\Desktop\ISY5002-Project\datasets\raw-2026-week1\4799\20260916T192037Z_4799_1920_835363b4fe66.jpg
4799,C:\Users\Setekh\Desktop\ISY5002-Project\datasets\raw-2026-week1\4799\20260916T193038Z_4799_1930_80da70a2955d.jpg
4799,C:\Users\Setekh\Desktop\ISY5002-Project\datasets\raw-2026-week1\4799\20260916T194038Z_4799_1940_9c358127d856.jpg
4799,C:\Users\Setekh\Desktop\ISY5002-Project\datasets\raw-2026-week1\4799\20260916T195038Z_4799_1950_4524e69bf14d.jpg
4799,C:\Users\Setekh\Desktop\ISY5002-Project\datasets\raw-2026-week1\4799\20260916T200039Z_4799_2000_e35e9892d5a1.jpg
4799,C:\Users\Setekh\Desktop\ISY5002-Project\datasets\raw-2026-week1\4799\20260916T201039Z_4799_2010_3e3ae03540c0.jpg
4799,C:\Users\Setekh\Desktop\ISY5002-Project\datasets\raw-2026-week1\4799\20260916T202039Z_4799_2020_4c07312e5b64.jpg
4799,C:\Users\Setekh\Desktop\ISY5002-Project\datasets\raw-2026-week1\4799\20260916T203040Z_4799_2030_43cc1f728e7c.jpg
4799,C:\Users\Setekh\Desktop\ISY5002-Project\datasets\raw-2026-week1\4799\20260916T204040Z_4799_2040_42aa48f1a5cc.jpg
4799,C:\Users\Setekh\Desktop\ISY5002-Project\datasets\raw-2026-week1\4799\20260916T205041Z_4799_2050_bbc7ed34f8f1.jpg
4799,C:\Users\Setekh\Desktop\ISY5002-Project\datasets\raw-2026-week1\4799\20260916T205601Z_4799_2056_8d105197e04f.jpg
4799,C:\Users\Setekh\Desktop\ISY5002-Project\datasets\raw-2026-week1\4799\20260916T210541Z_4799_2105_b577823140bd.jpg
4799,C:\Users\Setekh\Desktop\ISY5002-Project\datasets\raw-2026-week1\4799\20260916T212042Z_4799_2120_98ba8cba97fa.jpg
4799,C:\Users\Setekh\Desktop\ISY5002-Project\datasets\raw-2026-week1\4799\20260916T212542Z_4799_2125_edde9367134a.jpg
4799,C:\Users\Setekh\Desktop\ISY5002-Project\datasets\raw-2026-week1\4799\20260916T214043Z_4799_2140_ce06800529fd.jpg
4799,C:\Users\Setekh\Desktop\ISY5002-Project\datasets\raw-2026-week1\4799\20260916T214603Z_4799_2146_e850a3bfdef4.jpg
4799,C:\Users\Setekh\Desktop\ISY5002-Project\datasets\raw-2026-week1\4799\20260916T220023Z_4799_2200_fde2f3a33764.jpg
4799,C:\Users\Setekh\Desktop\ISY5002-Project\datasets\raw-2026-week1\4799\20260916T220523Z_4799_2205_377bda104033.jpg
4799,C:\Users\Setekh\Desktop\ISY5002-Project\datasets\raw-2026-week1\4799\20260916T223024Z_4799_2230_e22b19db0f77.jpg
4799,C:\Users\Setekh\Desktop\ISY5002-Project\datasets\raw-2026-week1\4799\20260916T224045Z_4799_2240_205d7eb6197c.jpg
4799,C:\Users\Setekh\Desktop\ISY5002-Project\datasets\raw-2026-week1\4799\20260916T225045Z_4799_2250_a3b303eabd00.jpg
4799,C:\Users\Setekh\Desktop\ISY5002-Project\datasets\raw-2026-week1\4799\20260916T230025Z_4799_2300_0f9d874fcdb0.jpg
4799,C:\Users\Setekh\Desktop\ISY5002-Project\datasets\raw-2026-week1\4799\20260916T231046Z_4799_2310_555d7d4c2e61.jpg
4799,C:\Users\Setekh\Desktop\ISY5002-Project\datasets\raw-2026-week1\4799\20260916T232026Z_4799_2320_d6ac30a55c4c.jpg
4799,C:\Users\Setekh\Desktop\ISY5002-Project\datasets\raw-2026-week1\4799\20260916T233027Z_4799_2330_d00282ba7397.jpg
4799,C:\Users\Setekh\Desktop\ISY5002-Project\datasets\raw-2026-week1\4799\20260916T234047Z_4799_2340_ea3d2c42b5fc.jpg
4799,C:\Users\Setekh\Desktop\ISY5002-Project\datasets\raw-2026-week1\4799\20260916T235027Z_4799_2350_dd3a11f13c43.jpg
4799,C:\Users\Setekh\Desktop\ISY5002-Project\datasets\raw-2026-week1\4799\20260917T000028Z_4799_0000_451a2d074c3d.jpg
4799,C:\Users\Setekh\Desktop\ISY5002-Project\datasets\raw-2026-week1\4799\20260917T001028Z_4799_0010_d95d3edd95a7.jpg
4799,C:\Users\Setekh\Desktop\ISY5002-Project\datasets\raw-2026-week1\4799\20260917T002028Z_4799_0020_176ee569adf6.jpg
4799,C:\Users\Setekh\Desktop\ISY5002-Project\datasets\raw-2026-week1\4799\20260917T003029Z_4799_0030_e7affd0d83a5.jpg
4799,C:\Users\Setekh\Desktop\ISY5002-Project\datasets\raw-2026-week1\4799\20260917T004029Z_4799_0040_7b5cc8c0b2e3.jpg
4799,C:\Users\Setekh\Desktop\ISY5002-Project\datasets\raw-2026-week1\4799\20260917T005029Z_4799_0050_40584c6f7812.jpg
4799,C:\Users\Setekh\Desktop\ISY5002-Project\datasets\raw-2026-week1\4799\20260917T010050Z_4799_0100_1d8adef6be10.jpg
4799,C:\Users\Setekh\Desktop\ISY5002-Project\datasets\raw-2026-week1\4799\20260917T011050Z_4799_0110_e73e6cfee1d2.jpg
4799,C:\Users\Setekh\Desktop\ISY5002-Project\datasets\raw-2026-week1\4799\20260917T011530Z_4799_0115_ffaddf11b2aa.jpg
4799,C:\Users\Setekh\Desktop\ISY5002-Project\datasets\raw-2026-week1\4799\20260917T012531Z_4799_0125_650e4dc26625.jpg
4799,C:\Users\Setekh\Desktop\ISY5002-Project\datasets\raw-2026-week1\4799\20260917T014031Z_4799_0140_5a06f567422f.jpg
4799,C:\Users\Setekh\Desktop\ISY5002-Project\datasets\raw-2026-week1\4799\20260917T015052Z_4799_0150_6ffd43174a10.jpg
4799,C:\Users\Setekh\Desktop\ISY5002-Project\datasets\raw-2026-week1\4799\20260917T020032Z_4799_0200_cccd3b984165.jpg
4799,C:\Users\Setekh\Desktop\ISY5002-Project\datasets\raw-2026-week1\4799\20260917T021052Z_4799_0210_92bd567e6f0f.jpg
4799,C:\Users\Setekh\Desktop\ISY5002-Project\datasets\raw-2026-week1\4799\20260917T021553Z_4799_0215_9de06f4733c8.jpg
4799,C:\Users\Setekh\Desktop\ISY5002-Project\datasets\raw-2026-week1\4799\20260917T023033Z_4799_0230_f4614f23f516.jpg
4799,C:\Users\Setekh\Desktop\ISY5002-Project\datasets\raw-2026-week1\4799\20260917T023533Z_4799_0235_c9bb7eb10ea3.jpg
4799,C:\Users\Setekh\Desktop\ISY5002-Project\datasets\raw-2026-week1\4799\20260917T024054Z_4799_0240_c6143bbe8c4d.jpg
4799,C:\Users\Setekh\Desktop\ISY5002-Project\datasets\raw-2026-week1\4799\20260917T025034Z_4799_0250_17538f7bbe67.jpg
4799,C:\Users\Setekh\Desktop\ISY5002-Project\datasets\raw-2026-week1\4799\20260917T030034Z_4799_0300_b0b8ec059c47.jpg
4799,C:\Users\Setekh\Desktop\ISY5002-Project\datasets\raw-2026-week1\4799\20260917T031035Z_4799_0310_ec82921ff764.jpg
4799,C:\Users\Setekh\Desktop\ISY5002-Project\datasets\raw-2026-week1\4799\20260917T032035Z_4799_0320_00c28c27783e.jpg
4799,C:\Users\Setekh\Desktop\ISY5002-Project\datasets\raw-2026-week1\4799\20260917T033055Z_4799_0330_3dd1e2c615e4.jpg
4799,C:\Users\Setekh\Desktop\ISY5002-Project\datasets\raw-2026-week1\4799\20260917T033536Z_4799_0335_2ad81bb51b2e.jpg
4799,C:\Users\Setekh\Desktop\ISY5002-Project\datasets\raw-2026-week1\4799\20260917T035036Z_4799_0350_fa21ef714596.jpg
4799,C:\Users\Setekh\Desktop\ISY5002-Project\datasets\raw-2026-week1\4799\20260917T040056Z_4799_0400_cf3eb960072a.jpg
4799,C:\Users\Setekh\Desktop\ISY5002-Project\datasets\raw-2026-week1\4799\20260917T040537Z_4799_0405_2324553b033e.jpg
4799,C:\Users\Setekh\Desktop\ISY5002-Project\datasets\raw-2026-week1\4799\20260917T042037Z_4799_0420_5437b082ac7d.jpg
4799,C:\Users\Setekh\Desktop\ISY5002-Project\datasets\raw-2026-week1\4799\20260917T043038Z_4799_0430_ac54cfa2fc47.jpg
4799,C:\Users\Setekh\Desktop\ISY5002-Project\datasets\raw-2026-week1\4799\20260917T043538Z_4799_0435_1c02e538aa36.jpg
4799,C:\Users\Setekh\Desktop\ISY5002-Project\datasets\raw-2026-week1\4799\20260917T045038Z_4799_0450_cc68cba74a84.jpg
4799,C:\Users\Setekh\Desktop\ISY5002-Project\datasets\raw-2026-week1\4799\20260917T045558Z_4799_0455_9904335fe193.jpg
4799,C:\Users\Setekh\Desktop\ISY5002-Project\datasets\raw-2026-week1\4799\20260917T051039Z_4799_0510_2d3a2b21cb8e.jpg
4799,C:\Users\Setekh\Desktop\ISY5002-Project\datasets\raw-2026-week1\4799\20260917T051559Z_4799_0515_e9ff709ca895.jpg
4799,C:\Users\Setekh\Desktop\ISY5002-Project\datasets\raw-2026-week1\4799\20260917T052600Z_4799_0526_12f810399fc6.jpg
4799,C:\Users\Setekh\Desktop\ISY5002-Project\datasets\raw-2026-week1\4799\20260917T053600Z_4799_0536_a4eb3822dbb8.jpg
4799,C:\Users\Setekh\Desktop\ISY5002-Project\datasets\raw-2026-week1\4799\20260917T062041Z_4799_0620_334436b60894.jpg
4799,C:\Users\Setekh\Desktop\ISY5002-Project\datasets\raw-2026-week1\4799\20260917T063022Z_4799_0630_8c07db495555.jpg
4799,C:\Users\Setekh\Desktop\ISY5002-Project\datasets\raw-2026-week1\4799\20260917T063542Z_4799_0635_d6d2f7e0bcd5.jpg
4799,C:\Users\Setekh\Desktop\ISY5002-Project\datasets\raw-2026-week1\4799\20260917T065022Z_4799_0650_6952675e8b44.jpg
4799,C:\Users\Setekh\Desktop\ISY5002-Project\datasets\raw-2026-week1\4799\20260917T070023Z_4799_0700_db7d0a2b655d.jpg
4799,C:\Users\Setekh\Desktop\ISY5002-Project\datasets\raw-2026-week1\4799\20260917T070523Z_4799_0705_bd10dc53e5a8.jpg
4799,C:\Users\Setekh\Desktop\ISY5002-Project\datasets\raw-2026-week1\4799\20260917T072044Z_4799_0720_f580b7ecd485.jpg
4799,C:\Users\Setekh\Desktop\ISY5002-Project\datasets\raw-2026-week1\4799\20260917T072604Z_4799_0726_3e1e96a86912.jpg
4799,C:\Users\Setekh\Desktop\ISY5002-Project\datasets\raw-2026-week1\4799\20260917T073544Z_4799_0735_3a09fd30c8b7.jpg
4799,C:\Users\Setekh\Desktop\ISY5002-Project\datasets\raw-2026-week1\4799\20260917T075025Z_4799_0750_2e1940c1103a.jpg
4799,C:\Users\Setekh\Desktop\ISY5002-Project\datasets\raw-2026-week1\4799\20260917T080025Z_4799_0800_1ee8c9c636cb.jpg
4799,C:\Users\Setekh\Desktop\ISY5002-Project\datasets\raw-2026-week1\4799\20260917T081045Z_4799_0810_a84390ded0bd.jpg
4799,C:\Users\Setekh\Desktop\ISY5002-Project\datasets\raw-2026-week1\4799\20260917T081546Z_4799_0815_f2e606bb41d1.jpg
4799,C:\Users\Setekh\Desktop\ISY5002-Project\datasets\raw-2026-week1\4799\20260917T082046Z_4799_0820_97cb35614fad.jpg
4799,C:\Users\Setekh\Desktop\ISY5002-Project\datasets\raw-2026-week1\4799\20260917T082546Z_4799_0825_4ff4051c9fdd.jpg
4799,C:\Users\Setekh\Desktop\ISY5002-Project\datasets\raw-2026-week1\4799\20260917T092048Z_4799_0920_5f3e97e35013.jpg
4799,C:\Users\Setekh\Desktop\ISY5002-Project\datasets\raw-2026-week1\4799\20260917T094049Z_4799_0940_d88d85860075.jpg
4799,C:\Users\Setekh\Desktop\ISY5002-Project\datasets\raw-2026-week1\4799\20260917T095549Z_4799_0955_ae58dbf6bfff.jpg
4799,C:\Users\Setekh\Desktop\ISY5002-Project\datasets\raw-2026-week1\4799\20260917T101050Z_4799_1010_e84a51470ca9.jpg
4799,C:\Users\Setekh\Desktop\ISY5002-Project\datasets\raw-2026-week1\4799\20260917T102030Z_4799_1020_1b04f762143b.jpg
4799,C:\Users\Setekh\Desktop\ISY5002-Project\datasets\raw-2026-week1\4799\20260917T104031Z_4799_1040_b2489a07bbdf.jpg
4799,C:\Users\Setekh\Desktop\ISY5002-Project\datasets\raw-2026-week1\4799\20260917T105031Z_4799_1050_4f1c62526169.jpg
4799,C:\Users\Setekh\Desktop\ISY5002-Project\datasets\raw-2026-week1\4799\20260917T110052Z_4799_1100_75175dc1fbdd.jpg
4799,C:\Users\Setekh\Desktop\ISY5002-Project\datasets\raw-2026-week1\4799\20260917T111032Z_4799_1110_399f9cfead35.jpg
4799,C:\Users\Setekh\Desktop\ISY5002-Project\datasets\raw-2026-week1\4799\20260917T112052Z_4799_1120_fb1b834eb670.jpg
4799,C:\Users\Setekh\Desktop\ISY5002-Project\datasets\raw-2026-week1\4799\20260917T113033Z_4799_1130_358afa092433.jpg
4799,C:\Users\Setekh\Desktop\ISY5002-Project\datasets\raw-2026-week1\4799\20260917T114033Z_4799_1140_abf1beb9d8d6.jpg
4799,C:\Users\Setekh\Desktop\ISY5002-Project\datasets\raw-2026-week1\4799\20260917T115054Z_4799_1150_e619e989ffe6.jpg
4799,C:\Users\Setekh\Desktop\ISY5002-Project\datasets\raw-2026-week1\4799\20260917T115534Z_4799_1155_a725a4996b43.jpg
4799,C:\Users\Setekh\Desktop\ISY5002-Project\datasets\raw-2026-week1\4799\20260917T121034Z_4799_1210_00d87cdccaf2.jpg
4799,C:\Users\Setekh\Desktop\ISY5002-Project\datasets\raw-2026-week1\4799\20260917T124036Z_4799_1240_77250b81b507.jpg
4799,C:\Users\Setekh\Desktop\ISY5002-Project\datasets\raw-2026-week1\4799\20260917T131037Z_4799_1310_86fe59138ad7.jpg
4799,C:\Users\Setekh\Desktop\ISY5002-Project\datasets\raw-2026-week1\4799\20260917T132057Z_4799_1320_884a263f1664.jpg
4799,C:\Users\Setekh\Desktop\ISY5002-Project\datasets\raw-2026-week1\4799\20260917T133037Z_4799_1330_f84f79e05a07.jpg
4799,C:\Users\Setekh\Desktop\ISY5002-Project\datasets\raw-2026-week1\4799\20260917T134038Z_4799_1340_68f26664e7c8.jpg
4799,C:\Users\Setekh\Desktop\ISY5002-Project\datasets\raw-2026-week1\4799\20260917T134538Z_4799_1345_1cc193f794f7.jpg
4799,C:\Users\Setekh\Desktop\ISY5002-Project\datasets\raw-2026-week1\4799\20260917T135538Z_4799_1355_4057b2c7d282.jpg
4799,C:\Users\Setekh\Desktop\ISY5002-Project\datasets\raw-2026-week1\4799\20260917T140038Z_4799_1400_bdb6b875bebc.jpg
4799,C:\Users\Setekh\Desktop\ISY5002-Project\datasets\raw-2026-week1\4799\20260917T141039Z_4799_1410_96288adcec6c.jpg
4799,C:\Users\Setekh\Desktop\ISY5002-Project\datasets\raw-2026-week1\4799\20260917T141559Z_4799_1415_74cf6b9a9ae6.jpg
4799,C:\Users\Setekh\Desktop\ISY5002-Project\datasets\raw-2026-week1\4799\20260917T144040Z_4799_1440_81e70a2b784d.jpg
4799,C:\Users\Setekh\Desktop\ISY5002-Project\datasets\raw-2026-week1\4799\20260917T144540Z_4799_1445_2345277d5e74.jpg
4799,C:\Users\Setekh\Desktop\ISY5002-Project\datasets\raw-2026-week1\4799\20260917T150041Z_4799_1500_2d3e12073888.jpg
4799,C:\Users\Setekh\Desktop\ISY5002-Project\datasets\raw-2026-week1\4799\20260917T150601Z_4799_1506_74c9669a5125.jpg
4799,C:\Users\Setekh\Desktop\ISY5002-Project\datasets\raw-2026-week1\4799\20260917T151601Z_4799_1516_3b38b617e39f.jpg
4799,C:\Users\Setekh\Desktop\ISY5002-Project\datasets\raw-2026-week1\4799\20260917T153542Z_4799_1535_315943878b05.jpg
4799,C:\Users\Setekh\Desktop\ISY5002-Project\datasets\raw-2026-week1\4799\20260917T155042Z_4799_1550_c9f428949f97.jpg
4799,C:\Users\Setekh\Desktop\ISY5002-Project\datasets\raw-2026-week1\4799\20260917T170045Z_4799_1700_5ef57003af39.jpg
4799,C:\Users\Setekh\Desktop\ISY5002-Project\datasets\raw-2026-week1\4799\20260917T171045Z_4799_1710_ed64cc517136.jpg
4799,C:\Users\Setekh\Desktop\ISY5002-Project\datasets\raw-2026-week1\4799\20260917T172026Z_4799_1720_74be6aeff8b7.jpg
4799,C:\Users\Setekh\Desktop\ISY5002-Project\datasets\raw-2026-week1\4799\20260917T173046Z_4799_1730_9d9b46000d11.jpg
4799,C:\Users\Setekh\Desktop\ISY5002-Project\datasets\raw-2026-week1\4799\20260917T175047Z_4799_1750_64ba52c5d37f.jpg
4799,C:\Users\Setekh\Desktop\ISY5002-Project\datasets\raw-2026-week1\4799\20260917T175607Z_4799_1756_c958caa2bb66.jpg
4799,C:\Users\Setekh\Desktop\ISY5002-Project\datasets\raw-2026-week1\4799\20260917T181028Z_4799_1810_1cd80857958d.jpg
4799,C:\Users\Setekh\Desktop\ISY5002-Project\datasets\raw-2026-week1\4799\20260917T182028Z_4799_1820_63892774e787.jpg
4799,C:\Users\Setekh\Desktop\ISY5002-Project\datasets\raw-2026-week1\4799\20260917T183028Z_4799_1830_bf6971d397b7.jpg
4799,C:\Users\Setekh\Desktop\ISY5002-Project\datasets\raw-2026-week1\4799\20260917T184029Z_4799_1840_42c0c988edb5.jpg
4799,C:\Users\Setekh\Desktop\ISY5002-Project\datasets\raw-2026-week1\4799\20260917T185029Z_4799_1850_b711a37cfa32.jpg
4799,C:\Users\Setekh\Desktop\ISY5002-Project\datasets\raw-2026-week1\4799\20260917T185609Z_4799_1856_d186bbcce0d3.jpg
4799,C:\Users\Setekh\Desktop\ISY5002-Project\datasets\raw-2026-week1\4799\20260917T191030Z_4799_1910_394b40dd60c3.jpg
4799,C:\Users\Setekh\Desktop\ISY5002-Project\datasets\raw-2026-week1\4799\20260917T193051Z_4799_1930_b3e58db0f043.jpg
4799,C:\Users\Setekh\Desktop\ISY5002-Project\datasets\raw-2026-week1\4799\20260917T194551Z_4799_1945_0b61a04c923f.jpg
4799,C:\Users\Setekh\Desktop\ISY5002-Project\datasets\raw-2026-week1\4799\20260917T201052Z_4799_2010_16a41d6c1646.jpg
4799,C:\Users\Setekh\Desktop\ISY5002-Project\datasets\raw-2026-week1\4799\20260917T202052Z_4799_2020_f43215a49458.jpg
4799,C:\Users\Setekh\Desktop\ISY5002-Project\datasets\raw-2026-week1\4799\20260917T203033Z_4799_2030_516e2abb892d.jpg
4799,C:\Users\Setekh\Desktop\ISY5002-Project\datasets\raw-2026-week1\4799\20260917T204033Z_4799_2040_4f8cd7bc9b87.jpg
4799,C:\Users\Setekh\Desktop\ISY5002-Project\datasets\raw-2026-week1\4799\20260917T205053Z_4799_2050_82445caaca96.jpg
4799,C:\Users\Setekh\Desktop\ISY5002-Project\datasets\raw-2026-week1\4799\20260917T210054Z_4799_2100_f3aec324bde2.jpg
4799,C:\Users\Setekh\Desktop\ISY5002-Project\datasets\raw-2026-week1\4799\20260917T211054Z_4799_2110_851d75bb5380.jpg
4799,C:\Users\Setekh\Desktop\ISY5002-Project\datasets\raw-2026-week1\4799\20260917T212035Z_4799_2120_d6f498199fc7.jpg
4799,C:\Users\Setekh\Desktop\ISY5002-Project\datasets\raw-2026-week1\4799\20260917T212555Z_4799_2125_0da1f136de64.jpg
4799,C:\Users\Setekh\Desktop\ISY5002-Project\datasets\raw-2026-week1\4799\20260917T214055Z_4799_2140_b0e74c1f6258.jpg
4799,C:\Users\Setekh\Desktop\ISY5002-Project\datasets\raw-2026-week1\4799\20260917T215056Z_4799_2150_4c3640b1c022.jpg
4799,C:\Users\Setekh\Desktop\ISY5002-Project\datasets\raw-2026-week1\4799\20260917T220036Z_4799_2200_79fb04e79285.jpg
4799,C:\Users\Setekh\Desktop\ISY5002-Project\datasets\raw-2026-week1\4799\20260917T221036Z_4799_2210_0b43d3f1c1c5.jpg
4799,C:\Users\Setekh\Desktop\ISY5002-Project\datasets\raw-2026-week1\4799\20260917T221557Z_4799_2215_2986a5748a17.jpg
4799,C:\Users\Setekh\Desktop\ISY5002-Project\datasets\raw-2026-week1\4799\20260917T223037Z_4799_2230_0675512c621a.jpg
4799,C:\Users\Setekh\Desktop\ISY5002-Project\datasets\raw-2026-week1\4799\20260917T223557Z_4799_2235_bba0b323f86d.jpg
4799,C:\Users\Setekh\Desktop\ISY5002-Project\datasets\raw-2026-week1\4799\20260917T224558Z_4799_2245_a6354280c4b1.jpg
4799,C:\Users\Setekh\Desktop\ISY5002-Project\datasets\raw-2026-week1\4799\20260917T225538Z_4799_2255_2983d6b4b815.jpg
4799,C:\Users\Setekh\Desktop\ISY5002-Project\datasets\raw-2026-week1\4799\20260917T230558Z_4799_2305_1ae4e27f084a.jpg
4799,C:\Users\Setekh\Desktop\ISY5002-Project\datasets\raw-2026-week1\4799\20260917T232039Z_4799_2320_a48a66bff7c8.jpg
4799,C:\Users\Setekh\Desktop\ISY5002-Project\datasets\raw-2026-week1\4799\20260917T233039Z_4799_2330_b9c186bf516b.jpg
4799,C:\Users\Setekh\Desktop\ISY5002-Project\datasets\raw-2026-week1\4799\20260917T234040Z_4799_2340_e050fe34d286.jpg
4799,C:\Users\Setekh\Desktop\ISY5002-Project\datasets\raw-2026-week1\4799\20260917T235040Z_4799_2350_715604599560.jpg
4799,C:\Users\Setekh\Desktop\ISY5002-Project\datasets\raw-2026-week1\4799\20260918T000040Z_4799_0000_bbccb2b76623.jpg
4799,C:\Users\Setekh\Desktop\ISY5002-Project\datasets\raw-2026-week1\4799\20260918T001041Z_4799_0010_83df3413c7b0.jpg
4799,C:\Users\Setekh\Desktop\ISY5002-Project\datasets\raw-2026-week1\4799\20260918T002041Z_4799_0020_4f9c11902f91.jpg
4799,C:\Users\Setekh\Desktop\ISY5002-Project\datasets\raw-2026-week1\4799\20260918T003042Z_4799_0030_8195caed7de3.jpg
4799,C:\Users\Setekh\Desktop\ISY5002-Project\datasets\raw-2026-week1\4799\20260918T004042Z_4799_0040_ecf0813585f3.jpg
4799,C:\Users\Setekh\Desktop\ISY5002-Project\datasets\raw-2026-week1\4799\20260918T005042Z_4799_0050_2978cc4d4f2a.jpg
4799,C:\Users\Setekh\Desktop\ISY5002-Project\datasets\raw-2026-week1\4799\20260918T010043Z_4799_0100_ddde659b55d2.jpg
4799,C:\Users\Setekh\Desktop\ISY5002-Project\datasets\raw-2026-week1\4799\20260918T011043Z_4799_0110_18cfdd9ada74.jpg
4799,C:\Users\Setekh\Desktop\ISY5002-Project\datasets\raw-2026-week1\4799\20260918T011543Z_4799_0115_226225e346c4.jpg
4799,C:\Users\Setekh\Desktop\ISY5002-Project\datasets\raw-2026-week1\4799\20260918T013044Z_4799_0130_2f3dc8175c5d.jpg
4799,C:\Users\Setekh\Desktop\ISY5002-Project\datasets\raw-2026-week1\4799\20260918T014044Z_4799_0140_d25d604b986f.jpg
4799,C:\Users\Setekh\Desktop\ISY5002-Project\datasets\raw-2026-week1\4799\20260918T015044Z_4799_0150_911500806c3c.jpg
4799,C:\Users\Setekh\Desktop\ISY5002-Project\datasets\raw-2026-week1\4799\20260918T020045Z_4799_0200_fdcf511a1cc2.jpg
4799,C:\Users\Setekh\Desktop\ISY5002-Project\datasets\raw-2026-week1\4799\20260918T020545Z_4799_0205_b7fc41d26e25.jpg
4799,C:\Users\Setekh\Desktop\ISY5002-Project\datasets\raw-2026-week1\4799\20260918T022026Z_4799_0220_84a0558f7565.jpg
4799,C:\Users\Setekh\Desktop\ISY5002-Project\datasets\raw-2026-week1\4799\20260918T023046Z_4799_0230_2069b06e4d07.jpg
4799,C:\Users\Setekh\Desktop\ISY5002-Project\datasets\raw-2026-week1\4799\20260918T024046Z_4799_0240_8a92da576b15.jpg
4799,C:\Users\Setekh\Desktop\ISY5002-Project\datasets\raw-2026-week1\4799\20260918T025047Z_4799_0250_82b48a9822fd.jpg
4799,C:\Users\Setekh\Desktop\ISY5002-Project\datasets\raw-2026-week1\4799\20260918T025547Z_4799_0255_2858b3eaccea.jpg
4799,C:\Users\Setekh\Desktop\ISY5002-Project\datasets\raw-2026-week1\4799\20260918T031047Z_4799_0310_9112ffc8a28d.jpg
4799,C:\Users\Setekh\Desktop\ISY5002-Project\datasets\raw-2026-week1\4799\20260918T032608Z_4799_0326_f272f90a2d95.jpg
4799,C:\Users\Setekh\Desktop\ISY5002-Project\datasets\raw-2026-week1\4799\20260918T035049Z_4799_0350_120b7b982ab3.jpg
4799,C:\Users\Setekh\Desktop\ISY5002-Project\datasets\raw-2026-week1\4799\20260918T040029Z_4799_0400_2f43e3ac353f.jpg
4799,C:\Users\Setekh\Desktop\ISY5002-Project\datasets\raw-2026-week1\4799\20260918T041030Z_4799_0410_8608ce785f05.jpg
4799,C:\Users\Setekh\Desktop\ISY5002-Project\datasets\raw-2026-week1\4799\20260918T042050Z_4799_0420_7c4dc0ca9599.jpg
4799,C:\Users\Setekh\Desktop\ISY5002-Project\datasets\raw-2026-week1\4799\20260918T043050Z_4799_0430_615f69017a7a.jpg
4799,C:\Users\Setekh\Desktop\ISY5002-Project\datasets\raw-2026-week1\4799\20260918T044031Z_4799_0440_4d051181ae34.jpg
4799,C:\Users\Setekh\Desktop\ISY5002-Project\datasets\raw-2026-week1\4799\20260918T045031Z_4799_0450_6a3bcd504284.jpg
4799,C:\Users\Setekh\Desktop\ISY5002-Project\datasets\raw-2026-week1\4799\20260918T050031Z_4799_0500_fcd5c3e8bda4.jpg
4799,C:\Users\Setekh\Desktop\ISY5002-Project\datasets\raw-2026-week1\4799\20260918T051052Z_4799_0510_5f187f92f8cf.jpg
4799,C:\Users\Setekh\Desktop\ISY5002-Project\datasets\raw-2026-week1\4799\20260918T052052Z_4799_0520_44fd47f4c6b8.jpg
4799,C:\Users\Setekh\Desktop\ISY5002-Project\datasets\raw-2026-week1\4799\20260918T053053Z_4799_0530_ad4e92c97b72.jpg
4799,C:\Users\Setekh\Desktop\ISY5002-Project\datasets\raw-2026-week1\4799\20260918T053553Z_4799_0535_c142e116ebc5.jpg
4799,C:\Users\Setekh\Desktop\ISY5002-Project\datasets\raw-2026-week1\4799\20260918T055033Z_4799_0550_98cfc91faad7.jpg
4799,C:\Users\Setekh\Desktop\ISY5002-Project\datasets\raw-2026-week1\4799\20260918T060034Z_4799_0600_6b3725eee422.jpg
4799,C:\Users\Setekh\Desktop\ISY5002-Project\datasets\raw-2026-week1\4799\20260918T061034Z_4799_0610_8ca5aa39a4e6.jpg
4799,C:\Users\Setekh\Desktop\ISY5002-Project\datasets\raw-2026-week1\4799\20260918T062034Z_4799_0620_ba730e8eaf2f.jpg
4799,C:\Users\Setekh\Desktop\ISY5002-Project\datasets\raw-2026-week1\4799\20260918T063055Z_4799_0630_1a8c4f93401c.jpg
4799,C:\Users\Setekh\Desktop\ISY5002-Project\datasets\raw-2026-week1\4799\20260918T064055Z_4799_0640_4385dba7bb21.jpg
4799,C:\Users\Setekh\Desktop\ISY5002-Project\datasets\raw-2026-week1\4799\20260918T065035Z_4799_0650_30c136ed9ab1.jpg
4799,C:\Users\Setekh\Desktop\ISY5002-Project\datasets\raw-2026-week1\4799\20260918T065536Z_4799_0655_53cac4c45f6f.jpg
4799,C:\Users\Setekh\Desktop\ISY5002-Project\datasets\raw-2026-week1\4799\20260918T071056Z_4799_0710_0dbd40cba84f.jpg
4799,C:\Users\Setekh\Desktop\ISY5002-Project\datasets\raw-2026-week1\4799\20260918T072037Z_4799_0720_4b6f0f0bba4a.jpg
4799,C:\Users\Setekh\Desktop\ISY5002-Project\datasets\raw-2026-week1\4799\20260918T072537Z_4799_0725_50d0dd91ce50.jpg
4799,C:\Users\Setekh\Desktop\ISY5002-Project\datasets\raw-2026-week1\4799\20260918T074037Z_4799_0740_c894d2a10f8a.jpg
4799,C:\Users\Setekh\Desktop\ISY5002-Project\datasets\raw-2026-week1\4799\20260918T075038Z_4799_0750_d62fbe9afbf2.jpg
4799,C:\Users\Setekh\Desktop\ISY5002-Project\datasets\raw-2026-week1\4799\20260918T080018Z_4799_0800_c4527699a664.jpg
4799,C:\Users\Setekh\Desktop\ISY5002-Project\datasets\raw-2026-week1\4799\20260918T081038Z_4799_0810_6a5f9bfbe06c.jpg
4799,C:\Users\Setekh\Desktop\ISY5002-Project\datasets\raw-2026-week1\4799\20260918T082039Z_4799_0820_aba5e1f363ab.jpg
4799,C:\Users\Setekh\Desktop\ISY5002-Project\datasets\raw-2026-week1\4799\20260918T083039Z_4799_0830_c92df56188ea.jpg
4799,C:\Users\Setekh\Desktop\ISY5002-Project\datasets\raw-2026-week1\4799\20260918T083559Z_4799_0835_df6f494e8c96.jpg
4799,C:\Users\Setekh\Desktop\ISY5002-Project\datasets\raw-2026-week1\4799\20260918T085040Z_4799_0850_029b3d356a96.jpg
4799,C:\Users\Setekh\Desktop\ISY5002-Project\datasets\raw-2026-week1\4799\20260918T085540Z_4799_0855_120ae66b0ea9.jpg
4799,C:\Users\Setekh\Desktop\ISY5002-Project\datasets\raw-2026-week1\4799\20260918T091040Z_4799_0910_94fcb06b41df.jpg
4799,C:\Users\Setekh\Desktop\ISY5002-Project\datasets\raw-2026-week1\4799\20260918T091541Z_4799_0915_746c4917e6c2.jpg
4799,C:\Users\Setekh\Desktop\ISY5002-Project\datasets\raw-2026-week1\4799\20260918T093041Z_4799_0930_9d33d911afb4.jpg
4799,C:\Users\Setekh\Desktop\ISY5002-Project\datasets\raw-2026-week1\4799\20260918T094042Z_4799_0940_641554d7e8ff.jpg
4799,C:\Users\Setekh\Desktop\ISY5002-Project\datasets\raw-2026-week1\4799\20260918T095042Z_4799_0950_088ca72d8e60.jpg
4799,C:\Users\Setekh\Desktop\ISY5002-Project\datasets\raw-2026-week1\4799\20260918T100042Z_4799_1000_f97aafe17857.jpg
4799,C:\Users\Setekh\Desktop\ISY5002-Project\datasets\raw-2026-week1\4799\20260918T100522Z_4799_1005_7217df524294.jpg
4799,C:\Users\Setekh\Desktop\ISY5002-Project\datasets\raw-2026-week1\4799\20260918T101603Z_4799_1016_6b64089470ac.jpg
4799,C:\Users\Setekh\Desktop\ISY5002-Project\datasets\raw-2026-week1\4799\20260918T103043Z_4799_1030_49f155231832.jpg
4799,C:\Users\Setekh\Desktop\ISY5002-Project\datasets\raw-2026-week1\4799\20260918T103544Z_4799_1035_5c3d30f007c6.jpg
4799,C:\Users\Setekh\Desktop\ISY5002-Project\datasets\raw-2026-week1\4799\20260918T105044Z_4799_1050_f67c1d7dd347.jpg
4799,C:\Users\Setekh\Desktop\ISY5002-Project\datasets\raw-2026-week1\4799\20260918T110044Z_4799_1100_5738c9d50c7d.jpg
4799,C:\Users\Setekh\Desktop\ISY5002-Project\datasets\raw-2026-week1\4799\20260918T111045Z_4799_1110_de01d2ad3ead.jpg
4799,C:\Users\Setekh\Desktop\ISY5002-Project\datasets\raw-2026-week1\4799\20260918T112045Z_4799_1120_1f317a37c875.jpg
4799,C:\Users\Setekh\Desktop\ISY5002-Project\datasets\raw-2026-week1\4799\20260918T113026Z_4799_1130_fbf7b749e5ac.jpg
4799,C:\Users\Setekh\Desktop\ISY5002-Project\datasets\raw-2026-week1\4799\20260918T114046Z_4799_1140_f3bea714e3fe.jpg
4799,C:\Users\Setekh\Desktop\ISY5002-Project\datasets\raw-2026-week1\4799\20260918T115026Z_4799_1150_8689e1ee9cbc.jpg
4799,C:\Users\Setekh\Desktop\ISY5002-Project\datasets\raw-2026-week1\4799\20260918T120047Z_4799_1200_eca87bbdc76b.jpg
4799,C:\Users\Setekh\Desktop\ISY5002-Project\datasets\raw-2026-week1\4799\20260918T120547Z_4799_1205_151290515607.jpg
4799,C:\Users\Setekh\Desktop\ISY5002-Project\datasets\raw-2026-week1\4799\20260918T122027Z_4799_1220_0dfd33787fa0.jpg
4799,C:\Users\Setekh\Desktop\ISY5002-Project\datasets\raw-2026-week1\4799\20260918T122548Z_4799_1225_30694168343f.jpg
4799,C:\Users\Setekh\Desktop\ISY5002-Project\datasets\raw-2026-week1\4799\20260918T123608Z_4799_1236_e38ab394026e.jpg
4799,C:\Users\Setekh\Desktop\ISY5002-Project\datasets\raw-2026-week1\4799\20260918T124048Z_4799_1240_1af8aea62d20.jpg
4799,C:\Users\Setekh\Desktop\ISY5002-Project\datasets\raw-2026-week1\4799\20260918T125029Z_4799_1250_2bb82489818b.jpg
4799,C:\Users\Setekh\Desktop\ISY5002-Project\datasets\raw-2026-week1\4799\20260918T125529Z_4799_1255_ca7531b0a24f.jpg
4799,C:\Users\Setekh\Desktop\ISY5002-Project\datasets\raw-2026-week1\4799\20260918T131049Z_4799_1310_b6542d92ffe8.jpg
4799,C:\Users\Setekh\Desktop\ISY5002-Project\datasets\raw-2026-week1\4799\20260918T132050Z_4799_1320_fe2803d78e9e.jpg
4799,C:\Users\Setekh\Desktop\ISY5002-Project\datasets\raw-2026-week1\4799\20260918T132550Z_4799_1325_364553b1f60d.jpg
4799,C:\Users\Setekh\Desktop\ISY5002-Project\datasets\raw-2026-week1\4799\20260918T133550Z_4799_1335_0cb9a41686a0.jpg
4799,C:\Users\Setekh\Desktop\ISY5002-Project\datasets\raw-2026-week1\4799\20260918T134551Z_4799_1345_94c212068f5d.jpg
4799,C:\Users\Setekh\Desktop\ISY5002-Project\datasets\raw-2026-week1\4799\20260918T141051Z_4799_1410_2c8301d79b32.jpg
4799,C:\Users\Setekh\Desktop\ISY5002-Project\datasets\raw-2026-week1\4799\20260918T142052Z_4799_1420_149e876858c2.jpg
4799,C:\Users\Setekh\Desktop\ISY5002-Project\datasets\raw-2026-week1\4799\20260918T143032Z_4799_1430_0109ca3b7f17.jpg
4799,C:\Users\Setekh\Desktop\ISY5002-Project\datasets\raw-2026-week1\4799\20260918T143532Z_4799_1435_8204ff0d304a.jpg
4799,C:\Users\Setekh\Desktop\ISY5002-Project\datasets\raw-2026-week1\4799\20260918T144552Z_4799_1445_77cc417fe240.jpg
4799,C:\Users\Setekh\Desktop\ISY5002-Project\datasets\raw-2026-week1\4799\20260918T145613Z_4799_1456_02c4361f672c.jpg
4799,C:\Users\Setekh\Desktop\ISY5002-Project\datasets\raw-2026-week1\4799\20260918T150553Z_4799_1505_dcd45a8cee05.jpg
4799,C:\Users\Setekh\Desktop\ISY5002-Project\datasets\raw-2026-week1\4799\20260918T151553Z_4799_1515_2227d87efa8c.jpg
4799,C:\Users\Setekh\Desktop\ISY5002-Project\datasets\raw-2026-week1\4799\20260918T152554Z_4799_1525_cde96da9422a.jpg
4799,C:\Users\Setekh\Desktop\ISY5002-Project\datasets\raw-2026-week1\4799\20260918T154034Z_4799_1540_0aca507da26f.jpg
4799,C:\Users\Setekh\Desktop\ISY5002-Project\datasets\raw-2026-week1\4799\20260918T155035Z_4799_1550_fca6a17d7dc5.jpg
4799,C:\Users\Setekh\Desktop\ISY5002-Project\datasets\raw-2026-week1\4799\20260918T155615Z_4799_1556_d0df97e8c546.jpg
4799,C:\Users\Setekh\Desktop\ISY5002-Project\datasets\raw-2026-week1\4799\20260918T161055Z_4799_1610_357535fa730c.jpg
4799,C:\Users\Setekh\Desktop\ISY5002-Project\datasets\raw-2026-week1\4799\20260918T161555Z_4799_1615_024a1ed85edd.jpg
4799,C:\Users\Setekh\Desktop\ISY5002-Project\datasets\raw-2026-week1\4799\20260918T162536Z_4799_1625_7af7c3041b10.jpg
4799,C:\Users\Setekh\Desktop\ISY5002-Project\datasets\raw-2026-week1\4799\20260918T164036Z_4799_1640_2590ef97916a.jpg
4799,C:\Users\Setekh\Desktop\ISY5002-Project\datasets\raw-2026-week1\4799\20260918T165036Z_4799_1650_a6de9ff8e1cf.jpg
4799,C:\Users\Setekh\Desktop\ISY5002-Project\datasets\raw-2026-week1\4799\20260918T170037Z_4799_1700_cf9f1bf7500b.jpg
4799,C:\Users\Setekh\Desktop\ISY5002-Project\datasets\raw-2026-week1\4799\20260918T171037Z_4799_1710_cef38a742266.jpg
4799,C:\Users\Setekh\Desktop\ISY5002-Project\datasets\raw-2026-week1\4799\20260918T172037Z_4799_1720_b308c8b322ad.jpg
4799,C:\Users\Setekh\Desktop\ISY5002-Project\datasets\raw-2026-week1\4799\20260918T173038Z_4799_1730_7f1944a9f150.jpg
4799,C:\Users\Setekh\Desktop\ISY5002-Project\datasets\raw-2026-week1\4799\20260918T174038Z_4799_1740_7eb33ec19923.jpg
4799,C:\Users\Setekh\Desktop\ISY5002-Project\datasets\raw-2026-week1\4799\20260918T175038Z_4799_1750_1a6fe59219ce.jpg
4799,C:\Users\Setekh\Desktop\ISY5002-Project\datasets\raw-2026-week1\4799\20260918T180039Z_4799_1800_bee06aa905c3.jpg
4799,C:\Users\Setekh\Desktop\ISY5002-Project\datasets\raw-2026-week1\4799\20260918T181039Z_4799_1810_ede3aee98e31.jpg
4799,C:\Users\Setekh\Desktop\ISY5002-Project\datasets\raw-2026-week1\4799\20260918T182040Z_4799_1820_4dde47c0f590.jpg
4799,C:\Users\Setekh\Desktop\ISY5002-Project\datasets\raw-2026-week1\4799\20260918T182600Z_4799_1826_6c5a2b976a89.jpg
4799,C:\Users\Setekh\Desktop\ISY5002-Project\datasets\raw-2026-week1\4799\20260918T184040Z_4799_1840_6c92b2c58cbe.jpg
4799,C:\Users\Setekh\Desktop\ISY5002-Project\datasets\raw-2026-week1\4799\20260918T185041Z_4799_1850_9ccadf9356a8.jpg
4799,C:\Users\Setekh\Desktop\ISY5002-Project\datasets\raw-2026-week1\4799\20260918T190041Z_4799_1900_62468a8d58c5.jpg
4799,C:\Users\Setekh\Desktop\ISY5002-Project\datasets\raw-2026-week1\4799\20260918T191042Z_4799_1910_328b32442895.jpg
4799,C:\Users\Setekh\Desktop\ISY5002-Project\datasets\raw-2026-week1\4799\20260918T192042Z_4799_1920_b394565637e0.jpg
4799,C:\Users\Setekh\Desktop\ISY5002-Project\datasets\raw-2026-week1\4799\20260918T193042Z_4799_1930_061eaebf474f.jpg
4799,C:\Users\Setekh\Desktop\ISY5002-Project\datasets\raw-2026-week1\4799\20260918T194043Z_4799_1940_6d99b29f70f6.jpg
4799,C:\Users\Setekh\Desktop\ISY5002-Project\datasets\raw-2026-week1\4799\20260918T194543Z_4799_1945_3cb861abb1a3.jpg
4799,C:\Users\Setekh\Desktop\ISY5002-Project\datasets\raw-2026-week1\4799\20260918T200043Z_4799_2000_1184b164593d.jpg
4799,C:\Users\Setekh\Desktop\ISY5002-Project\datasets\raw-2026-week1\4799\20260918T201044Z_4799_2010_bf42a2e093ed.jpg
4799,C:\Users\Setekh\Desktop\ISY5002-Project\datasets\raw-2026-week1\4799\20260918T202044Z_4799_2020_be9923c9f2ed.jpg
4799,C:\Users\Setekh\Desktop\ISY5002-Project\datasets\raw-2026-week1\4799\20260918T203044Z_4799_2030_c59e0e666e76.jpg
4799,C:\Users\Setekh\Desktop\ISY5002-Project\datasets\raw-2026-week1\4799\20260918T204045Z_4799_2040_1e1bb0bcbeb9.jpg
4799,C:\Users\Setekh\Desktop\ISY5002-Project\datasets\raw-2026-week1\4799\20260918T205045Z_4799_2050_107c64ebb47a.jpg
4799,C:\Users\Setekh\Desktop\ISY5002-Project\datasets\raw-2026-week1\4799\20260918T205605Z_4799_2056_e802dca246b0.jpg
4799,C:\Users\Setekh\Desktop\ISY5002-Project\datasets\raw-2026-week1\4799\20260918T211046Z_4799_2110_bf1b8e88f2a8.jpg
4799,C:\Users\Setekh\Desktop\ISY5002-Project\datasets\raw-2026-week1\4799\20260918T212046Z_4799_2120_d986e3df232b.jpg
4799,C:\Users\Setekh\Desktop\ISY5002-Project\datasets\raw-2026-week1\4799\20260918T213047Z_4799_2130_1cb93e782021.jpg
4799,C:\Users\Setekh\Desktop\ISY5002-Project\datasets\raw-2026-week1\4799\20260918T213607Z_4799_2136_83dc9293ca46.jpg
4799,C:\Users\Setekh\Desktop\ISY5002-Project\datasets\raw-2026-week1\4799\20260918T215107Z_4799_2151_499d1b8bdc1e.jpg
4799,C:\Users\Setekh\Desktop\ISY5002-Project\datasets\raw-2026-week1\4799\20260918T215607Z_4799_2156_b94683f692cc.jpg
4799,C:\Users\Setekh\Desktop\ISY5002-Project\datasets\raw-2026-week1\4799\20260918T221048Z_4799_2210_20f8e67528eb.jpg
4799,C:\Users\Setekh\Desktop\ISY5002-Project\datasets\raw-2026-week1\4799\20260918T221608Z_4799_2216_15c173e1f392.jpg
4799,C:\Users\Setekh\Desktop\ISY5002-Project\datasets\raw-2026-week1\4799\20260918T222549Z_4799_2225_f9e68116880b.jpg
4799,C:\Users\Setekh\Desktop\ISY5002-Project\datasets\raw-2026-week1\4799\20260918T223609Z_4799_2236_9df64406b426.jpg
4799,C:\Users\Setekh\Desktop\ISY5002-Project\datasets\raw-2026-week1\4799\20260918T225049Z_4799_2250_1ae3ec02dfc0.jpg
4799,C:\Users\Setekh\Desktop\ISY5002-Project\datasets\raw-2026-week1\4799\20260918T230030Z_4799_2300_6b6571c0b755.jpg
4799,C:\Users\Setekh\Desktop\ISY5002-Project\datasets\raw-2026-week1\4799\20260918T231030Z_4799_2310_619137050e9c.jpg
4799,C:\Users\Setekh\Desktop\ISY5002-Project\datasets\raw-2026-week1\4799\20260918T232051Z_4799_2320_d7da3c8047d9.jpg
4799,C:\Users\Setekh\Desktop\ISY5002-Project\datasets\raw-2026-week1\4799\20260918T233031Z_4799_2330_146fedad10bb.jpg
4799,C:\Users\Setekh\Desktop\ISY5002-Project\datasets\raw-2026-week1\4799\20260918T234051Z_4799_2340_ea9e41558c70.jpg
4799,C:\Users\Setekh\Desktop\ISY5002-Project\datasets\raw-2026-week1\4799\20260918T235052Z_4799_2350_020bb6f953e8.jpg
4799,C:\Users\Setekh\Desktop\ISY5002-Project\datasets\raw-2026-week1\4799\20260919T000052Z_4799_0000_2a0d0a4b3980.jpg
4799,C:\Users\Setekh\Desktop\ISY5002-Project\datasets\raw-2026-week1\4799\20260919T001052Z_4799_0010_1368448aacd4.jpg
4799,C:\Users\Setekh\Desktop\ISY5002-Project\datasets\raw-2026-week1\4799\20260919T002033Z_4799_0020_fa9103773787.jpg
4799,C:\Users\Setekh\Desktop\ISY5002-Project\datasets\raw-2026-week1\4799\20260919T003033Z_4799_0030_54fe89e1576b.jpg
4799,C:\Users\Setekh\Desktop\ISY5002-Project\datasets\raw-2026-week1\4799\20260919T004054Z_4799_0040_71380bba9196.jpg
4799,C:\Users\Setekh\Desktop\ISY5002-Project\datasets\raw-2026-week1\4799\20260919T004554Z_4799_0045_fb8869646a50.jpg
4799,C:\Users\Setekh\Desktop\ISY5002-Project\datasets\raw-2026-week1\4799\20260919T010054Z_4799_0100_e38c231ffaaf.jpg
4799,C:\Users\Setekh\Desktop\ISY5002-Project\datasets\raw-2026-week1\4799\20260919T010614Z_4799_0106_ef158d4afa6d.jpg
4799,C:\Users\Setekh\Desktop\ISY5002-Project\datasets\raw-2026-week1\4799\20260919T011555Z_4799_0115_657628fd7f3e.jpg
4799,C:\Users\Setekh\Desktop\ISY5002-Project\datasets\raw-2026-week1\4799\20260919T012555Z_4799_0125_5102055f5075.jpg
4799,C:\Users\Setekh\Desktop\ISY5002-Project\datasets\raw-2026-week1\4799\20260919T014036Z_4799_0140_e9fda71f0ef8.jpg
4799,C:\Users\Setekh\Desktop\ISY5002-Project\datasets\raw-2026-week1\4799\20260919T015056Z_4799_0150_cc85ae18e9a4.jpg
4799,C:\Users\Setekh\Desktop\ISY5002-Project\datasets\raw-2026-week1\4799\20260919T020036Z_4799_0200_175206ad593f.jpg
4799,C:\Users\Setekh\Desktop\ISY5002-Project\datasets\raw-2026-week1\4799\20260919T020617Z_4799_0206_ca5a3392458d.jpg
4799,C:\Users\Setekh\Desktop\ISY5002-Project\datasets\raw-2026-week1\4799\20260919T021557Z_4799_0215_3a02ba2bb011.jpg
4799,C:\Users\Setekh\Desktop\ISY5002-Project\datasets\raw-2026-week1\4799\20260919T022557Z_4799_0225_eed3ab91f427.jpg
4799,C:\Users\Setekh\Desktop\ISY5002-Project\datasets\raw-2026-week1\4799\20260919T023538Z_4799_0235_e005dbc3d9b9.jpg
4799,C:\Users\Setekh\Desktop\ISY5002-Project\datasets\raw-2026-week1\4799\20260919T025038Z_4799_0250_97203ed338c6.jpg
4799,C:\Users\Setekh\Desktop\ISY5002-Project\datasets\raw-2026-week1\4799\20260919T025559Z_4799_0255_61f58d5e59fd.jpg
4799,C:\Users\Setekh\Desktop\ISY5002-Project\datasets\raw-2026-week1\4799\20260919T030539Z_4799_0305_ab2318f0233d.jpg
4799,C:\Users\Setekh\Desktop\ISY5002-Project\datasets\raw-2026-week1\4799\20260919T031539Z_4799_0315_29cd436e28af.jpg
4799,C:\Users\Setekh\Desktop\ISY5002-Project\datasets\raw-2026-week1\4799\20260919T033040Z_4799_0330_3ab87dc4f021.jpg
4799,C:\Users\Setekh\Desktop\ISY5002-Project\datasets\raw-2026-week1\4799\20260919T033600Z_4799_0336_5039a8c9c829.jpg
4799,C:\Users\Setekh\Desktop\ISY5002-Project\datasets\raw-2026-week1\4799\20260919T035041Z_4799_0350_39dd81e17cd7.jpg
4799,C:\Users\Setekh\Desktop\ISY5002-Project\datasets\raw-2026-week1\4799\20260919T035541Z_4799_0355_7dd19ed25dc6.jpg
4799,C:\Users\Setekh\Desktop\ISY5002-Project\datasets\raw-2026-week1\4799\20260919T040521Z_4799_0405_c634d4f0c77b.jpg
4799,C:\Users\Setekh\Desktop\ISY5002-Project\datasets\raw-2026-week1\4799\20260919T042042Z_4799_0420_1985f2a3843b.jpg
4799,C:\Users\Setekh\Desktop\ISY5002-Project\datasets\raw-2026-week1\4799\20260919T042602Z_4799_0426_75bb2aaa5735.jpg
4799,C:\Users\Setekh\Desktop\ISY5002-Project\datasets\raw-2026-week1\4799\20260919T043602Z_4799_0436_1b6221405b41.jpg
4799,C:\Users\Setekh\Desktop\ISY5002-Project\datasets\raw-2026-week1\4799\20260919T044543Z_4799_0445_0949700b1cc2.jpg
4799,C:\Users\Setekh\Desktop\ISY5002-Project\datasets\raw-2026-week1\4799\20260919T045543Z_4799_0455_035d87c63481.jpg
4799,C:\Users\Setekh\Desktop\ISY5002-Project\datasets\raw-2026-week1\4799\20260919T050543Z_4799_0505_ece823331a91.jpg
4799,C:\Users\Setekh\Desktop\ISY5002-Project\datasets\raw-2026-week1\4799\20260919T052044Z_4799_0520_9ff9826d8031.jpg
4799,C:\Users\Setekh\Desktop\ISY5002-Project\datasets\raw-2026-week1\4799\20260919T053044Z_4799_0530_1d22e0e0f03d.jpg
4799,C:\Users\Setekh\Desktop\ISY5002-Project\datasets\raw-2026-week1\4799\20260919T054045Z_4799_0540_68bf696f81db.jpg
4799,C:\Users\Setekh\Desktop\ISY5002-Project\datasets\raw-2026-week1\4799\20260919T054545Z_4799_0545_86c714066358.jpg
4799,C:\Users\Setekh\Desktop\ISY5002-Project\datasets\raw-2026-week1\4799\20260919T055545Z_4799_0555_2922caced5c3.jpg
4799,C:\Users\Setekh\Desktop\ISY5002-Project\datasets\raw-2026-week1\4799\20260919T061046Z_4799_0610_3fd7f8c7b342.jpg
4799,C:\Users\Setekh\Desktop\ISY5002-Project\datasets\raw-2026-week1\4799\20260919T062046Z_4799_0620_67c99ae05e2e.jpg
4799,C:\Users\Setekh\Desktop\ISY5002-Project\datasets\raw-2026-week1\4799\20260919T062546Z_4799_0625_0a11dbd9f376.jpg
4799,C:\Users\Setekh\Desktop\ISY5002-Project\datasets\raw-2026-week1\4799\20260919T063527Z_4799_0635_5ab702f03ce4.jpg
4799,C:\Users\Setekh\Desktop\ISY5002-Project\datasets\raw-2026-week1\4799\20260919T065047Z_4799_0650_0c6f1e853df3.jpg
4799,C:\Users\Setekh\Desktop\ISY5002-Project\datasets\raw-2026-week1\4799\20260919T070048Z_4799_0700_2e6646109eef.jpg
4799,C:\Users\Setekh\Desktop\ISY5002-Project\datasets\raw-2026-week1\4799\20260919T071048Z_4799_0710_851517c99bf0.jpg
4799,C:\Users\Setekh\Desktop\ISY5002-Project\datasets\raw-2026-week1\4799\20260919T072048Z_4799_0720_587daa730895.jpg
4799,C:\Users\Setekh\Desktop\ISY5002-Project\datasets\raw-2026-week1\4799\20260919T073029Z_4799_0730_5183f8ca6c42.jpg
4799,C:\Users\Setekh\Desktop\ISY5002-Project\datasets\raw-2026-week1\4799\20260919T074049Z_4799_0740_2251b924d1a7.jpg
4799,C:\Users\Setekh\Desktop\ISY5002-Project\datasets\raw-2026-week1\4799\20260919T075049Z_4799_0750_a2abcb2cdcf6.jpg
4799,C:\Users\Setekh\Desktop\ISY5002-Project\datasets\raw-2026-week1\4799\20260919T080030Z_4799_0800_f01864dbf79c.jpg
4799,C:\Users\Setekh\Desktop\ISY5002-Project\datasets\raw-2026-week1\4799\20260919T080530Z_4799_0805_a610aee56573.jpg
4799,C:\Users\Setekh\Desktop\ISY5002-Project\datasets\raw-2026-week1\4799\20260919T081550Z_4799_0815_a542438f8118.jpg
4799,C:\Users\Setekh\Desktop\ISY5002-Project\datasets\raw-2026-week1\4799\20260919T083031Z_4799_0830_28b67e07797c.jpg
4799,C:\Users\Setekh\Desktop\ISY5002-Project\datasets\raw-2026-week1\4799\20260919T084051Z_4799_0840_6b1bc591d846.jpg
4799,C:\Users\Setekh\Desktop\ISY5002-Project\datasets\raw-2026-week1\4799\20260919T085032Z_4799_0850_3d655b0b58e6.jpg
4799,C:\Users\Setekh\Desktop\ISY5002-Project\datasets\raw-2026-week1\4799\20260919T090032Z_4799_0900_1915aff26e2b.jpg
4799,C:\Users\Setekh\Desktop\ISY5002-Project\datasets\raw-2026-week1\4799\20260919T091052Z_4799_0910_cdaa7f707713.jpg
4799,C:\Users\Setekh\Desktop\ISY5002-Project\datasets\raw-2026-week1\4799\20260919T092033Z_4799_0920_8e7c9a1c4d5e.jpg
4799,C:\Users\Setekh\Desktop\ISY5002-Project\datasets\raw-2026-week1\4799\20260919T093033Z_4799_0930_9816e17d24f2.jpg
4799,C:\Users\Setekh\Desktop\ISY5002-Project\datasets\raw-2026-week1\4799\20260919T093553Z_4799_0935_54491d6eca18.jpg
4799,C:\Users\Setekh\Desktop\ISY5002-Project\datasets\raw-2026-week1\4799\20260919T095054Z_4799_0950_e398d7742859.jpg
4799,C:\Users\Setekh\Desktop\ISY5002-Project\datasets\raw-2026-week1\4799\20260919T100054Z_4799_1000_1069843cc723.jpg
4799,C:\Users\Setekh\Desktop\ISY5002-Project\datasets\raw-2026-week1\4799\20260919T101035Z_4799_1010_7761e5d03bcb.jpg
4799,C:\Users\Setekh\Desktop\ISY5002-Project\datasets\raw-2026-week1\4799\20260919T102035Z_4799_1020_c5a913bc1262.jpg
4799,C:\Users\Setekh\Desktop\ISY5002-Project\datasets\raw-2026-week1\4799\20260919T103035Z_4799_1030_fcea5e4f9e80.jpg
4799,C:\Users\Setekh\Desktop\ISY5002-Project\datasets\raw-2026-week1\4799\20260919T104036Z_4799_1040_b90b07bd5fcb.jpg
4799,C:\Users\Setekh\Desktop\ISY5002-Project\datasets\raw-2026-week1\4799\20260919T105056Z_4799_1050_f5ae1e3bb6e7.jpg
4799,C:\Users\Setekh\Desktop\ISY5002-Project\datasets\raw-2026-week1\4799\20260919T110036Z_4799_1100_d69af372a3bc.jpg
4799,C:\Users\Setekh\Desktop\ISY5002-Project\datasets\raw-2026-week1\4799\20260919T110557Z_4799_1105_b12ac47b98a1.jpg
4799,C:\Users\Setekh\Desktop\ISY5002-Project\datasets\raw-2026-week1\4799\20260919T111537Z_4799_1115_cfa415486ea9.jpg
4799,C:\Users\Setekh\Desktop\ISY5002-Project\datasets\raw-2026-week1\4799\20260919T112117Z_4799_1121_c9a6c1922fd9.jpg
4799,C:\Users\Setekh\Desktop\ISY5002-Project\datasets\raw-2026-week1\4799\20260919T113038Z_4799_1130_83aee1ae8e70.jpg
4799,C:\Users\Setekh\Desktop\ISY5002-Project\datasets\raw-2026-week1\4799\20260919T113538Z_4799_1135_7381fc7bb083.jpg
4799,C:\Users\Setekh\Desktop\ISY5002-Project\datasets\raw-2026-week1\4799\20260919T115038Z_4799_1150_1a85cfae671a.jpg
4799,C:\Users\Setekh\Desktop\ISY5002-Project\datasets\raw-2026-week1\4799\20260919T115619Z_4799_1156_2b17d63b20a8.jpg
4799,C:\Users\Setekh\Desktop\ISY5002-Project\datasets\raw-2026-week1\4799\20260919T120559Z_4799_1205_ba4311748fae.jpg
4799,C:\Users\Setekh\Desktop\ISY5002-Project\datasets\raw-2026-week1\4799\20260919T121559Z_4799_1215_f56b7283379b.jpg
4799,C:\Users\Setekh\Desktop\ISY5002-Project\datasets\raw-2026-week1\4799\20260919T123040Z_4799_1230_ed67905446f1.jpg
4799,C:\Users\Setekh\Desktop\ISY5002-Project\datasets\raw-2026-week1\4799\20260919T124040Z_4799_1240_ce2ffd318ede.jpg
4799,C:\Users\Setekh\Desktop\ISY5002-Project\datasets\raw-2026-week1\4799\20260919T124541Z_4799_1245_de75d498e385.jpg
4799,C:\Users\Setekh\Desktop\ISY5002-Project\datasets\raw-2026-week1\4799\20260919T130041Z_4799_1300_3aa1efda7e9e.jpg
4799,C:\Users\Setekh\Desktop\ISY5002-Project\datasets\raw-2026-week1\4799\20260919T131041Z_4799_1310_ed3eda436ddd.jpg
4799,C:\Users\Setekh\Desktop\ISY5002-Project\datasets\raw-2026-week1\4799\20260919T131542Z_4799_1315_f7f317d8b4ba.jpg
4799,C:\Users\Setekh\Desktop\ISY5002-Project\datasets\raw-2026-week1\4799\20260919T133042Z_4799_1330_d15b91b974a2.jpg
4799,C:\Users\Setekh\Desktop\ISY5002-Project\datasets\raw-2026-week1\4799\20260919T133542Z_4799_1335_2a7f3a7d3002.jpg
4799,C:\Users\Setekh\Desktop\ISY5002-Project\datasets\raw-2026-week1\4799\20260919T135043Z_4799_1350_a459cdd3842c.jpg
4799,C:\Users\Setekh\Desktop\ISY5002-Project\datasets\raw-2026-week1\4799\20260919T135603Z_4799_1356_e9729225b19c.jpg
4799,C:\Users\Setekh\Desktop\ISY5002-Project\datasets\raw-2026-week1\4799\20260919T141043Z_4799_1410_16869a1df188.jpg
4799,C:\Users\Setekh\Desktop\ISY5002-Project\datasets\raw-2026-week1\4799\20260919T142024Z_4799_1420_8940fb41c256.jpg
4799,C:\Users\Setekh\Desktop\ISY5002-Project\datasets\raw-2026-week1\4799\20260919T142524Z_4799_1425_a127455e4e5b.jpg
4799,C:\Users\Setekh\Desktop\ISY5002-Project\datasets\raw-2026-week1\4799\20260919T144045Z_4799_1440_32f1c3402c76.jpg
4799,C:\Users\Setekh\Desktop\ISY5002-Project\datasets\raw-2026-week1\4799\20260919T145045Z_4799_1450_caa23a653453.jpg
4799,C:\Users\Setekh\Desktop\ISY5002-Project\datasets\raw-2026-week1\4799\20260919T145605Z_4799_1456_8049292112d3.jpg
4799,C:\Users\Setekh\Desktop\ISY5002-Project\datasets\raw-2026-week1\4799\20260919T151026Z_4799_1510_107bd1ebb00d.jpg
4799,C:\Users\Setekh\Desktop\ISY5002-Project\datasets\raw-2026-week1\4799\20260919T152046Z_4799_1520_5b1abfa2a999.jpg
4799,C:\Users\Setekh\Desktop\ISY5002-Project\datasets\raw-2026-week1\4799\20260919T153046Z_4799_1530_afcaa29c2801.jpg
4799,C:\Users\Setekh\Desktop\ISY5002-Project\datasets\raw-2026-week1\4799\20260919T154027Z_4799_1540_cd30dff6a449.jpg
4799,C:\Users\Setekh\Desktop\ISY5002-Project\datasets\raw-2026-week1\4799\20260919T155047Z_4799_1550_bb03e1011586.jpg
4799,C:\Users\Setekh\Desktop\ISY5002-Project\datasets\raw-2026-week1\4799\20260919T160028Z_4799_1600_031cbe073bed.jpg
4799,C:\Users\Setekh\Desktop\ISY5002-Project\datasets\raw-2026-week1\4799\20260919T161028Z_4799_1610_af36b5ed7a8f.jpg
4799,C:\Users\Setekh\Desktop\ISY5002-Project\datasets\raw-2026-week1\4799\20260919T162028Z_4799_1620_fd4d48b65d73.jpg
4799,C:\Users\Setekh\Desktop\ISY5002-Project\datasets\raw-2026-week1\4799\20260919T162548Z_4799_1625_648bdfabb67c.jpg
4799,C:\Users\Setekh\Desktop\ISY5002-Project\datasets\raw-2026-week1\4799\20260919T164049Z_4799_1640_ed5f1d6ef177.jpg
4799,C:\Users\Setekh\Desktop\ISY5002-Project\datasets\raw-2026-week1\4799\20260919T165029Z_4799_1650_f8da2ce01850.jpg
4799,C:\Users\Setekh\Desktop\ISY5002-Project\datasets\raw-2026-week1\4799\20260919T170030Z_4799_1700_8f07cbbab311.jpg
4799,C:\Users\Setekh\Desktop\ISY5002-Project\datasets\raw-2026-week1\4799\20260919T173051Z_4799_1730_9201dec347b5.jpg
4799,C:\Users\Setekh\Desktop\ISY5002-Project\datasets\raw-2026-week1\4799\20260919T174031Z_4799_1740_58387ad42953.jpg
4799,C:\Users\Setekh\Desktop\ISY5002-Project\datasets\raw-2026-week1\4799\20260919T174532Z_4799_1745_74ebebe21063.jpg
4799,C:\Users\Setekh\Desktop\ISY5002-Project\datasets\raw-2026-week1\4799\20260919T180032Z_4799_1800_8e51824c6f64.jpg
4799,C:\Users\Setekh\Desktop\ISY5002-Project\datasets\raw-2026-week1\4799\20260919T181032Z_4799_1810_60c7e78e4cbf.jpg
4799,C:\Users\Setekh\Desktop\ISY5002-Project\datasets\raw-2026-week1\4799\20260919T182033Z_4799_1820_0a7d068e54f3.jpg
4799,C:\Users\Setekh\Desktop\ISY5002-Project\datasets\raw-2026-week1\4799\20260919T183033Z_4799_1830_2869201c1626.jpg
4799,C:\Users\Setekh\Desktop\ISY5002-Project\datasets\raw-2026-week1\4799\20260919T184034Z_4799_1840_02af6b94c972.jpg
4799,C:\Users\Setekh\Desktop\ISY5002-Project\datasets\raw-2026-week1\4799\20260919T192035Z_4799_1920_3efed2ded6d0.jpg
4799,C:\Users\Setekh\Desktop\ISY5002-Project\datasets\raw-2026-week1\4799\20260919T193035Z_4799_1930_3a1fac76635e.jpg
4799,C:\Users\Setekh\Desktop\ISY5002-Project\datasets\raw-2026-week1\4799\20260919T195036Z_4799_1950_4549d036e53a.jpg
4799,C:\Users\Setekh\Desktop\ISY5002-Project\datasets\raw-2026-week1\4799\20260919T200057Z_4799_2000_8258f78029cb.jpg
4799,C:\Users\Setekh\Desktop\ISY5002-Project\datasets\raw-2026-week1\4799\20260919T200557Z_4799_2005_e1b68eb192f4.jpg
4799,C:\Users\Setekh\Desktop\ISY5002-Project\datasets\raw-2026-week1\4799\20260919T201537Z_4799_2015_43a09a722fd7.jpg
4799,C:\Users\Setekh\Desktop\ISY5002-Project\datasets\raw-2026-week1\4799\20260919T203038Z_4799_2030_053999369b02.jpg
4799,C:\Users\Setekh\Desktop\ISY5002-Project\datasets\raw-2026-week1\4799\20260919T204038Z_4799_2040_71720e50951f.jpg
4799,C:\Users\Setekh\Desktop\ISY5002-Project\datasets\raw-2026-week1\4799\20260919T205038Z_4799_2050_3048e3fabcef.jpg
4799,C:\Users\Setekh\Desktop\ISY5002-Project\datasets\raw-2026-week1\4799\20260919T205539Z_4799_2055_c3135fcf2177.jpg
4799,C:\Users\Setekh\Desktop\ISY5002-Project\datasets\raw-2026-week1\4799\20260919T211039Z_4799_2110_e83a636a6443.jpg
4799,C:\Users\Setekh\Desktop\ISY5002-Project\datasets\raw-2026-week1\4799\20260919T211539Z_4799_2115_235681281b5e.jpg
4799,C:\Users\Setekh\Desktop\ISY5002-Project\datasets\raw-2026-week1\4799\20260919T213040Z_4799_2130_7018271be887.jpg
4799,C:\Users\Setekh\Desktop\ISY5002-Project\datasets\raw-2026-week1\4799\20260919T214040Z_4799_2140_31db5ce58fc9.jpg
4799,C:\Users\Setekh\Desktop\ISY5002-Project\datasets\raw-2026-week1\4799\20260919T215041Z_4799_2150_a379403c86d4.jpg
4799,C:\Users\Setekh\Desktop\ISY5002-Project\datasets\raw-2026-week1\4799\20260919T220041Z_4799_2200_8dd8262bf9ea.jpg
4799,C:\Users\Setekh\Desktop\ISY5002-Project\datasets\raw-2026-week1\4799\20260919T220601Z_4799_2206_c80eed83ef91.jpg
4799,C:\Users\Setekh\Desktop\ISY5002-Project\datasets\raw-2026-week1\4799\20260919T222042Z_4799_2220_cadc133f9394.jpg
4799,C:\Users\Setekh\Desktop\ISY5002-Project\datasets\raw-2026-week1\4799\20260919T222542Z_4799_2225_9b303ce4741d.jpg
4799,C:\Users\Setekh\Desktop\ISY5002-Project\datasets\raw-2026-week1\4799\20260919T224043Z_4799_2240_58b62cc972d4.jpg
4799,C:\Users\Setekh\Desktop\ISY5002-Project\datasets\raw-2026-week1\4799\20260919T225043Z_4799_2250_dcf6263f5df0.jpg
4799,C:\Users\Setekh\Desktop\ISY5002-Project\datasets\raw-2026-week1\4799\20260919T231044Z_4799_2310_cd3a5325c992.jpg
4799,C:\Users\Setekh\Desktop\ISY5002-Project\datasets\raw-2026-week1\4799\20260919T231544Z_4799_2315_2c321c2e2073.jpg
4799,C:\Users\Setekh\Desktop\ISY5002-Project\datasets\raw-2026-week1\4799\20260919T233024Z_4799_2330_72d8f076fb21.jpg
4799,C:\Users\Setekh\Desktop\ISY5002-Project\datasets\raw-2026-week1\4799\20260919T234045Z_4799_2340_4b0081871480.jpg
4799,C:\Users\Setekh\Desktop\ISY5002-Project\datasets\raw-2026-week1\4799\20260919T235045Z_4799_2350_c8530eb05274.jpg
4799,C:\Users\Setekh\Desktop\ISY5002-Project\datasets\raw-2026-week1\4799\20260920T000046Z_4799_0000_5379830ad07b.jpg
4799,C:\Users\Setekh\Desktop\ISY5002-Project\datasets\raw-2026-week1\4799\20260920T001046Z_4799_0010_4786157c2c5e.jpg
4799,C:\Users\Setekh\Desktop\ISY5002-Project\datasets\raw-2026-week1\4799\20260920T002046Z_4799_0020_90668a268dcd.jpg
4799,C:\Users\Setekh\Desktop\ISY5002-Project\datasets\raw-2026-week1\4799\20260920T003027Z_4799_0030_9fc0256c50a8.jpg
4799,C:\Users\Setekh\Desktop\ISY5002-Project\datasets\raw-2026-week1\4799\20260920T004027Z_4799_0040_8581bfefacd8.jpg
4799,C:\Users\Setekh\Desktop\ISY5002-Project\datasets\raw-2026-week1\4799\20260920T011548Z_4799_0115_50803bd604e0.jpg
4799,C:\Users\Setekh\Desktop\ISY5002-Project\datasets\raw-2026-week1\4799\20260920T013029Z_4799_0130_a1a28987fae3.jpg
4799,C:\Users\Setekh\Desktop\ISY5002-Project\datasets\raw-2026-week1\4799\20260920T014049Z_4799_0140_1a9e6e71dec0.jpg
4799,C:\Users\Setekh\Desktop\ISY5002-Project\datasets\raw-2026-week1\4799\20260920T015030Z_4799_0150_7969987974e2.jpg
4799,C:\Users\Setekh\Desktop\ISY5002-Project\datasets\raw-2026-week1\4799\20260920T020030Z_4799_0200_96f5ca628864.jpg
4799,C:\Users\Setekh\Desktop\ISY5002-Project\datasets\raw-2026-week1\4799\20260920T021051Z_4799_0210_2bb996961e7b.jpg
4799,C:\Users\Setekh\Desktop\ISY5002-Project\datasets\raw-2026-week1\4799\20260920T021531Z_4799_0215_16428ecec792.jpg
4799,C:\Users\Setekh\Desktop\ISY5002-Project\datasets\raw-2026-week1\4799\20260920T023031Z_4799_0230_4489ece484e3.jpg
4799,C:\Users\Setekh\Desktop\ISY5002-Project\datasets\raw-2026-week1\4799\20260920T024031Z_4799_0240_6aee95627f76.jpg
4799,C:\Users\Setekh\Desktop\ISY5002-Project\datasets\raw-2026-week1\4799\20260920T025032Z_4799_0250_b6afdcc8a0bc.jpg
4799,C:\Users\Setekh\Desktop\ISY5002-Project\datasets\raw-2026-week1\4799\20260920T030052Z_4799_0300_7ab35b7907e4.jpg
4799,C:\Users\Setekh\Desktop\ISY5002-Project\datasets\raw-2026-week1\4799\20260920T031033Z_4799_0310_9f90329edca1.jpg
4799,C:\Users\Setekh\Desktop\ISY5002-Project\datasets\raw-2026-week1\4799\20260920T032033Z_4799_0320_391f15a8b1e6.jpg
4799,C:\Users\Setekh\Desktop\ISY5002-Project\datasets\raw-2026-week1\4799\20260920T033033Z_4799_0330_a3d136c18eca.jpg
4799,C:\Users\Setekh\Desktop\ISY5002-Project\datasets\raw-2026-week1\4799\20260920T034054Z_4799_0340_68c34c598ac8.jpg
4799,C:\Users\Setekh\Desktop\ISY5002-Project\datasets\raw-2026-week1\4799\20260920T035034Z_4799_0350_bf3b62e5d123.jpg
4799,C:\Users\Setekh\Desktop\ISY5002-Project\datasets\raw-2026-week1\4799\20260920T040034Z_4799_0400_29110274ccdc.jpg
4799,C:\Users\Setekh\Desktop\ISY5002-Project\datasets\raw-2026-week1\4799\20260920T041055Z_4799_0410_304fa4ed231c.jpg
4799,C:\Users\Setekh\Desktop\ISY5002-Project\datasets\raw-2026-week1\4799\20260920T042035Z_4799_0420_1709a8248a64.jpg
4799,C:\Users\Setekh\Desktop\ISY5002-Project\datasets\raw-2026-week1\4799\20260920T043036Z_4799_0430_17d5d779d68f.jpg
4799,C:\Users\Setekh\Desktop\ISY5002-Project\datasets\raw-2026-week1\4799\20260920T043556Z_4799_0435_6e959dcff8fb.jpg
4799,C:\Users\Setekh\Desktop\ISY5002-Project\datasets\raw-2026-week1\4799\20260920T045036Z_4799_0450_82ed020ddc60.jpg
4799,C:\Users\Setekh\Desktop\ISY5002-Project\datasets\raw-2026-week1\4799\20260920T045536Z_4799_0455_54057e5c7c96.jpg
4799,C:\Users\Setekh\Desktop\ISY5002-Project\datasets\raw-2026-week1\4799\20260920T050557Z_4799_0505_88ffec6451a1.jpg
4799,C:\Users\Setekh\Desktop\ISY5002-Project\datasets\raw-2026-week1\4799\20260920T052037Z_4799_0520_b85edffb5a99.jpg
4799,C:\Users\Setekh\Desktop\ISY5002-Project\datasets\raw-2026-week1\4799\20260920T053038Z_4799_0530_9e1d933b14ba.jpg
4799,C:\Users\Setekh\Desktop\ISY5002-Project\datasets\raw-2026-week1\4799\20260920T053558Z_4799_0535_0ec4a0c83ff8.jpg
4799,C:\Users\Setekh\Desktop\ISY5002-Project\datasets\raw-2026-week1\4799\20260920T054558Z_4799_0545_ea607b58f528.jpg
4799,C:\Users\Setekh\Desktop\ISY5002-Project\datasets\raw-2026-week1\4799\20260920T060019Z_4799_0600_65ed8c46f79a.jpg
4799,C:\Users\Setekh\Desktop\ISY5002-Project\datasets\raw-2026-week1\4799\20260920T060559Z_4799_0605_5cba0c6a7252.jpg
4799,C:\Users\Setekh\Desktop\ISY5002-Project\datasets\raw-2026-week1\4799\20260920T061539Z_4799_0615_c3288ea54554.jpg
4799,C:\Users\Setekh\Desktop\ISY5002-Project\datasets\raw-2026-week1\4799\20260920T063040Z_4799_0630_935c32526f36.jpg
4799,C:\Users\Setekh\Desktop\ISY5002-Project\datasets\raw-2026-week1\4799\20260920T064040Z_4799_0640_4e3cf5f5e1fa.jpg
4799,C:\Users\Setekh\Desktop\ISY5002-Project\datasets\raw-2026-week1\4799\20260920T065041Z_4799_0650_4b32ed62eb3f.jpg
4799,C:\Users\Setekh\Desktop\ISY5002-Project\datasets\raw-2026-week1\4799\20260920T070021Z_4799_0700_31136a6c6f3b.jpg
4799,C:\Users\Setekh\Desktop\ISY5002-Project\datasets\raw-2026-week1\4799\20260920T070601Z_4799_0706_7177e10f9175.jpg
4799,C:\Users\Setekh\Desktop\ISY5002-Project\datasets\raw-2026-week1\4799\20260920T071602Z_4799_0716_0beaff743f3d.jpg
4799,C:\Users\Setekh\Desktop\ISY5002-Project\datasets\raw-2026-week1\4799\20260920T073042Z_4799_0730_b5ad5a0b0dfd.jpg
4799,C:\Users\Setekh\Desktop\ISY5002-Project\datasets\raw-2026-week1\4799\20260920T074042Z_4799_0740_2a1bee77775f.jpg
4799,C:\Users\Setekh\Desktop\ISY5002-Project\datasets\raw-2026-week1\4799\20260920T075023Z_4799_0750_35bcc4c2c2c4.jpg
4799,C:\Users\Setekh\Desktop\ISY5002-Project\datasets\raw-2026-week1\4799\20260920T080043Z_4799_0800_5295adc6cae4.jpg
4799,C:\Users\Setekh\Desktop\ISY5002-Project\datasets\raw-2026-week1\4799\20260920T081044Z_4799_0810_090eead76f70.jpg
4799,C:\Users\Setekh\Desktop\ISY5002-Project\datasets\raw-2026-week1\4799\20260920T082044Z_4799_0820_ecfb03416b37.jpg
4799,C:\Users\Setekh\Desktop\ISY5002-Project\datasets\raw-2026-week1\4799\20260920T083044Z_4799_0830_61dd0bdb9021.jpg
4799,C:\Users\Setekh\Desktop\ISY5002-Project\datasets\raw-2026-week1\4799\20260920T084045Z_4799_0840_0684a2b02958.jpg
4799,C:\Users\Setekh\Desktop\ISY5002-Project\datasets\raw-2026-week1\4799\20260920T085045Z_4799_0850_441a0fc746a5.jpg
4799,C:\Users\Setekh\Desktop\ISY5002-Project\datasets\raw-2026-week1\4799\20260920T090045Z_4799_0900_f690b4454e6c.jpg
4799,C:\Users\Setekh\Desktop\ISY5002-Project\datasets\raw-2026-week1\4799\20260920T091046Z_4799_0910_a13094cba57a.jpg
4799,C:\Users\Setekh\Desktop\ISY5002-Project\datasets\raw-2026-week1\4799\20260920T092046Z_4799_0920_d0e9900722ab.jpg
4799,C:\Users\Setekh\Desktop\ISY5002-Project\datasets\raw-2026-week1\4799\20260920T093027Z_4799_0930_d89bbdd67f91.jpg
4799,C:\Users\Setekh\Desktop\ISY5002-Project\datasets\raw-2026-week1\4799\20260920T094027Z_4799_0940_a63c1b1d84ff.jpg
4799,C:\Users\Setekh\Desktop\ISY5002-Project\datasets\raw-2026-week1\4799\20260920T095027Z_4799_0950_578c5f3ebdcd.jpg
4799,C:\Users\Setekh\Desktop\ISY5002-Project\datasets\raw-2026-week1\4799\20260920T100028Z_4799_1000_1ad3d9118533.jpg
4799,C:\Users\Setekh\Desktop\ISY5002-Project\datasets\raw-2026-week1\4799\20260920T101028Z_4799_1010_bf03213cdb44.jpg
4799,C:\Users\Setekh\Desktop\ISY5002-Project\datasets\raw-2026-week1\4799\20260920T102048Z_4799_1020_6fd49be0cadc.jpg
4799,C:\Users\Setekh\Desktop\ISY5002-Project\datasets\raw-2026-week1\4799\20260920T103029Z_4799_1030_f4ccd571e771.jpg
4799,C:\Users\Setekh\Desktop\ISY5002-Project\datasets\raw-2026-week1\4799\20260920T104029Z_4799_1040_9b27b66ea119.jpg
4799,C:\Users\Setekh\Desktop\ISY5002-Project\datasets\raw-2026-week1\4799\20260920T105029Z_4799_1050_ae3139f67663.jpg
4799,C:\Users\Setekh\Desktop\ISY5002-Project\datasets\raw-2026-week1\4799\20260920T110030Z_4799_1100_9f06295add2d.jpg
4799,C:\Users\Setekh\Desktop\ISY5002-Project\datasets\raw-2026-week1\4799\20260920T111030Z_4799_1110_9a2787745dd1.jpg
4799,C:\Users\Setekh\Desktop\ISY5002-Project\datasets\raw-2026-week1\4799\20260920T112031Z_4799_1120_5576d6d89a3a.jpg
4799,C:\Users\Setekh\Desktop\ISY5002-Project\datasets\raw-2026-week1\4799\20260920T113051Z_4799_1130_8b3e5a279d83.jpg
4799,C:\Users\Setekh\Desktop\ISY5002-Project\datasets\raw-2026-week1\4799\20260920T114031Z_4799_1140_33e285356992.jpg
4799,C:\Users\Setekh\Desktop\ISY5002-Project\datasets\raw-2026-week1\4799\20260920T115052Z_4799_1150_7766a83b657c.jpg
4799,C:\Users\Setekh\Desktop\ISY5002-Project\datasets\raw-2026-week1\4799\20260920T120052Z_4799_1200_1e6f294562fc.jpg
4799,C:\Users\Setekh\Desktop\ISY5002-Project\datasets\raw-2026-week1\4799\20260920T121052Z_4799_1210_ab455519555a.jpg
4799,C:\Users\Setekh\Desktop\ISY5002-Project\datasets\raw-2026-week1\4799\20260920T121553Z_4799_1215_e3544f072164.jpg
4799,C:\Users\Setekh\Desktop\ISY5002-Project\datasets\raw-2026-week1\4799\20260920T123053Z_4799_1230_c9a7f40edef3.jpg
4799,C:\Users\Setekh\Desktop\ISY5002-Project\datasets\raw-2026-week1\4799\20260920T124034Z_4799_1240_d83aa1cc720c.jpg
4799,C:\Users\Setekh\Desktop\ISY5002-Project\datasets\raw-2026-week1\4799\20260920T125034Z_4799_1250_43940bf293d9.jpg
4799,C:\Users\Setekh\Desktop\ISY5002-Project\datasets\raw-2026-week1\4799\20260920T130054Z_4799_1300_f288783c49e5.jpg
4799,C:\Users\Setekh\Desktop\ISY5002-Project\datasets\raw-2026-week1\4799\20260920T130615Z_4799_1306_65d4886bf47e.jpg
4799,C:\Users\Setekh\Desktop\ISY5002-Project\datasets\raw-2026-week1\4799\20260920T131555Z_4799_1315_8cfc3ea0a24b.jpg
4799,C:\Users\Setekh\Desktop\ISY5002-Project\datasets\raw-2026-week1\4799\20260920T133055Z_4799_1330_db554e132323.jpg
4799,C:\Users\Setekh\Desktop\ISY5002-Project\datasets\raw-2026-week1\4799\20260920T133556Z_4799_1335_86f53dc59983.jpg
4799,C:\Users\Setekh\Desktop\ISY5002-Project\datasets\raw-2026-week1\4799\20260920T135036Z_4799_1350_70baef540057.jpg
4799,C:\Users\Setekh\Desktop\ISY5002-Project\datasets\raw-2026-week1\4799\20260920T135556Z_4799_1355_21c6c98e290c.jpg
4799,C:\Users\Setekh\Desktop\ISY5002-Project\datasets\raw-2026-week1\4799\20260920T140537Z_4799_1405_3173b693078a.jpg
4799,C:\Users\Setekh\Desktop\ISY5002-Project\datasets\raw-2026-week1\4799\20260920T142037Z_4799_1420_2634ad030ada.jpg
4799,C:\Users\Setekh\Desktop\ISY5002-Project\datasets\raw-2026-week1\4799\20260920T142537Z_4799_1425_c4dfd306efb0.jpg
4799,C:\Users\Setekh\Desktop\ISY5002-Project\datasets\raw-2026-week1\4799\20260920T143538Z_4799_1435_824d78ca0608.jpg
4799,C:\Users\Setekh\Desktop\ISY5002-Project\datasets\raw-2026-week1\4799\20260920T145018Z_4799_1450_9301eff6db19.jpg
4799,C:\Users\Setekh\Desktop\ISY5002-Project\datasets\raw-2026-week1\4799\20260920T145619Z_4799_1456_7219109b3200.jpg
4799,C:\Users\Setekh\Desktop\ISY5002-Project\datasets\raw-2026-week1\4799\20260920T150559Z_4799_1505_4126a3bf6181.jpg
4799,C:\Users\Setekh\Desktop\ISY5002-Project\datasets\raw-2026-week1\4799\20260920T152039Z_4799_1520_7aaf2e65024e.jpg
4799,C:\Users\Setekh\Desktop\ISY5002-Project\datasets\raw-2026-week1\4799\20260920T152600Z_4799_1526_ad80f78846fa.jpg
4799,C:\Users\Setekh\Desktop\ISY5002-Project\datasets\raw-2026-week1\4799\20260920T154040Z_4799_1540_adf8f18276db.jpg
4799,C:\Users\Setekh\Desktop\ISY5002-Project\datasets\raw-2026-week1\4799\20260920T155041Z_4799_1550_3ad26d5f703b.jpg
